{"type":"FeatureCollection","features":[{"type":"Feature","id":"kml_n_77.4033380523287_12.907346320528","properties":{"id":"kml_n_77.4033380523287_12.907346320528","degree":1,"number":1,"kind":"endpoint"},"geometry":{"type":"Point","coordinates":[77.4033380523287,12.907346320528]}},{"type":"Feature","id":"kml_n_77.4218942920709_12.9746062408088","properties":{"id":"kml_n_77.4218942920709_12.9746062408088","degree":1,"number":2,"kind":"endpoint"},"geometry":{"type":"Point","coordinates":[77.4218942920709,12.9746062408088]}},{"type":"Feature","id":"kml_n_77.4271840288338_13.078816952769","properties":{"id":"kml_n_77.4271840288338_13.078816952769","degree":1,"number":3,"kind":"endpoint"},"geometry":{"type":"Point","coordinates":[77.4271840288338,13.078816952769]}},{"type":"Feature","id":"kml_n_77.4286930725309_12.8577610085948","properties":{"id":"kml_n_77.4286930725309_12.8577610085948","degree":1,"number":4,"kind":"endpoint"},"geometry":{"type":"Point","coordinates":[77.4286930725309,12.8577610085948]}},{"type":"Feature","id":"kml_n_77.4288219482396_12.9063206896408","properties":{"id":"kml_n_77.4288219482396_12.9063206896408","degree":3,"number":5,"kind":"junction_candidate"},"geometry":{"type":"Point","coordinates":[77.4288219482396,12.9063206896408]}},{"type":"Feature","id":"kml_n_77.4289835561314_12.8823845618861","properties":{"id":"kml_n_77.4289835561314_12.8823845618861","degree":1,"number":6,"kind":"endpoint"},"geometry":{"type":"Point","coordinates":[77.4289835561314,12.8823845618861]}},{"type":"Feature","id":"kml_n_77.4306503290374_12.8711026599128","properties":{"id":"kml_n_77.4306503290374_12.8711026599128","degree":1,"number":7,"kind":"endpoint"},"geometry":{"type":"Point","coordinates":[77.4306503290374,12.8711026599128]}},{"type":"Feature","id":"kml_n_77.4307060170513_12.8710891096687","properties":{"id":"kml_n_77.4307060170513_12.8710891096687","degree":1,"number":8,"kind":"endpoint"},"geometry":{"type":"Point","coordinates":[77.4307060170513,12.8710891096687]}},{"type":"Feature","id":"kml_n_77.4309998832465_12.9013221923091","properties":{"id":"kml_n_77.4309998832465_12.9013221923091","degree":3,"number":9,"kind":"junction_candidate"},"geometry":{"type":"Point","coordinates":[77.4309998832465,12.9013221923091]}},{"type":"Feature","id":"kml_n_77.4315936817391_12.873298307285","properties":{"id":"kml_n_77.4315936817391_12.873298307285","degree":1,"number":10,"kind":"endpoint"},"geometry":{"type":"Point","coordinates":[77.4315936817391,12.873298307285]}},{"type":"Feature","id":"kml_n_77.4336058707376_12.8965029086317","properties":{"id":"kml_n_77.4336058707376_12.8965029086317","degree":3,"number":11,"kind":"junction_candidate"},"geometry":{"type":"Point","coordinates":[77.4336058707376,12.8965029086317]}},{"type":"Feature","id":"kml_n_77.4336464731831_12.896468623667","properties":{"id":"kml_n_77.4336464731831_12.896468623667","degree":1,"number":12,"kind":"endpoint"},"geometry":{"type":"Point","coordinates":[77.4336464731831,12.896468623667]}},{"type":"Feature","id":"kml_n_77.4347510750751_12.8732431570273","properties":{"id":"kml_n_77.4347510750751_12.8732431570273","degree":1,"number":13,"kind":"endpoint"},"geometry":{"type":"Point","coordinates":[77.4347510750751,12.8732431570273]}},{"type":"Feature","id":"kml_n_77.4347626986085_12.8732424336825","properties":{"id":"kml_n_77.4347626986085_12.8732424336825","degree":1,"number":14,"kind":"endpoint"},"geometry":{"type":"Point","coordinates":[77.4347626986085,12.8732424336825]}},{"type":"Feature","id":"kml_n_77.4348443866596_12.8958395811291","properties":{"id":"kml_n_77.4348443866596_12.8958395811291","degree":1,"number":15,"kind":"endpoint"},"geometry":{"type":"Point","coordinates":[77.4348443866596,12.8958395811291]}},{"type":"Feature","id":"kml_n_77.4349419098452_12.8957868425748","properties":{"id":"kml_n_77.4349419098452_12.8957868425748","degree":3,"number":16,"kind":"junction_candidate"},"geometry":{"type":"Point","coordinates":[77.4349419098452,12.8957868425748]}},{"type":"Feature","id":"kml_n_77.4358210266827_12.8816525894989","properties":{"id":"kml_n_77.4358210266827_12.8816525894989","degree":4,"number":17,"kind":"junction_candidate"},"geometry":{"type":"Point","coordinates":[77.4358210266827,12.8816525894989]}},{"type":"Feature","id":"kml_n_77.4358512005007_12.8817370173515","properties":{"id":"kml_n_77.4358512005007_12.8817370173515","degree":1,"number":18,"kind":"endpoint"},"geometry":{"type":"Point","coordinates":[77.4358512005007,12.8817370173515]}},{"type":"Feature","id":"kml_n_77.4367502454412_12.8947480059521","properties":{"id":"kml_n_77.4367502454412_12.8947480059521","degree":3,"number":19,"kind":"junction_candidate"},"geometry":{"type":"Point","coordinates":[77.4367502454412,12.8947480059521]}},{"type":"Feature","id":"kml_n_77.4368166179737_12.8961883938021","properties":{"id":"kml_n_77.4368166179737_12.8961883938021","degree":3,"number":20,"kind":"junction_candidate"},"geometry":{"type":"Point","coordinates":[77.4368166179737,12.8961883938021]}},{"type":"Feature","id":"kml_n_77.4369218416282_12.8938574182702","properties":{"id":"kml_n_77.4369218416282_12.8938574182702","degree":1,"number":21,"kind":"endpoint"},"geometry":{"type":"Point","coordinates":[77.4369218416282,12.8938574182702]}},{"type":"Feature","id":"kml_n_77.4369234362523_12.8938438494442","properties":{"id":"kml_n_77.4369234362523_12.8938438494442","degree":1,"number":22,"kind":"endpoint"},"geometry":{"type":"Point","coordinates":[77.4369234362523,12.8938438494442]}},{"type":"Feature","id":"kml_n_77.436959558546_12.900293959534","properties":{"id":"kml_n_77.436959558546_12.900293959534","degree":3,"number":23,"kind":"junction_candidate"},"geometry":{"type":"Point","coordinates":[77.436959558546,12.900293959534]}},{"type":"Feature","id":"kml_n_77.4374824153373_12.9030672357086","properties":{"id":"kml_n_77.4374824153373_12.9030672357086","degree":3,"number":24,"kind":"junction_candidate"},"geometry":{"type":"Point","coordinates":[77.4374824153373,12.9030672357086]}},{"type":"Feature","id":"kml_n_77.4376913725053_12.8892105822955","properties":{"id":"kml_n_77.4376913725053_12.8892105822955","degree":3,"number":25,"kind":"junction_candidate"},"geometry":{"type":"Point","coordinates":[77.4376913725053,12.8892105822955]}},{"type":"Feature","id":"kml_n_77.4377104143812_12.9128746025352","properties":{"id":"kml_n_77.4377104143812_12.9128746025352","degree":1,"number":26,"kind":"endpoint"},"geometry":{"type":"Point","coordinates":[77.4377104143812,12.9128746025352]}},{"type":"Feature","id":"kml_n_77.4383030625691_12.9172598046064","properties":{"id":"kml_n_77.4383030625691_12.9172598046064","degree":1,"number":27,"kind":"endpoint"},"geometry":{"type":"Point","coordinates":[77.4383030625691,12.9172598046064]}},{"type":"Feature","id":"kml_n_77.4384413259806_12.9040597239205","properties":{"id":"kml_n_77.4384413259806_12.9040597239205","degree":3,"number":28,"kind":"junction_candidate"},"geometry":{"type":"Point","coordinates":[77.4384413259806,12.9040597239205]}},{"type":"Feature","id":"kml_n_77.4385038100971_12.9422308670537","properties":{"id":"kml_n_77.4385038100971_12.9422308670537","degree":3,"number":29,"kind":"junction_candidate"},"geometry":{"type":"Point","coordinates":[77.4385038100971,12.9422308670537]}},{"type":"Feature","id":"kml_n_77.4385505061882_12.8808610189185","properties":{"id":"kml_n_77.4385505061882_12.8808610189185","degree":3,"number":30,"kind":"junction_candidate"},"geometry":{"type":"Point","coordinates":[77.4385505061882,12.8808610189185]}},{"type":"Feature","id":"kml_n_77.4388585250505_12.9127786630526","properties":{"id":"kml_n_77.4388585250505_12.9127786630526","degree":3,"number":31,"kind":"junction_candidate"},"geometry":{"type":"Point","coordinates":[77.4388585250505,12.9127786630526]}},{"type":"Feature","id":"kml_n_77.4389007076594_12.8806099708314","properties":{"id":"kml_n_77.4389007076594_12.8806099708314","degree":4,"number":32,"kind":"junction_candidate"},"geometry":{"type":"Point","coordinates":[77.4389007076594,12.8806099708314]}},{"type":"Feature","id":"kml_n_77.438938742098_12.9040173151325","properties":{"id":"kml_n_77.438938742098_12.9040173151325","degree":3,"number":33,"kind":"junction_candidate"},"geometry":{"type":"Point","coordinates":[77.438938742098,12.9040173151325]}},{"type":"Feature","id":"kml_n_77.4389528172272_12.9488700531213","properties":{"id":"kml_n_77.4389528172272_12.9488700531213","degree":3,"number":34,"kind":"junction_candidate"},"geometry":{"type":"Point","coordinates":[77.4389528172272,12.9488700531213]}},{"type":"Feature","id":"kml_n_77.4391599104865_12.9546512051192","properties":{"id":"kml_n_77.4391599104865_12.9546512051192","degree":3,"number":35,"kind":"junction_candidate"},"geometry":{"type":"Point","coordinates":[77.4391599104865,12.9546512051192]}},{"type":"Feature","id":"kml_n_77.4394356416796_12.8721683379165","properties":{"id":"kml_n_77.4394356416796_12.8721683379165","degree":1,"number":36,"kind":"endpoint"},"geometry":{"type":"Point","coordinates":[77.4394356416796,12.8721683379165]}},{"type":"Feature","id":"kml_n_77.439459740931_12.8722200669149","properties":{"id":"kml_n_77.439459740931_12.8722200669149","degree":4,"number":37,"kind":"junction_candidate"},"geometry":{"type":"Point","coordinates":[77.439459740931,12.8722200669149]}},{"type":"Feature","id":"kml_n_77.4395041530194_12.8722948186343","properties":{"id":"kml_n_77.4395041530194_12.8722948186343","degree":4,"number":38,"kind":"junction_candidate"},"geometry":{"type":"Point","coordinates":[77.4395041530194,12.8722948186343]}},{"type":"Feature","id":"kml_n_77.4411299526767_12.8953745402956","properties":{"id":"kml_n_77.4411299526767_12.8953745402956","degree":3,"number":39,"kind":"junction_candidate"},"geometry":{"type":"Point","coordinates":[77.4411299526767,12.8953745402956]}},{"type":"Feature","id":"kml_n_77.4411528682858_12.869103023177","properties":{"id":"kml_n_77.4411528682858_12.869103023177","degree":1,"number":40,"kind":"endpoint"},"geometry":{"type":"Point","coordinates":[77.4411528682858,12.869103023177]}},{"type":"Feature","id":"kml_n_77.4411530031561_12.8691030661939","properties":{"id":"kml_n_77.4411530031561_12.8691030661939","degree":1,"number":41,"kind":"endpoint"},"geometry":{"type":"Point","coordinates":[77.4411530031561,12.8691030661939]}},{"type":"Feature","id":"kml_n_77.4412119651218_12.9116441702057","properties":{"id":"kml_n_77.4412119651218_12.9116441702057","degree":3,"number":42,"kind":"junction_candidate"},"geometry":{"type":"Point","coordinates":[77.4412119651218,12.9116441702057]}},{"type":"Feature","id":"kml_n_77.4416929653595_12.8980801155139","properties":{"id":"kml_n_77.4416929653595_12.8980801155139","degree":1,"number":43,"kind":"endpoint"},"geometry":{"type":"Point","coordinates":[77.4416929653595,12.8980801155139]}},{"type":"Feature","id":"kml_n_77.4430643945241_12.8707843010969","properties":{"id":"kml_n_77.4430643945241_12.8707843010969","degree":1,"number":44,"kind":"endpoint"},"geometry":{"type":"Point","coordinates":[77.4430643945241,12.8707843010969]}},{"type":"Feature","id":"kml_n_77.4430643963658_12.8707843010798","properties":{"id":"kml_n_77.4430643963658_12.8707843010798","degree":1,"number":45,"kind":"endpoint"},"geometry":{"type":"Point","coordinates":[77.4430643963658,12.8707843010798]}},{"type":"Feature","id":"kml_n_77.4433430385407_12.9756928152616","properties":{"id":"kml_n_77.4433430385407_12.9756928152616","degree":1,"number":46,"kind":"endpoint"},"geometry":{"type":"Point","coordinates":[77.4433430385407,12.9756928152616]}},{"type":"Feature","id":"kml_n_77.4437759116429_12.9165376837171","properties":{"id":"kml_n_77.4437759116429_12.9165376837171","degree":3,"number":47,"kind":"junction_candidate"},"geometry":{"type":"Point","coordinates":[77.4437759116429,12.9165376837171]}},{"type":"Feature","id":"kml_n_77.4437848174597_12.8880322130955","properties":{"id":"kml_n_77.4437848174597_12.8880322130955","degree":3,"number":48,"kind":"junction_candidate"},"geometry":{"type":"Point","coordinates":[77.4437848174597,12.8880322130955]}},{"type":"Feature","id":"kml_n_77.444054364903_12.9355749168398","properties":{"id":"kml_n_77.444054364903_12.9355749168398","degree":3,"number":49,"kind":"junction_candidate"},"geometry":{"type":"Point","coordinates":[77.444054364903,12.9355749168398]}},{"type":"Feature","id":"kml_n_77.4442636252092_12.9186972145969","properties":{"id":"kml_n_77.4442636252092_12.9186972145969","degree":4,"number":50,"kind":"junction_candidate"},"geometry":{"type":"Point","coordinates":[77.4442636252092,12.9186972145969]}},{"type":"Feature","id":"kml_n_77.4442736663976_12.9293305901765","properties":{"id":"kml_n_77.4442736663976_12.9293305901765","degree":1,"number":51,"kind":"endpoint"},"geometry":{"type":"Point","coordinates":[77.4442736663976,12.9293305901765]}},{"type":"Feature","id":"kml_n_77.4442739201933_12.9115745325152","properties":{"id":"kml_n_77.4442739201933_12.9115745325152","degree":1,"number":52,"kind":"endpoint"},"geometry":{"type":"Point","coordinates":[77.4442739201933,12.9115745325152]}},{"type":"Feature","id":"kml_n_77.444838898065_12.8774669836977","properties":{"id":"kml_n_77.444838898065_12.8774669836977","degree":3,"number":53,"kind":"junction_candidate"},"geometry":{"type":"Point","coordinates":[77.444838898065,12.8774669836977]}},{"type":"Feature","id":"kml_n_77.4449335623865_12.9541834526682","properties":{"id":"kml_n_77.4449335623865_12.9541834526682","degree":4,"number":54,"kind":"junction_candidate"},"geometry":{"type":"Point","coordinates":[77.4449335623865,12.9541834526682]}},{"type":"Feature","id":"kml_n_77.4453064034797_12.8953886909516","properties":{"id":"kml_n_77.4453064034797_12.8953886909516","degree":3,"number":55,"kind":"junction_candidate"},"geometry":{"type":"Point","coordinates":[77.4453064034797,12.8953886909516]}},{"type":"Feature","id":"kml_n_77.4454336962968_12.8783919773998","properties":{"id":"kml_n_77.4454336962968_12.8783919773998","degree":3,"number":56,"kind":"junction_candidate"},"geometry":{"type":"Point","coordinates":[77.4454336962968,12.8783919773998]}},{"type":"Feature","id":"kml_n_77.4468302965546_12.9035111182114","properties":{"id":"kml_n_77.4468302965546_12.9035111182114","degree":1,"number":57,"kind":"endpoint"},"geometry":{"type":"Point","coordinates":[77.4468302965546,12.9035111182114]}},{"type":"Feature","id":"kml_n_77.4478342868696_12.8754139501415","properties":{"id":"kml_n_77.4478342868696_12.8754139501415","degree":3,"number":58,"kind":"junction_candidate"},"geometry":{"type":"Point","coordinates":[77.4478342868696,12.8754139501415]}},{"type":"Feature","id":"kml_n_77.4481992689173_12.9747300593428","properties":{"id":"kml_n_77.4481992689173_12.9747300593428","degree":1,"number":59,"kind":"endpoint"},"geometry":{"type":"Point","coordinates":[77.4481992689173,12.9747300593428]}},{"type":"Feature","id":"kml_n_77.448280497966_12.9688441355501","properties":{"id":"kml_n_77.448280497966_12.9688441355501","degree":3,"number":60,"kind":"junction_candidate"},"geometry":{"type":"Point","coordinates":[77.448280497966,12.9688441355501]}},{"type":"Feature","id":"kml_n_77.4483845736769_12.8832984099674","properties":{"id":"kml_n_77.4483845736769_12.8832984099674","degree":3,"number":61,"kind":"junction_candidate"},"geometry":{"type":"Point","coordinates":[77.4483845736769,12.8832984099674]}},{"type":"Feature","id":"kml_n_77.4493082980051_12.9889299274655","properties":{"id":"kml_n_77.4493082980051_12.9889299274655","degree":4,"number":62,"kind":"junction_candidate"},"geometry":{"type":"Point","coordinates":[77.4493082980051,12.9889299274655]}},{"type":"Feature","id":"kml_n_77.4493525498727_12.8877652210665","properties":{"id":"kml_n_77.4493525498727_12.8877652210665","degree":3,"number":63,"kind":"junction_candidate"},"geometry":{"type":"Point","coordinates":[77.4493525498727,12.8877652210665]}},{"type":"Feature","id":"kml_n_77.4495310864979_12.9404472797375","properties":{"id":"kml_n_77.4495310864979_12.9404472797375","degree":4,"number":64,"kind":"junction_candidate"},"geometry":{"type":"Point","coordinates":[77.4495310864979,12.9404472797375]}},{"type":"Feature","id":"kml_n_77.4495338249058_12.8876551006189","properties":{"id":"kml_n_77.4495338249058_12.8876551006189","degree":3,"number":65,"kind":"junction_candidate"},"geometry":{"type":"Point","coordinates":[77.4495338249058,12.8876551006189]}},{"type":"Feature","id":"kml_n_77.4498006016221_12.9034498467522","properties":{"id":"kml_n_77.4498006016221_12.9034498467522","degree":3,"number":66,"kind":"junction_candidate"},"geometry":{"type":"Point","coordinates":[77.4498006016221,12.9034498467522]}},{"type":"Feature","id":"kml_n_77.4499543712675_12.9052994513401","properties":{"id":"kml_n_77.4499543712675_12.9052994513401","degree":1,"number":67,"kind":"endpoint"},"geometry":{"type":"Point","coordinates":[77.4499543712675,12.9052994513401]}},{"type":"Feature","id":"kml_n_77.4499876418758_12.9063425538293","properties":{"id":"kml_n_77.4499876418758_12.9063425538293","degree":1,"number":68,"kind":"endpoint"},"geometry":{"type":"Point","coordinates":[77.4499876418758,12.9063425538293]}},{"type":"Feature","id":"kml_n_77.4500330084344_12.9052996556469","properties":{"id":"kml_n_77.4500330084344_12.9052996556469","degree":4,"number":69,"kind":"junction_candidate"},"geometry":{"type":"Point","coordinates":[77.4500330084344,12.9052996556469]}},{"type":"Feature","id":"kml_n_77.4502270449912_12.9105051000389","properties":{"id":"kml_n_77.4502270449912_12.9105051000389","degree":4,"number":70,"kind":"junction_candidate"},"geometry":{"type":"Point","coordinates":[77.4502270449912,12.9105051000389]}},{"type":"Feature","id":"kml_n_77.450424563973_13.009537700641","properties":{"id":"kml_n_77.450424563973_13.009537700641","degree":1,"number":71,"kind":"endpoint"},"geometry":{"type":"Point","coordinates":[77.450424563973,13.009537700641]}},{"type":"Feature","id":"kml_n_77.4505011033827_12.9135396184278","properties":{"id":"kml_n_77.4505011033827_12.9135396184278","degree":1,"number":72,"kind":"endpoint"},"geometry":{"type":"Point","coordinates":[77.4505011033827,12.9135396184278]}},{"type":"Feature","id":"kml_n_77.4510431244241_12.8866922622862","properties":{"id":"kml_n_77.4510431244241_12.8866922622862","degree":3,"number":73,"kind":"junction_candidate"},"geometry":{"type":"Point","coordinates":[77.4510431244241,12.8866922622862]}},{"type":"Feature","id":"kml_n_77.451120732223_12.9013746688438","properties":{"id":"kml_n_77.451120732223_12.9013746688438","degree":3,"number":74,"kind":"junction_candidate"},"geometry":{"type":"Point","coordinates":[77.451120732223,12.9013746688438]}},{"type":"Feature","id":"kml_n_77.4512638948994_12.918673643982","properties":{"id":"kml_n_77.4512638948994_12.918673643982","degree":3,"number":75,"kind":"junction_candidate"},"geometry":{"type":"Point","coordinates":[77.4512638948994,12.918673643982]}},{"type":"Feature","id":"kml_n_77.4513028839291_12.9185481863553","properties":{"id":"kml_n_77.4513028839291_12.9185481863553","degree":3,"number":76,"kind":"junction_candidate"},"geometry":{"type":"Point","coordinates":[77.4513028839291,12.9185481863553]}},{"type":"Feature","id":"kml_n_77.4516160903341_12.9172147979471","properties":{"id":"kml_n_77.4516160903341_12.9172147979471","degree":1,"number":77,"kind":"endpoint"},"geometry":{"type":"Point","coordinates":[77.4516160903341,12.9172147979471]}},{"type":"Feature","id":"kml_n_77.4524016623008_12.9536871442753","properties":{"id":"kml_n_77.4524016623008_12.9536871442753","degree":1,"number":78,"kind":"endpoint"},"geometry":{"type":"Point","coordinates":[77.4524016623008,12.9536871442753]}},{"type":"Feature","id":"kml_n_77.453150228486_12.896713534693","properties":{"id":"kml_n_77.453150228486_12.896713534693","degree":4,"number":79,"kind":"junction_candidate"},"geometry":{"type":"Point","coordinates":[77.453150228486,12.896713534693]}},{"type":"Feature","id":"kml_n_77.4531691241684_12.8967491777935","properties":{"id":"kml_n_77.4531691241684_12.8967491777935","degree":1,"number":80,"kind":"endpoint"},"geometry":{"type":"Point","coordinates":[77.4531691241684,12.8967491777935]}},{"type":"Feature","id":"kml_n_77.4535267975238_12.9745936662149","properties":{"id":"kml_n_77.4535267975238_12.9745936662149","degree":4,"number":81,"kind":"junction_candidate"},"geometry":{"type":"Point","coordinates":[77.4535267975238,12.9745936662149]}},{"type":"Feature","id":"kml_n_77.4537071028634_12.8897692188536","properties":{"id":"kml_n_77.4537071028634_12.8897692188536","degree":3,"number":82,"kind":"junction_candidate"},"geometry":{"type":"Point","coordinates":[77.4537071028634,12.8897692188536]}},{"type":"Feature","id":"kml_n_77.453942330073_12.9095897243468","properties":{"id":"kml_n_77.453942330073_12.9095897243468","degree":1,"number":83,"kind":"endpoint"},"geometry":{"type":"Point","coordinates":[77.453942330073,12.9095897243468]}},{"type":"Feature","id":"kml_n_77.4542544529385_12.9054855932429","properties":{"id":"kml_n_77.4542544529385_12.9054855932429","degree":1,"number":84,"kind":"endpoint"},"geometry":{"type":"Point","coordinates":[77.4542544529385,12.9054855932429]}},{"type":"Feature","id":"kml_n_77.4542826093434_12.9631314367089","properties":{"id":"kml_n_77.4542826093434_12.9631314367089","degree":4,"number":85,"kind":"junction_candidate"},"geometry":{"type":"Point","coordinates":[77.4542826093434,12.9631314367089]}},{"type":"Feature","id":"kml_n_77.4545938355885_12.9680095447707","properties":{"id":"kml_n_77.4545938355885_12.9680095447707","degree":1,"number":86,"kind":"endpoint"},"geometry":{"type":"Point","coordinates":[77.4545938355885,12.9680095447707]}},{"type":"Feature","id":"kml_n_77.4551411937941_12.8908032860469","properties":{"id":"kml_n_77.4551411937941_12.8908032860469","degree":3,"number":87,"kind":"junction_candidate"},"geometry":{"type":"Point","coordinates":[77.4551411937941,12.8908032860469]}},{"type":"Feature","id":"kml_n_77.4554524600188_12.9013560295287","properties":{"id":"kml_n_77.4554524600188_12.9013560295287","degree":3,"number":88,"kind":"junction_candidate"},"geometry":{"type":"Point","coordinates":[77.4554524600188,12.9013560295287]}},{"type":"Feature","id":"kml_n_77.4571273415463_12.8919893305294","properties":{"id":"kml_n_77.4571273415463_12.8919893305294","degree":3,"number":89,"kind":"junction_candidate"},"geometry":{"type":"Point","coordinates":[77.4571273415463,12.8919893305294]}},{"type":"Feature","id":"kml_n_77.4588037278834_12.8869959151","properties":{"id":"kml_n_77.4588037278834_12.8869959151","degree":3,"number":90,"kind":"junction_candidate"},"geometry":{"type":"Point","coordinates":[77.4588037278834,12.8869959151]}},{"type":"Feature","id":"kml_n_77.4588168040889_12.8869669761253","properties":{"id":"kml_n_77.4588168040889_12.8869669761253","degree":1,"number":91,"kind":"endpoint"},"geometry":{"type":"Point","coordinates":[77.4588168040889,12.8869669761253]}},{"type":"Feature","id":"kml_n_77.4589846875993_12.9201268784272","properties":{"id":"kml_n_77.4589846875993_12.9201268784272","degree":4,"number":92,"kind":"junction_candidate"},"geometry":{"type":"Point","coordinates":[77.4589846875993,12.9201268784272]}},{"type":"Feature","id":"kml_n_77.4591598884881_12.8854486690608","properties":{"id":"kml_n_77.4591598884881_12.8854486690608","degree":6,"number":93,"kind":"junction_candidate"},"geometry":{"type":"Point","coordinates":[77.4591598884881,12.8854486690608]}},{"type":"Feature","id":"kml_n_77.4593711599996_12.8805098469664","properties":{"id":"kml_n_77.4593711599996_12.8805098469664","degree":3,"number":94,"kind":"junction_candidate"},"geometry":{"type":"Point","coordinates":[77.4593711599996,12.8805098469664]}},{"type":"Feature","id":"kml_n_77.4603125580024_12.8803521241232","properties":{"id":"kml_n_77.4603125580024_12.8803521241232","degree":3,"number":95,"kind":"junction_candidate"},"geometry":{"type":"Point","coordinates":[77.4603125580024,12.8803521241232]}},{"type":"Feature","id":"kml_n_77.460322871922_12.8803474309763","properties":{"id":"kml_n_77.460322871922_12.8803474309763","degree":1,"number":96,"kind":"endpoint"},"geometry":{"type":"Point","coordinates":[77.460322871922,12.8803474309763]}},{"type":"Feature","id":"kml_n_77.4614379622887_12.8854188354076","properties":{"id":"kml_n_77.4614379622887_12.8854188354076","degree":4,"number":97,"kind":"junction_candidate"},"geometry":{"type":"Point","coordinates":[77.4614379622887,12.8854188354076]}},{"type":"Feature","id":"kml_n_77.4615480380821_12.8971786568481","properties":{"id":"kml_n_77.4615480380821_12.8971786568481","degree":3,"number":98,"kind":"junction_candidate"},"geometry":{"type":"Point","coordinates":[77.4615480380821,12.8971786568481]}},{"type":"Feature","id":"kml_n_77.4622160817965_12.8894392322741","properties":{"id":"kml_n_77.4622160817965_12.8894392322741","degree":3,"number":99,"kind":"junction_candidate"},"geometry":{"type":"Point","coordinates":[77.4622160817965,12.8894392322741]}},{"type":"Feature","id":"kml_n_77.462226690468_12.9386726395518","properties":{"id":"kml_n_77.462226690468_12.9386726395518","degree":3,"number":100,"kind":"junction_candidate"},"geometry":{"type":"Point","coordinates":[77.462226690468,12.9386726395518]}},{"type":"Feature","id":"kml_n_77.4622340682198_12.938671343801","properties":{"id":"kml_n_77.4622340682198_12.938671343801","degree":1,"number":101,"kind":"endpoint"},"geometry":{"type":"Point","coordinates":[77.4622340682198,12.938671343801]}},{"type":"Feature","id":"kml_n_77.4632107433961_12.8798355642748","properties":{"id":"kml_n_77.4632107433961_12.8798355642748","degree":1,"number":102,"kind":"endpoint"},"geometry":{"type":"Point","coordinates":[77.4632107433961,12.8798355642748]}},{"type":"Feature","id":"kml_n_77.4636210342988_12.9528826721846","properties":{"id":"kml_n_77.4636210342988_12.9528826721846","degree":3,"number":103,"kind":"junction_candidate"},"geometry":{"type":"Point","coordinates":[77.4636210342988,12.9528826721846]}},{"type":"Feature","id":"kml_n_77.4640236334919_12.9449573522145","properties":{"id":"kml_n_77.4640236334919_12.9449573522145","degree":1,"number":104,"kind":"endpoint"},"geometry":{"type":"Point","coordinates":[77.4640236334919,12.9449573522145]}},{"type":"Feature","id":"kml_n_77.4640384975841_12.944952092339","properties":{"id":"kml_n_77.4640384975841_12.944952092339","degree":3,"number":105,"kind":"junction_candidate"},"geometry":{"type":"Point","coordinates":[77.4640384975841,12.944952092339]}},{"type":"Feature","id":"kml_n_77.4641811495113_12.9618115026898","properties":{"id":"kml_n_77.4641811495113_12.9618115026898","degree":4,"number":106,"kind":"junction_candidate"},"geometry":{"type":"Point","coordinates":[77.4641811495113,12.9618115026898]}},{"type":"Feature","id":"kml_n_77.4643036920477_12.9719890438711","properties":{"id":"kml_n_77.4643036920477_12.9719890438711","degree":3,"number":107,"kind":"junction_candidate"},"geometry":{"type":"Point","coordinates":[77.4643036920477,12.9719890438711]}},{"type":"Feature","id":"kml_n_77.4643189718434_12.9720289185626","properties":{"id":"kml_n_77.4643189718434_12.9720289185626","degree":1,"number":108,"kind":"endpoint"},"geometry":{"type":"Point","coordinates":[77.4643189718434,12.9720289185626]}},{"type":"Feature","id":"kml_n_77.4643423631743_12.9646372556881","properties":{"id":"kml_n_77.4643423631743_12.9646372556881","degree":1,"number":109,"kind":"endpoint"},"geometry":{"type":"Point","coordinates":[77.4643423631743,12.9646372556881]}},{"type":"Feature","id":"kml_n_77.4643591813309_12.9646492053603","properties":{"id":"kml_n_77.4643591813309_12.9646492053603","degree":1,"number":110,"kind":"endpoint"},"geometry":{"type":"Point","coordinates":[77.4643591813309,12.9646492053603]}},{"type":"Feature","id":"kml_n_77.464400912702_12.9720468919709","properties":{"id":"kml_n_77.464400912702_12.9720468919709","degree":1,"number":111,"kind":"endpoint"},"geometry":{"type":"Point","coordinates":[77.464400912702,12.9720468919709]}},{"type":"Feature","id":"kml_n_77.4652894346002_12.9914812629414","properties":{"id":"kml_n_77.4652894346002_12.9914812629414","degree":1,"number":112,"kind":"endpoint"},"geometry":{"type":"Point","coordinates":[77.4652894346002,12.9914812629414]}},{"type":"Feature","id":"kml_n_77.4653072234092_12.9914773661957","properties":{"id":"kml_n_77.4653072234092_12.9914773661957","degree":1,"number":113,"kind":"endpoint"},"geometry":{"type":"Point","coordinates":[77.4653072234092,12.9914773661957]}},{"type":"Feature","id":"kml_n_77.4661070996507_12.9003306262673","properties":{"id":"kml_n_77.4661070996507_12.9003306262673","degree":3,"number":114,"kind":"junction_candidate"},"geometry":{"type":"Point","coordinates":[77.4661070996507,12.9003306262673]}},{"type":"Feature","id":"kml_n_77.467811915074_12.9818463713501","properties":{"id":"kml_n_77.467811915074_12.9818463713501","degree":1,"number":115,"kind":"endpoint"},"geometry":{"type":"Point","coordinates":[77.467811915074,12.9818463713501]}},{"type":"Feature","id":"kml_n_77.4678303367081_12.981874452031","properties":{"id":"kml_n_77.4678303367081_12.981874452031","degree":1,"number":116,"kind":"endpoint"},"geometry":{"type":"Point","coordinates":[77.4678303367081,12.981874452031]}},{"type":"Feature","id":"kml_n_77.4686405796833_12.8854116847855","properties":{"id":"kml_n_77.4686405796833_12.8854116847855","degree":3,"number":117,"kind":"junction_candidate"},"geometry":{"type":"Point","coordinates":[77.4686405796833,12.8854116847855]}},{"type":"Feature","id":"kml_n_77.4689660697113_12.9437560355245","properties":{"id":"kml_n_77.4689660697113_12.9437560355245","degree":3,"number":118,"kind":"junction_candidate"},"geometry":{"type":"Point","coordinates":[77.4689660697113,12.9437560355245]}},{"type":"Feature","id":"kml_n_77.4690146846187_12.9437431155051","properties":{"id":"kml_n_77.4690146846187_12.9437431155051","degree":3,"number":119,"kind":"junction_candidate"},"geometry":{"type":"Point","coordinates":[77.4690146846187,12.9437431155051]}},{"type":"Feature","id":"kml_n_77.4693577413653_12.9133440444216","properties":{"id":"kml_n_77.4693577413653_12.9133440444216","degree":3,"number":120,"kind":"junction_candidate"},"geometry":{"type":"Point","coordinates":[77.4693577413653,12.9133440444216]}},{"type":"Feature","id":"kml_n_77.4698133957229_12.9376998057904","properties":{"id":"kml_n_77.4698133957229_12.9376998057904","degree":1,"number":121,"kind":"endpoint"},"geometry":{"type":"Point","coordinates":[77.4698133957229,12.9376998057904]}},{"type":"Feature","id":"kml_n_77.469864559791_12.937728953727","properties":{"id":"kml_n_77.469864559791_12.937728953727","degree":1,"number":122,"kind":"endpoint"},"geometry":{"type":"Point","coordinates":[77.469864559791,12.937728953727]}},{"type":"Feature","id":"kml_n_77.4710266611054_12.9190193161476","properties":{"id":"kml_n_77.4710266611054_12.9190193161476","degree":3,"number":123,"kind":"junction_candidate"},"geometry":{"type":"Point","coordinates":[77.4710266611054,12.9190193161476]}},{"type":"Feature","id":"kml_n_77.471745854298_12.9607987641466","properties":{"id":"kml_n_77.471745854298_12.9607987641466","degree":1,"number":124,"kind":"endpoint"},"geometry":{"type":"Point","coordinates":[77.471745854298,12.9607987641466]}},{"type":"Feature","id":"kml_n_77.4717626849503_12.9607893984404","properties":{"id":"kml_n_77.4717626849503_12.9607893984404","degree":1,"number":125,"kind":"endpoint"},"geometry":{"type":"Point","coordinates":[77.4717626849503,12.9607893984404]}},{"type":"Feature","id":"kml_n_77.4722366901143_12.8855440501977","properties":{"id":"kml_n_77.4722366901143_12.8855440501977","degree":3,"number":126,"kind":"junction_candidate"},"geometry":{"type":"Point","coordinates":[77.4722366901143,12.8855440501977]}},{"type":"Feature","id":"kml_n_77.4725911070625_12.9242031133528","properties":{"id":"kml_n_77.4725911070625_12.9242031133528","degree":4,"number":127,"kind":"junction_candidate"},"geometry":{"type":"Point","coordinates":[77.4725911070625,12.9242031133528]}},{"type":"Feature","id":"kml_n_77.4725915898306_12.9886728227684","properties":{"id":"kml_n_77.4725915898306_12.9886728227684","degree":3,"number":128,"kind":"junction_candidate"},"geometry":{"type":"Point","coordinates":[77.4725915898306,12.9886728227684]}},{"type":"Feature","id":"kml_n_77.4746528257615_12.9693911275185","properties":{"id":"kml_n_77.4746528257615_12.9693911275185","degree":1,"number":129,"kind":"endpoint"},"geometry":{"type":"Point","coordinates":[77.4746528257615,12.9693911275185]}},{"type":"Feature","id":"kml_n_77.4751108186457_12.9874855779334","properties":{"id":"kml_n_77.4751108186457_12.9874855779334","degree":3,"number":130,"kind":"junction_candidate"},"geometry":{"type":"Point","coordinates":[77.4751108186457,12.9874855779334]}},{"type":"Feature","id":"kml_n_77.4753544346796_13.02953894512","properties":{"id":"kml_n_77.4753544346796_13.02953894512","degree":1,"number":131,"kind":"endpoint"},"geometry":{"type":"Point","coordinates":[77.4753544346796,13.02953894512]}},{"type":"Feature","id":"kml_n_77.4754989189589_13.0401903464009","properties":{"id":"kml_n_77.4754989189589_13.0401903464009","degree":1,"number":132,"kind":"endpoint"},"geometry":{"type":"Point","coordinates":[77.4754989189589,13.0401903464009]}},{"type":"Feature","id":"kml_n_77.4759696273714_12.9075130734954","properties":{"id":"kml_n_77.4759696273714_12.9075130734954","degree":4,"number":133,"kind":"junction_candidate"},"geometry":{"type":"Point","coordinates":[77.4759696273714,12.9075130734954]}},{"type":"Feature","id":"kml_n_77.4759934750766_12.907581097095","properties":{"id":"kml_n_77.4759934750766_12.907581097095","degree":3,"number":134,"kind":"junction_candidate"},"geometry":{"type":"Point","coordinates":[77.4759934750766,12.907581097095]}},{"type":"Feature","id":"kml_n_77.4774589996805_12.9518328411834","properties":{"id":"kml_n_77.4774589996805_12.9518328411834","degree":3,"number":135,"kind":"junction_candidate"},"geometry":{"type":"Point","coordinates":[77.4774589996805,12.9518328411834]}},{"type":"Feature","id":"kml_n_77.4776507456408_12.9518282905579","properties":{"id":"kml_n_77.4776507456408_12.9518282905579","degree":3,"number":136,"kind":"junction_candidate"},"geometry":{"type":"Point","coordinates":[77.4776507456408,12.9518282905579]}},{"type":"Feature","id":"kml_n_77.4781100010695_12.936245081357","properties":{"id":"kml_n_77.4781100010695_12.936245081357","degree":4,"number":137,"kind":"junction_candidate"},"geometry":{"type":"Point","coordinates":[77.4781100010695,12.936245081357]}},{"type":"Feature","id":"kml_n_77.478490993455_12.9090320228789","properties":{"id":"kml_n_77.478490993455_12.9090320228789","degree":1,"number":138,"kind":"endpoint"},"geometry":{"type":"Point","coordinates":[77.478490993455,12.9090320228789]}},{"type":"Feature","id":"kml_n_77.4785620107198_12.8855551682362","properties":{"id":"kml_n_77.4785620107198_12.8855551682362","degree":3,"number":139,"kind":"junction_candidate"},"geometry":{"type":"Point","coordinates":[77.4785620107198,12.8855551682362]}},{"type":"Feature","id":"kml_n_77.4789415417969_12.9109419569052","properties":{"id":"kml_n_77.4789415417969_12.9109419569052","degree":1,"number":140,"kind":"endpoint"},"geometry":{"type":"Point","coordinates":[77.4789415417969,12.9109419569052]}},{"type":"Feature","id":"kml_n_77.4789415445598_12.910941956879","properties":{"id":"kml_n_77.4789415445598_12.910941956879","degree":1,"number":141,"kind":"endpoint"},"geometry":{"type":"Point","coordinates":[77.4789415445598,12.910941956879]}},{"type":"Feature","id":"kml_n_77.4791220176903_12.9421271224124","properties":{"id":"kml_n_77.4791220176903_12.9421271224124","degree":1,"number":142,"kind":"endpoint"},"geometry":{"type":"Point","coordinates":[77.4791220176903,12.9421271224124]}},{"type":"Feature","id":"kml_n_77.4791220536837_12.9421271292982","properties":{"id":"kml_n_77.4791220536837_12.9421271292982","degree":3,"number":143,"kind":"junction_candidate"},"geometry":{"type":"Point","coordinates":[77.4791220536837,12.9421271292982]}},{"type":"Feature","id":"kml_n_77.4792763093933_12.9586528733095","properties":{"id":"kml_n_77.4792763093933_12.9586528733095","degree":4,"number":144,"kind":"junction_candidate"},"geometry":{"type":"Point","coordinates":[77.4792763093933,12.9586528733095]}},{"type":"Feature","id":"kml_n_77.4793249623285_12.8740059010307","properties":{"id":"kml_n_77.4793249623285_12.8740059010307","degree":1,"number":145,"kind":"endpoint"},"geometry":{"type":"Point","coordinates":[77.4793249623285,12.8740059010307]}},{"type":"Feature","id":"kml_n_77.4796335704119_12.9161386742115","properties":{"id":"kml_n_77.4796335704119_12.9161386742115","degree":3,"number":146,"kind":"junction_candidate"},"geometry":{"type":"Point","coordinates":[77.4796335704119,12.9161386742115]}},{"type":"Feature","id":"kml_n_77.4796843277495_13.0054853881403","properties":{"id":"kml_n_77.4796843277495_13.0054853881403","degree":1,"number":147,"kind":"endpoint"},"geometry":{"type":"Point","coordinates":[77.4796843277495,13.0054853881403]}},{"type":"Feature","id":"kml_n_77.4800417176645_13.0021592737316","properties":{"id":"kml_n_77.4800417176645_13.0021592737316","degree":3,"number":148,"kind":"junction_candidate"},"geometry":{"type":"Point","coordinates":[77.4800417176645,13.0021592737316]}},{"type":"Feature","id":"kml_n_77.480108273824_12.9108655385016","properties":{"id":"kml_n_77.480108273824_12.9108655385016","degree":3,"number":149,"kind":"junction_candidate"},"geometry":{"type":"Point","coordinates":[77.480108273824,12.9108655385016]}},{"type":"Feature","id":"kml_n_77.4811229224277_12.9674538423495","properties":{"id":"kml_n_77.4811229224277_12.9674538423495","degree":3,"number":150,"kind":"junction_candidate"},"geometry":{"type":"Point","coordinates":[77.4811229224277,12.9674538423495]}},{"type":"Feature","id":"kml_n_77.4813144370768_12.9680104334912","properties":{"id":"kml_n_77.4813144370768_12.9680104334912","degree":3,"number":151,"kind":"junction_candidate"},"geometry":{"type":"Point","coordinates":[77.4813144370768,12.9680104334912]}},{"type":"Feature","id":"kml_n_77.4813708045292_13.0292599399308","properties":{"id":"kml_n_77.4813708045292_13.0292599399308","degree":1,"number":152,"kind":"endpoint"},"geometry":{"type":"Point","coordinates":[77.4813708045292,13.0292599399308]}},{"type":"Feature","id":"kml_n_77.481446708009_12.9144904241654","properties":{"id":"kml_n_77.481446708009_12.9144904241654","degree":3,"number":153,"kind":"junction_candidate"},"geometry":{"type":"Point","coordinates":[77.481446708009,12.9144904241654]}},{"type":"Feature","id":"kml_n_77.482136912724_13.0293607962096","properties":{"id":"kml_n_77.482136912724_13.0293607962096","degree":1,"number":154,"kind":"endpoint"},"geometry":{"type":"Point","coordinates":[77.482136912724,13.0293607962096]}},{"type":"Feature","id":"kml_n_77.4825975536949_12.8765913912714","properties":{"id":"kml_n_77.4825975536949_12.8765913912714","degree":4,"number":155,"kind":"junction_candidate"},"geometry":{"type":"Point","coordinates":[77.4825975536949,12.8765913912714]}},{"type":"Feature","id":"kml_n_77.4825978672674_12.8765906898851","properties":{"id":"kml_n_77.4825978672674_12.8765906898851","degree":1,"number":156,"kind":"endpoint"},"geometry":{"type":"Point","coordinates":[77.4825978672674,12.8765906898851]}},{"type":"Feature","id":"kml_n_77.4829477479379_12.9269211539648","properties":{"id":"kml_n_77.4829477479379_12.9269211539648","degree":1,"number":157,"kind":"endpoint"},"geometry":{"type":"Point","coordinates":[77.4829477479379,12.9269211539648]}},{"type":"Feature","id":"kml_n_77.4829526552831_12.9269328591931","properties":{"id":"kml_n_77.4829526552831_12.9269328591931","degree":1,"number":158,"kind":"endpoint"},"geometry":{"type":"Point","coordinates":[77.4829526552831,12.9269328591931]}},{"type":"Feature","id":"kml_n_77.4830404587745_12.9734223704637","properties":{"id":"kml_n_77.4830404587745_12.9734223704637","degree":1,"number":159,"kind":"endpoint"},"geometry":{"type":"Point","coordinates":[77.4830404587745,12.9734223704637]}},{"type":"Feature","id":"kml_n_77.4835663519692_13.0293868471212","properties":{"id":"kml_n_77.4835663519692_13.0293868471212","degree":3,"number":160,"kind":"junction_candidate"},"geometry":{"type":"Point","coordinates":[77.4835663519692,13.0293868471212]}},{"type":"Feature","id":"kml_n_77.4839103239653_12.9342566026063","properties":{"id":"kml_n_77.4839103239653_12.9342566026063","degree":4,"number":161,"kind":"junction_candidate"},"geometry":{"type":"Point","coordinates":[77.4839103239653,12.9342566026063]}},{"type":"Feature","id":"kml_n_77.4840467053122_13.0357912805665","properties":{"id":"kml_n_77.4840467053122_13.0357912805665","degree":1,"number":162,"kind":"endpoint"},"geometry":{"type":"Point","coordinates":[77.4840467053122,13.0357912805665]}},{"type":"Feature","id":"kml_n_77.4840467080764_13.03579128054","properties":{"id":"kml_n_77.4840467080764_13.03579128054","degree":1,"number":163,"kind":"endpoint"},"geometry":{"type":"Point","coordinates":[77.4840467080764,13.03579128054]}},{"type":"Feature","id":"kml_n_77.4842053046228_13.0374860805079","properties":{"id":"kml_n_77.4842053046228_13.0374860805079","degree":1,"number":164,"kind":"endpoint"},"geometry":{"type":"Point","coordinates":[77.4842053046228,13.0374860805079]}},{"type":"Feature","id":"kml_n_77.4842089495242_13.0375061448066","properties":{"id":"kml_n_77.4842089495242_13.0375061448066","degree":1,"number":165,"kind":"endpoint"},"geometry":{"type":"Point","coordinates":[77.4842089495242,13.0375061448066]}},{"type":"Feature","id":"kml_n_77.4843124356084_13.1320131401187","properties":{"id":"kml_n_77.4843124356084_13.1320131401187","degree":1,"number":166,"kind":"endpoint"},"geometry":{"type":"Point","coordinates":[77.4843124356084,13.1320131401187]}},{"type":"Feature","id":"kml_n_77.4843274965668_13.0379039957575","properties":{"id":"kml_n_77.4843274965668_13.0379039957575","degree":1,"number":167,"kind":"endpoint"},"geometry":{"type":"Point","coordinates":[77.4843274965668,13.0379039957575]}},{"type":"Feature","id":"kml_n_77.4843289912589_13.0379081492613","properties":{"id":"kml_n_77.4843289912589_13.0379081492613","degree":1,"number":168,"kind":"endpoint"},"geometry":{"type":"Point","coordinates":[77.4843289912589,13.0379081492613]}},{"type":"Feature","id":"kml_n_77.4847886604492_13.0080307336235","properties":{"id":"kml_n_77.4847886604492_13.0080307336235","degree":3,"number":169,"kind":"junction_candidate"},"geometry":{"type":"Point","coordinates":[77.4847886604492,13.0080307336235]}},{"type":"Feature","id":"kml_n_77.4847922811371_12.9420818111508","properties":{"id":"kml_n_77.4847922811371_12.9420818111508","degree":3,"number":170,"kind":"junction_candidate"},"geometry":{"type":"Point","coordinates":[77.4847922811371,12.9420818111508]}},{"type":"Feature","id":"kml_n_77.4848537483401_12.9420826590488","properties":{"id":"kml_n_77.4848537483401_12.9420826590488","degree":3,"number":171,"kind":"junction_candidate"},"geometry":{"type":"Point","coordinates":[77.4848537483401,12.9420826590488]}},{"type":"Feature","id":"kml_n_77.4851223523046_12.912727990914","properties":{"id":"kml_n_77.4851223523046_12.912727990914","degree":3,"number":172,"kind":"junction_candidate"},"geometry":{"type":"Point","coordinates":[77.4851223523046,12.912727990914]}},{"type":"Feature","id":"kml_n_77.4851894835257_12.9246860656976","properties":{"id":"kml_n_77.4851894835257_12.9246860656976","degree":3,"number":173,"kind":"junction_candidate"},"geometry":{"type":"Point","coordinates":[77.4851894835257,12.9246860656976]}},{"type":"Feature","id":"kml_n_77.4853441793947_13.0418414712578","properties":{"id":"kml_n_77.4853441793947_13.0418414712578","degree":1,"number":174,"kind":"endpoint"},"geometry":{"type":"Point","coordinates":[77.4853441793947,13.0418414712578]}},{"type":"Feature","id":"kml_n_77.4853495984602_13.0418651333728","properties":{"id":"kml_n_77.4853495984602_13.0418651333728","degree":3,"number":175,"kind":"junction_candidate"},"geometry":{"type":"Point","coordinates":[77.4853495984602,13.0418651333728]}},{"type":"Feature","id":"kml_n_77.485762420621_12.9832166876216","properties":{"id":"kml_n_77.485762420621_12.9832166876216","degree":1,"number":176,"kind":"endpoint"},"geometry":{"type":"Point","coordinates":[77.485762420621,12.9832166876216]}},{"type":"Feature","id":"kml_n_77.4857974588645_12.983206394983","properties":{"id":"kml_n_77.4857974588645_12.983206394983","degree":3,"number":177,"kind":"junction_candidate"},"geometry":{"type":"Point","coordinates":[77.4857974588645,12.983206394983]}},{"type":"Feature","id":"kml_n_77.4858656396477_12.9666680198288","properties":{"id":"kml_n_77.4858656396477_12.9666680198288","degree":1,"number":178,"kind":"endpoint"},"geometry":{"type":"Point","coordinates":[77.4858656396477,12.9666680198288]}},{"type":"Feature","id":"kml_n_77.4858717603075_12.966664947265","properties":{"id":"kml_n_77.4858717603075_12.966664947265","degree":1,"number":179,"kind":"endpoint"},"geometry":{"type":"Point","coordinates":[77.4858717603075,12.966664947265]}},{"type":"Feature","id":"kml_n_77.4860609107493_12.9113619875473","properties":{"id":"kml_n_77.4860609107493_12.9113619875473","degree":1,"number":180,"kind":"endpoint"},"geometry":{"type":"Point","coordinates":[77.4860609107493,12.9113619875473]}},{"type":"Feature","id":"kml_n_77.4860609107761_12.9113619902576","properties":{"id":"kml_n_77.4860609107761_12.9113619902576","degree":1,"number":181,"kind":"endpoint"},"geometry":{"type":"Point","coordinates":[77.4860609107761,12.9113619902576]}},{"type":"Feature","id":"kml_n_77.4863021988313_12.9856206029153","properties":{"id":"kml_n_77.4863021988313_12.9856206029153","degree":3,"number":182,"kind":"junction_candidate"},"geometry":{"type":"Point","coordinates":[77.4863021988313,12.9856206029153]}},{"type":"Feature","id":"kml_n_77.4868185606249_12.9663657562207","properties":{"id":"kml_n_77.4868185606249_12.9663657562207","degree":1,"number":183,"kind":"endpoint"},"geometry":{"type":"Point","coordinates":[77.4868185606249,12.9663657562207]}},{"type":"Feature","id":"kml_n_77.4868253350681_12.9663875029414","properties":{"id":"kml_n_77.4868253350681_12.9663875029414","degree":1,"number":184,"kind":"endpoint"},"geometry":{"type":"Point","coordinates":[77.4868253350681,12.9663875029414]}},{"type":"Feature","id":"kml_n_77.4874473917871_13.0522821753215","properties":{"id":"kml_n_77.4874473917871_13.0522821753215","degree":3,"number":185,"kind":"junction_candidate"},"geometry":{"type":"Point","coordinates":[77.4874473917871,13.0522821753215]}},{"type":"Feature","id":"kml_n_77.4875011735152_12.8990007288661","properties":{"id":"kml_n_77.4875011735152_12.8990007288661","degree":3,"number":186,"kind":"junction_candidate"},"geometry":{"type":"Point","coordinates":[77.4875011735152,12.8990007288661]}},{"type":"Feature","id":"kml_n_77.4877279026698_12.9661124052546","properties":{"id":"kml_n_77.4877279026698_12.9661124052546","degree":3,"number":187,"kind":"junction_candidate"},"geometry":{"type":"Point","coordinates":[77.4877279026698,12.9661124052546]}},{"type":"Feature","id":"kml_n_77.48774526083_12.9467801184606","properties":{"id":"kml_n_77.48774526083_12.9467801184606","degree":1,"number":188,"kind":"endpoint"},"geometry":{"type":"Point","coordinates":[77.48774526083,12.9467801184606]}},{"type":"Feature","id":"kml_n_77.4877547842629_12.9467738403439","properties":{"id":"kml_n_77.4877547842629_12.9467738403439","degree":1,"number":189,"kind":"endpoint"},"geometry":{"type":"Point","coordinates":[77.4877547842629,12.9467738403439]}},{"type":"Feature","id":"kml_n_77.4880255894051_12.9712534559877","properties":{"id":"kml_n_77.4880255894051_12.9712534559877","degree":4,"number":190,"kind":"junction_candidate"},"geometry":{"type":"Point","coordinates":[77.4880255894051,12.9712534559877]}},{"type":"Feature","id":"kml_n_77.4880757305992_12.9327698318739","properties":{"id":"kml_n_77.4880757305992_12.9327698318739","degree":3,"number":191,"kind":"junction_candidate"},"geometry":{"type":"Point","coordinates":[77.4880757305992,12.9327698318739]}},{"type":"Feature","id":"kml_n_77.4881068008428_13.0028910598149","properties":{"id":"kml_n_77.4881068008428_13.0028910598149","degree":3,"number":192,"kind":"junction_candidate"},"geometry":{"type":"Point","coordinates":[77.4881068008428,13.0028910598149]}},{"type":"Feature","id":"kml_n_77.4881478054151_12.923679762469","properties":{"id":"kml_n_77.4881478054151_12.923679762469","degree":1,"number":193,"kind":"endpoint"},"geometry":{"type":"Point","coordinates":[77.4881478054151,12.923679762469]}},{"type":"Feature","id":"kml_n_77.4881498196381_12.9236789057184","properties":{"id":"kml_n_77.4881498196381_12.9236789057184","degree":1,"number":194,"kind":"endpoint"},"geometry":{"type":"Point","coordinates":[77.4881498196381,12.9236789057184]}},{"type":"Feature","id":"kml_n_77.4882539934323_13.028544668008","properties":{"id":"kml_n_77.4882539934323_13.028544668008","degree":1,"number":195,"kind":"endpoint"},"geometry":{"type":"Point","coordinates":[77.4882539934323,13.028544668008]}},{"type":"Feature","id":"kml_n_77.4882986165373_12.9861447224966","properties":{"id":"kml_n_77.4882986165373_12.9861447224966","degree":3,"number":196,"kind":"junction_candidate"},"geometry":{"type":"Point","coordinates":[77.4882986165373,12.9861447224966]}},{"type":"Feature","id":"kml_n_77.488394860832_12.9058337087763","properties":{"id":"kml_n_77.488394860832_12.9058337087763","degree":1,"number":197,"kind":"endpoint"},"geometry":{"type":"Point","coordinates":[77.488394860832,12.9058337087763]}},{"type":"Feature","id":"kml_n_77.4883949560269_12.9058343005695","properties":{"id":"kml_n_77.4883949560269_12.9058343005695","degree":1,"number":198,"kind":"endpoint"},"geometry":{"type":"Point","coordinates":[77.4883949560269,12.9058343005695]}},{"type":"Feature","id":"kml_n_77.4885208793493_13.0006731704339","properties":{"id":"kml_n_77.4885208793493_13.0006731704339","degree":3,"number":199,"kind":"junction_candidate"},"geometry":{"type":"Point","coordinates":[77.4885208793493,13.0006731704339]}},{"type":"Feature","id":"kml_n_77.4885827261618_12.9490731537723","properties":{"id":"kml_n_77.4885827261618_12.9490731537723","degree":3,"number":200,"kind":"junction_candidate"},"geometry":{"type":"Point","coordinates":[77.4885827261618,12.9490731537723]}},{"type":"Feature","id":"kml_n_77.488743509789_12.9494535303153","properties":{"id":"kml_n_77.488743509789_12.9494535303153","degree":3,"number":201,"kind":"junction_candidate"},"geometry":{"type":"Point","coordinates":[77.488743509789,12.9494535303153]}},{"type":"Feature","id":"kml_n_77.4888761507077_12.9075559541894","properties":{"id":"kml_n_77.4888761507077_12.9075559541894","degree":1,"number":202,"kind":"endpoint"},"geometry":{"type":"Point","coordinates":[77.4888761507077,12.9075559541894]}},{"type":"Feature","id":"kml_n_77.4888761534705_12.9075559541631","properties":{"id":"kml_n_77.4888761534705_12.9075559541631","degree":1,"number":203,"kind":"endpoint"},"geometry":{"type":"Point","coordinates":[77.4888761534705,12.9075559541631]}},{"type":"Feature","id":"kml_n_77.4889011873399_12.8905658830692","properties":{"id":"kml_n_77.4889011873399_12.8905658830692","degree":3,"number":204,"kind":"junction_candidate"},"geometry":{"type":"Point","coordinates":[77.4889011873399,12.8905658830692]}},{"type":"Feature","id":"kml_n_77.4889305035355_13.0517437464323","properties":{"id":"kml_n_77.4889305035355_13.0517437464323","degree":3,"number":205,"kind":"junction_candidate"},"geometry":{"type":"Point","coordinates":[77.4889305035355,13.0517437464323]}},{"type":"Feature","id":"kml_n_77.4891879433097_12.9653185207254","properties":{"id":"kml_n_77.4891879433097_12.9653185207254","degree":1,"number":206,"kind":"endpoint"},"geometry":{"type":"Point","coordinates":[77.4891879433097,12.9653185207254]}},{"type":"Feature","id":"kml_n_77.489187945152_12.9653185207078","properties":{"id":"kml_n_77.489187945152_12.9653185207078","degree":1,"number":207,"kind":"endpoint"},"geometry":{"type":"Point","coordinates":[77.489187945152,12.9653185207078]}},{"type":"Feature","id":"kml_n_77.4891987841192_12.9234923174689","properties":{"id":"kml_n_77.4891987841192_12.9234923174689","degree":3,"number":208,"kind":"junction_candidate"},"geometry":{"type":"Point","coordinates":[77.4891987841192,12.9234923174689]}},{"type":"Feature","id":"kml_n_77.4892794854876_12.9423646624472","properties":{"id":"kml_n_77.4892794854876_12.9423646624472","degree":1,"number":209,"kind":"endpoint"},"geometry":{"type":"Point","coordinates":[77.4892794854876,12.9423646624472]}},{"type":"Feature","id":"kml_n_77.489283945601_12.9423742069203","properties":{"id":"kml_n_77.489283945601_12.9423742069203","degree":1,"number":210,"kind":"endpoint"},"geometry":{"type":"Point","coordinates":[77.489283945601,12.9423742069203]}},{"type":"Feature","id":"kml_n_77.489518411844_13.0368667655369","properties":{"id":"kml_n_77.489518411844_13.0368667655369","degree":3,"number":211,"kind":"junction_candidate"},"geometry":{"type":"Point","coordinates":[77.489518411844,13.0368667655369]}},{"type":"Feature","id":"kml_n_77.4896407592817_12.9103769537436","properties":{"id":"kml_n_77.4896407592817_12.9103769537436","degree":3,"number":212,"kind":"junction_candidate"},"geometry":{"type":"Point","coordinates":[77.4896407592817,12.9103769537436]}},{"type":"Feature","id":"kml_n_77.4904786056119_13.0340302213931","properties":{"id":"kml_n_77.4904786056119_13.0340302213931","degree":3,"number":213,"kind":"junction_candidate"},"geometry":{"type":"Point","coordinates":[77.4904786056119,13.0340302213931]}},{"type":"Feature","id":"kml_n_77.4905596665348_12.9323540596672","properties":{"id":"kml_n_77.4905596665348_12.9323540596672","degree":3,"number":214,"kind":"junction_candidate"},"geometry":{"type":"Point","coordinates":[77.4905596665348,12.9323540596672]}},{"type":"Feature","id":"kml_n_77.4912416867762_12.8978026441635","properties":{"id":"kml_n_77.4912416867762_12.8978026441635","degree":1,"number":215,"kind":"endpoint"},"geometry":{"type":"Point","coordinates":[77.4912416867762,12.8978026441635]}},{"type":"Feature","id":"kml_n_77.4912497419092_12.8977913079523","properties":{"id":"kml_n_77.4912497419092_12.8977913079523","degree":1,"number":216,"kind":"endpoint"},"geometry":{"type":"Point","coordinates":[77.4912497419092,12.8977913079523]}},{"type":"Feature","id":"kml_n_77.4913721236794_12.9320022724873","properties":{"id":"kml_n_77.4913721236794_12.9320022724873","degree":3,"number":217,"kind":"junction_candidate"},"geometry":{"type":"Point","coordinates":[77.4913721236794,12.9320022724873]}},{"type":"Feature","id":"kml_n_77.4917938630583_13.0596944781963","properties":{"id":"kml_n_77.4917938630583_13.0596944781963","degree":1,"number":218,"kind":"endpoint"},"geometry":{"type":"Point","coordinates":[77.4917938630583,13.0596944781963]}},{"type":"Feature","id":"kml_n_77.4917938649013_13.0596944781785","properties":{"id":"kml_n_77.4917938649013_13.0596944781785","degree":1,"number":219,"kind":"endpoint"},"geometry":{"type":"Point","coordinates":[77.4917938649013,13.0596944781785]}},{"type":"Feature","id":"kml_n_77.4919371643918_12.9196165768218","properties":{"id":"kml_n_77.4919371643918_12.9196165768218","degree":3,"number":220,"kind":"junction_candidate"},"geometry":{"type":"Point","coordinates":[77.4919371643918,12.9196165768218]}},{"type":"Feature","id":"kml_n_77.4921832274673_12.9514112907353","properties":{"id":"kml_n_77.4921832274673_12.9514112907353","degree":3,"number":221,"kind":"junction_candidate"},"geometry":{"type":"Point","coordinates":[77.4921832274673,12.9514112907353]}},{"type":"Feature","id":"kml_n_77.4923049834174_12.9097123949558","properties":{"id":"kml_n_77.4923049834174_12.9097123949558","degree":1,"number":222,"kind":"endpoint"},"geometry":{"type":"Point","coordinates":[77.4923049834174,12.9097123949558]}},{"type":"Feature","id":"kml_n_77.4923327107508_12.9097222930495","properties":{"id":"kml_n_77.4923327107508_12.9097222930495","degree":1,"number":223,"kind":"endpoint"},"geometry":{"type":"Point","coordinates":[77.4923327107508,12.9097222930495]}},{"type":"Feature","id":"kml_n_77.4925409990102_12.9557532822937","properties":{"id":"kml_n_77.4925409990102_12.9557532822937","degree":1,"number":224,"kind":"endpoint"},"geometry":{"type":"Point","coordinates":[77.4925409990102,12.9557532822937]}},{"type":"Feature","id":"kml_n_77.4925410017735_12.9557532822672","properties":{"id":"kml_n_77.4925410017735_12.9557532822672","degree":1,"number":225,"kind":"endpoint"},"geometry":{"type":"Point","coordinates":[77.4925410017735,12.9557532822672]}},{"type":"Feature","id":"kml_n_77.4925550070636_12.937237488769","properties":{"id":"kml_n_77.4925550070636_12.937237488769","degree":3,"number":226,"kind":"junction_candidate"},"geometry":{"type":"Point","coordinates":[77.4925550070636,12.937237488769]}},{"type":"Feature","id":"kml_n_77.492643250364_12.9876296247814","properties":{"id":"kml_n_77.492643250364_12.9876296247814","degree":3,"number":227,"kind":"junction_candidate"},"geometry":{"type":"Point","coordinates":[77.492643250364,12.9876296247814]}},{"type":"Feature","id":"kml_n_77.4926649428451_12.9873561762125","properties":{"id":"kml_n_77.4926649428451_12.9873561762125","degree":3,"number":228,"kind":"junction_candidate"},"geometry":{"type":"Point","coordinates":[77.4926649428451,12.9873561762125]}},{"type":"Feature","id":"kml_n_77.4929880740087_13.0625587067794","properties":{"id":"kml_n_77.4929880740087_13.0625587067794","degree":1,"number":229,"kind":"endpoint"},"geometry":{"type":"Point","coordinates":[77.4929880740087,13.0625587067794]}},{"type":"Feature","id":"kml_n_77.493063845182_12.9556637917166","properties":{"id":"kml_n_77.493063845182_12.9556637917166","degree":3,"number":230,"kind":"junction_candidate"},"geometry":{"type":"Point","coordinates":[77.493063845182,12.9556637917166]}},{"type":"Feature","id":"kml_n_77.493138990276_12.9874947832976","properties":{"id":"kml_n_77.493138990276_12.9874947832976","degree":1,"number":231,"kind":"endpoint"},"geometry":{"type":"Point","coordinates":[77.493138990276,12.9874947832976]}},{"type":"Feature","id":"kml_n_77.4931556573832_12.9874991634341","properties":{"id":"kml_n_77.4931556573832_12.9874991634341","degree":1,"number":232,"kind":"endpoint"},"geometry":{"type":"Point","coordinates":[77.4931556573832,12.9874991634341]}},{"type":"Feature","id":"kml_n_77.4932339407446_12.9556376828484","properties":{"id":"kml_n_77.4932339407446_12.9556376828484","degree":3,"number":233,"kind":"junction_candidate"},"geometry":{"type":"Point","coordinates":[77.4932339407446,12.9556376828484]}},{"type":"Feature","id":"kml_n_77.4934334647902_12.9415429031665","properties":{"id":"kml_n_77.4934334647902_12.9415429031665","degree":3,"number":234,"kind":"junction_candidate"},"geometry":{"type":"Point","coordinates":[77.4934334647902,12.9415429031665]}},{"type":"Feature","id":"kml_n_77.4937435623137_13.0276562789051","properties":{"id":"kml_n_77.4937435623137_13.0276562789051","degree":3,"number":235,"kind":"junction_candidate"},"geometry":{"type":"Point","coordinates":[77.4937435623137,13.0276562789051]}},{"type":"Feature","id":"kml_n_77.4937868865542_12.9236904038247","properties":{"id":"kml_n_77.4937868865542_12.9236904038247","degree":3,"number":236,"kind":"junction_candidate"},"geometry":{"type":"Point","coordinates":[77.4937868865542,12.9236904038247]}},{"type":"Feature","id":"kml_n_77.4938960589455_12.9235873382546","properties":{"id":"kml_n_77.4938960589455_12.9235873382546","degree":3,"number":237,"kind":"junction_candidate"},"geometry":{"type":"Point","coordinates":[77.4938960589455,12.9235873382546]}},{"type":"Feature","id":"kml_n_77.4949303956286_12.9621671267323","properties":{"id":"kml_n_77.4949303956286_12.9621671267323","degree":4,"number":238,"kind":"junction_candidate"},"geometry":{"type":"Point","coordinates":[77.4949303956286,12.9621671267323]}},{"type":"Feature","id":"kml_n_77.4955998084802_12.945510579613","properties":{"id":"kml_n_77.4955998084802_12.945510579613","degree":3,"number":239,"kind":"junction_candidate"},"geometry":{"type":"Point","coordinates":[77.4955998084802,12.945510579613]}},{"type":"Feature","id":"kml_n_77.495913325874_12.9228796326943","properties":{"id":"kml_n_77.495913325874_12.9228796326943","degree":3,"number":240,"kind":"junction_candidate"},"geometry":{"type":"Point","coordinates":[77.495913325874,12.9228796326943]}},{"type":"Feature","id":"kml_n_77.4962671299937_12.9282096055032","properties":{"id":"kml_n_77.4962671299937_12.9282096055032","degree":1,"number":241,"kind":"endpoint"},"geometry":{"type":"Point","coordinates":[77.4962671299937,12.9282096055032]}},{"type":"Feature","id":"kml_n_77.4962739250859_12.9366971116891","properties":{"id":"kml_n_77.4962739250859_12.9366971116891","degree":1,"number":242,"kind":"endpoint"},"geometry":{"type":"Point","coordinates":[77.4962739250859,12.9366971116891]}},{"type":"Feature","id":"kml_n_77.4963488943767_12.9281866468301","properties":{"id":"kml_n_77.4963488943767_12.9281866468301","degree":1,"number":243,"kind":"endpoint"},"geometry":{"type":"Point","coordinates":[77.4963488943767,12.9281866468301]}},{"type":"Feature","id":"kml_n_77.4964267829891_12.9699455158096","properties":{"id":"kml_n_77.4964267829891_12.9699455158096","degree":3,"number":244,"kind":"junction_candidate"},"geometry":{"type":"Point","coordinates":[77.4964267829891,12.9699455158096]}},{"type":"Feature","id":"kml_n_77.4966087494898_13.0943610571503","properties":{"id":"kml_n_77.4966087494898_13.0943610571503","degree":1,"number":245,"kind":"endpoint"},"geometry":{"type":"Point","coordinates":[77.4966087494898,13.0943610571503]}},{"type":"Feature","id":"kml_n_77.4966097342858_13.048984483048","properties":{"id":"kml_n_77.4966097342858_13.048984483048","degree":3,"number":246,"kind":"junction_candidate"},"geometry":{"type":"Point","coordinates":[77.4966097342858,13.048984483048]}},{"type":"Feature","id":"kml_n_77.4967032421241_12.9472696147118","properties":{"id":"kml_n_77.4967032421241_12.9472696147118","degree":3,"number":247,"kind":"junction_candidate"},"geometry":{"type":"Point","coordinates":[77.4967032421241,12.9472696147118]}},{"type":"Feature","id":"kml_n_77.4976177232587_12.8948621730221","properties":{"id":"kml_n_77.4976177232587_12.8948621730221","degree":4,"number":248,"kind":"junction_candidate"},"geometry":{"type":"Point","coordinates":[77.4976177232587,12.8948621730221]}},{"type":"Feature","id":"kml_n_77.4977037568017_12.9020223527916","properties":{"id":"kml_n_77.4977037568017_12.9020223527916","degree":1,"number":249,"kind":"endpoint"},"geometry":{"type":"Point","coordinates":[77.4977037568017,12.9020223527916]}},{"type":"Feature","id":"kml_n_77.4977039312317_12.902022110794","properties":{"id":"kml_n_77.4977039312317_12.902022110794","degree":1,"number":250,"kind":"endpoint"},"geometry":{"type":"Point","coordinates":[77.4977039312317,12.902022110794]}},{"type":"Feature","id":"kml_n_77.4977132019606_12.9672128235059","properties":{"id":"kml_n_77.4977132019606_12.9672128235059","degree":1,"number":251,"kind":"endpoint"},"geometry":{"type":"Point","coordinates":[77.4977132019606,12.9672128235059]}},{"type":"Feature","id":"kml_n_77.4977132019876_12.9672128262161","properties":{"id":"kml_n_77.4977132019876_12.9672128262161","degree":1,"number":252,"kind":"endpoint"},"geometry":{"type":"Point","coordinates":[77.4977132019876,12.9672128262161]}},{"type":"Feature","id":"kml_n_77.4979865333128_12.8866254410033","properties":{"id":"kml_n_77.4979865333128_12.8866254410033","degree":3,"number":253,"kind":"junction_candidate"},"geometry":{"type":"Point","coordinates":[77.4979865333128,12.8866254410033]}},{"type":"Feature","id":"kml_n_77.4979874861851_13.0623930769616","properties":{"id":"kml_n_77.4979874861851_13.0623930769616","degree":3,"number":254,"kind":"junction_candidate"},"geometry":{"type":"Point","coordinates":[77.4979874861851,13.0623930769616]}},{"type":"Feature","id":"kml_n_77.498033521077_13.0290852683236","properties":{"id":"kml_n_77.498033521077_13.0290852683236","degree":3,"number":255,"kind":"junction_candidate"},"geometry":{"type":"Point","coordinates":[77.498033521077,13.0290852683236]}},{"type":"Feature","id":"kml_n_77.4985578442313_12.9276266188656","properties":{"id":"kml_n_77.4985578442313_12.9276266188656","degree":3,"number":256,"kind":"junction_candidate"},"geometry":{"type":"Point","coordinates":[77.4985578442313,12.9276266188656]}},{"type":"Feature","id":"kml_n_77.4986639908944_12.9305892665383","properties":{"id":"kml_n_77.4986639908944_12.9305892665383","degree":1,"number":257,"kind":"endpoint"},"geometry":{"type":"Point","coordinates":[77.4986639908944,12.9305892665383]}},{"type":"Feature","id":"kml_n_77.4986639927365_12.9305892665207","properties":{"id":"kml_n_77.4986639927365_12.9305892665207","degree":1,"number":258,"kind":"endpoint"},"geometry":{"type":"Point","coordinates":[77.4986639927365,12.9305892665207]}},{"type":"Feature","id":"kml_n_77.4989232777746_12.969397228342","properties":{"id":"kml_n_77.4989232777746_12.969397228342","degree":1,"number":259,"kind":"endpoint"},"geometry":{"type":"Point","coordinates":[77.4989232777746,12.969397228342]}},{"type":"Feature","id":"kml_n_77.4991158968461_12.9070937304389","properties":{"id":"kml_n_77.4991158968461_12.9070937304389","degree":4,"number":260,"kind":"junction_candidate"},"geometry":{"type":"Point","coordinates":[77.4991158968461,12.9070937304389]}},{"type":"Feature","id":"kml_n_77.4994137430352_12.9508854882882","properties":{"id":"kml_n_77.4994137430352_12.9508854882882","degree":3,"number":261,"kind":"junction_candidate"},"geometry":{"type":"Point","coordinates":[77.4994137430352,12.9508854882882]}},{"type":"Feature","id":"kml_n_77.4994174863004_12.9508870163229","properties":{"id":"kml_n_77.4994174863004_12.9508870163229","degree":1,"number":262,"kind":"endpoint"},"geometry":{"type":"Point","coordinates":[77.4994174863004,12.9508870163229]}},{"type":"Feature","id":"kml_n_77.4996724067345_12.9519882635882","properties":{"id":"kml_n_77.4996724067345_12.9519882635882","degree":1,"number":263,"kind":"endpoint"},"geometry":{"type":"Point","coordinates":[77.4996724067345,12.9519882635882]}},{"type":"Feature","id":"kml_n_77.4996757518016_13.0373378059321","properties":{"id":"kml_n_77.4996757518016_13.0373378059321","degree":3,"number":264,"kind":"junction_candidate"},"geometry":{"type":"Point","coordinates":[77.4996757518016,13.0373378059321]}},{"type":"Feature","id":"kml_n_77.4996779186753_12.9520145358488","properties":{"id":"kml_n_77.4996779186753_12.9520145358488","degree":3,"number":265,"kind":"junction_candidate"},"geometry":{"type":"Point","coordinates":[77.4996779186753,12.9520145358488]}},{"type":"Feature","id":"kml_n_77.4997228972893_13.0978940643355","properties":{"id":"kml_n_77.4997228972893_13.0978940643355","degree":3,"number":266,"kind":"junction_candidate"},"geometry":{"type":"Point","coordinates":[77.4997228972893,13.0978940643355]}},{"type":"Feature","id":"kml_n_77.4999363739668_12.9354150040025","properties":{"id":"kml_n_77.4999363739668_12.9354150040025","degree":1,"number":267,"kind":"endpoint"},"geometry":{"type":"Point","coordinates":[77.4999363739668,12.9354150040025]}},{"type":"Feature","id":"kml_n_77.4999882250765_13.0394435360992","properties":{"id":"kml_n_77.4999882250765_13.0394435360992","degree":3,"number":268,"kind":"junction_candidate"},"geometry":{"type":"Point","coordinates":[77.4999882250765,13.0394435360992]}},{"type":"Feature","id":"kml_n_77.5000012257003_13.0394439914794","properties":{"id":"kml_n_77.5000012257003_13.0394439914794","degree":1,"number":269,"kind":"endpoint"},"geometry":{"type":"Point","coordinates":[77.5000012257003,13.0394439914794]}},{"type":"Feature","id":"kml_n_77.5000499137095_12.9613700677506","properties":{"id":"kml_n_77.5000499137095_12.9613700677506","degree":1,"number":270,"kind":"endpoint"},"geometry":{"type":"Point","coordinates":[77.5000499137095,12.9613700677506]}},{"type":"Feature","id":"kml_n_77.5000605483652_12.961367770114","properties":{"id":"kml_n_77.5000605483652_12.961367770114","degree":1,"number":271,"kind":"endpoint"},"geometry":{"type":"Point","coordinates":[77.5000605483652,12.961367770114]}},{"type":"Feature","id":"kml_n_77.5001001261163_12.9167557211744","properties":{"id":"kml_n_77.5001001261163_12.9167557211744","degree":3,"number":272,"kind":"junction_candidate"},"geometry":{"type":"Point","coordinates":[77.5001001261163,12.9167557211744]}},{"type":"Feature","id":"kml_n_77.5001224745308_12.9167453446652","properties":{"id":"kml_n_77.5001224745308_12.9167453446652","degree":3,"number":273,"kind":"junction_candidate"},"geometry":{"type":"Point","coordinates":[77.5001224745308,12.9167453446652]}},{"type":"Feature","id":"kml_n_77.5002501830287_12.9512033050786","properties":{"id":"kml_n_77.5002501830287_12.9512033050786","degree":3,"number":274,"kind":"junction_candidate"},"geometry":{"type":"Point","coordinates":[77.5002501830287,12.9512033050786]}},{"type":"Feature","id":"kml_n_77.50029784154_12.9519607845472","properties":{"id":"kml_n_77.50029784154_12.9519607845472","degree":3,"number":275,"kind":"junction_candidate"},"geometry":{"type":"Point","coordinates":[77.50029784154,12.9519607845472]}},{"type":"Feature","id":"kml_n_77.5004083416677_12.9442599916336","properties":{"id":"kml_n_77.5004083416677_12.9442599916336","degree":3,"number":276,"kind":"junction_candidate"},"geometry":{"type":"Point","coordinates":[77.5004083416677,12.9442599916336]}},{"type":"Feature","id":"kml_n_77.500493300352_12.9263391351218","properties":{"id":"kml_n_77.500493300352_12.9263391351218","degree":3,"number":277,"kind":"junction_candidate"},"geometry":{"type":"Point","coordinates":[77.500493300352,12.9263391351218]}},{"type":"Feature","id":"kml_n_77.5005843414393_12.9264010521278","properties":{"id":"kml_n_77.5005843414393_12.9264010521278","degree":3,"number":278,"kind":"junction_candidate"},"geometry":{"type":"Point","coordinates":[77.5005843414393,12.9264010521278]}},{"type":"Feature","id":"kml_n_77.5007397489203_12.9537951692187","properties":{"id":"kml_n_77.5007397489203_12.9537951692187","degree":3,"number":279,"kind":"junction_candidate"},"geometry":{"type":"Point","coordinates":[77.5007397489203,12.9537951692187]}},{"type":"Feature","id":"kml_n_77.5009898153025_13.0371432879583","properties":{"id":"kml_n_77.5009898153025_13.0371432879583","degree":1,"number":280,"kind":"endpoint"},"geometry":{"type":"Point","coordinates":[77.5009898153025,13.0371432879583]}},{"type":"Feature","id":"kml_n_77.5010416087641_13.0371393986056","properties":{"id":"kml_n_77.5010416087641_13.0371393986056","degree":3,"number":281,"kind":"junction_candidate"},"geometry":{"type":"Point","coordinates":[77.5010416087641,13.0371393986056]}},{"type":"Feature","id":"kml_n_77.5011124101296_12.9893881237831","properties":{"id":"kml_n_77.5011124101296_12.9893881237831","degree":1,"number":282,"kind":"endpoint"},"geometry":{"type":"Point","coordinates":[77.5011124101296,12.9893881237831]}},{"type":"Feature","id":"kml_n_77.5014073160877_13.0472588329956","properties":{"id":"kml_n_77.5014073160877_13.0472588329956","degree":3,"number":283,"kind":"junction_candidate"},"geometry":{"type":"Point","coordinates":[77.5014073160877,13.0472588329956]}},{"type":"Feature","id":"kml_n_77.5020026905124_12.8837830529514","properties":{"id":"kml_n_77.5020026905124_12.8837830529514","degree":3,"number":284,"kind":"junction_candidate"},"geometry":{"type":"Point","coordinates":[77.5020026905124,12.8837830529514]}},{"type":"Feature","id":"kml_n_77.5027878740401_13.0732624463612","properties":{"id":"kml_n_77.5027878740401_13.0732624463612","degree":1,"number":285,"kind":"endpoint"},"geometry":{"type":"Point","coordinates":[77.5027878740401,13.0732624463612]}},{"type":"Feature","id":"kml_n_77.5027878759105_13.0732624490535","properties":{"id":"kml_n_77.5027878759105_13.0732624490535","degree":1,"number":286,"kind":"endpoint"},"geometry":{"type":"Point","coordinates":[77.5027878759105,13.0732624490535]}},{"type":"Feature","id":"kml_n_77.5029203853484_12.9570135096216","properties":{"id":"kml_n_77.5029203853484_12.9570135096216","degree":3,"number":287,"kind":"junction_candidate"},"geometry":{"type":"Point","coordinates":[77.5029203853484,12.9570135096216]}},{"type":"Feature","id":"kml_n_77.5030895720258_13.0731917622873","properties":{"id":"kml_n_77.5030895720258_13.0731917622873","degree":3,"number":288,"kind":"junction_candidate"},"geometry":{"type":"Point","coordinates":[77.5030895720258,13.0731917622873]}},{"type":"Feature","id":"kml_n_77.5031252671298_12.9459781182825","properties":{"id":"kml_n_77.5031252671298_12.9459781182825","degree":3,"number":289,"kind":"junction_candidate"},"geometry":{"type":"Point","coordinates":[77.5031252671298,12.9459781182825]}},{"type":"Feature","id":"kml_n_77.50353765813_13.0661509537572","properties":{"id":"kml_n_77.50353765813_13.0661509537572","degree":3,"number":290,"kind":"junction_candidate"},"geometry":{"type":"Point","coordinates":[77.50353765813,13.0661509537572]}},{"type":"Feature","id":"kml_n_77.503550890839_13.0661349864954","properties":{"id":"kml_n_77.503550890839_13.0661349864954","degree":1,"number":291,"kind":"endpoint"},"geometry":{"type":"Point","coordinates":[77.503550890839,13.0661349864954]}},{"type":"Feature","id":"kml_n_77.5040594251569_12.944612222408","properties":{"id":"kml_n_77.5040594251569_12.944612222408","degree":3,"number":292,"kind":"junction_candidate"},"geometry":{"type":"Point","coordinates":[77.5040594251569,12.944612222408]}},{"type":"Feature","id":"kml_n_77.5042831207751_12.9604012391553","properties":{"id":"kml_n_77.5042831207751_12.9604012391553","degree":3,"number":293,"kind":"junction_candidate"},"geometry":{"type":"Point","coordinates":[77.5042831207751,12.9604012391553]}},{"type":"Feature","id":"kml_n_77.5043536114101_12.9604946588328","properties":{"id":"kml_n_77.5043536114101_12.9604946588328","degree":3,"number":294,"kind":"junction_candidate"},"geometry":{"type":"Point","coordinates":[77.5043536114101,12.9604946588328]}},{"type":"Feature","id":"kml_n_77.5043680383918_13.0366304290367","properties":{"id":"kml_n_77.5043680383918_13.0366304290367","degree":3,"number":295,"kind":"junction_candidate"},"geometry":{"type":"Point","coordinates":[77.5043680383918,13.0366304290367]}},{"type":"Feature","id":"kml_n_77.5043686638893_13.0366360869533","properties":{"id":"kml_n_77.5043686638893_13.0366360869533","degree":1,"number":296,"kind":"endpoint"},"geometry":{"type":"Point","coordinates":[77.5043686638893,13.0366360869533]}},{"type":"Feature","id":"kml_n_77.5045210158459_13.0384982053432","properties":{"id":"kml_n_77.5045210158459_13.0384982053432","degree":1,"number":297,"kind":"endpoint"},"geometry":{"type":"Point","coordinates":[77.5045210158459,13.0384982053432]}},{"type":"Feature","id":"kml_n_77.5045315967972_13.0384952090984","properties":{"id":"kml_n_77.5045315967972_13.0384952090984","degree":3,"number":298,"kind":"junction_candidate"},"geometry":{"type":"Point","coordinates":[77.5045315967972,13.0384952090984]}},{"type":"Feature","id":"kml_n_77.5045694095684_12.9047229559508","properties":{"id":"kml_n_77.5045694095684_12.9047229559508","degree":3,"number":299,"kind":"junction_candidate"},"geometry":{"type":"Point","coordinates":[77.5045694095684,12.9047229559508]}},{"type":"Feature","id":"kml_n_77.5045958282136_13.0394101533436","properties":{"id":"kml_n_77.5045958282136_13.0394101533436","degree":3,"number":300,"kind":"junction_candidate"},"geometry":{"type":"Point","coordinates":[77.5045958282136,13.0394101533436]}},{"type":"Feature","id":"kml_n_77.5045983049756_13.0394406139618","properties":{"id":"kml_n_77.5045983049756_13.0394406139618","degree":1,"number":301,"kind":"endpoint"},"geometry":{"type":"Point","coordinates":[77.5045983049756,13.0394406139618]}},{"type":"Feature","id":"kml_n_77.5046855343304_12.9917611157893","properties":{"id":"kml_n_77.5046855343304_12.9917611157893","degree":4,"number":302,"kind":"junction_candidate"},"geometry":{"type":"Point","coordinates":[77.5046855343304,12.9917611157893]}},{"type":"Feature","id":"kml_n_77.504699118778_13.0400618189832","properties":{"id":"kml_n_77.504699118778_13.0400618189832","degree":3,"number":303,"kind":"junction_candidate"},"geometry":{"type":"Point","coordinates":[77.504699118778,13.0400618189832]}},{"type":"Feature","id":"kml_n_77.5048915492887_13.0757693423879","properties":{"id":"kml_n_77.5048915492887_13.0757693423879","degree":1,"number":304,"kind":"endpoint"},"geometry":{"type":"Point","coordinates":[77.5048915492887,13.0757693423879]}},{"type":"Feature","id":"kml_n_77.5050504381998_12.966489200561","properties":{"id":"kml_n_77.5050504381998_12.966489200561","degree":3,"number":305,"kind":"junction_candidate"},"geometry":{"type":"Point","coordinates":[77.5050504381998,12.966489200561]}},{"type":"Feature","id":"kml_n_77.5050652565769_13.1490428619522","properties":{"id":"kml_n_77.5050652565769_13.1490428619522","degree":1,"number":306,"kind":"endpoint"},"geometry":{"type":"Point","coordinates":[77.5050652565769,13.1490428619522]}},{"type":"Feature","id":"kml_n_77.5051029810906_13.0638118668303","properties":{"id":"kml_n_77.5051029810906_13.0638118668303","degree":3,"number":307,"kind":"junction_candidate"},"geometry":{"type":"Point","coordinates":[77.5051029810906,13.0638118668303]}},{"type":"Feature","id":"kml_n_77.5051164383795_13.0399970776488","properties":{"id":"kml_n_77.5051164383795_13.0399970776488","degree":1,"number":308,"kind":"endpoint"},"geometry":{"type":"Point","coordinates":[77.5051164383795,13.0399970776488]}},{"type":"Feature","id":"kml_n_77.5051399097091_13.0399931931625","properties":{"id":"kml_n_77.5051399097091_13.0399931931625","degree":3,"number":309,"kind":"junction_candidate"},"geometry":{"type":"Point","coordinates":[77.5051399097091,13.0399931931625]}},{"type":"Feature","id":"kml_n_77.5052421086285_12.9229714403325","properties":{"id":"kml_n_77.5052421086285_12.9229714403325","degree":3,"number":310,"kind":"junction_candidate"},"geometry":{"type":"Point","coordinates":[77.5052421086285,12.9229714403325]}},{"type":"Feature","id":"kml_n_77.5054706781027_13.0895388251124","properties":{"id":"kml_n_77.5054706781027_13.0895388251124","degree":1,"number":311,"kind":"endpoint"},"geometry":{"type":"Point","coordinates":[77.5054706781027,13.0895388251124]}},{"type":"Feature","id":"kml_n_77.505587821906_13.0458084913866","properties":{"id":"kml_n_77.505587821906_13.0458084913866","degree":3,"number":312,"kind":"junction_candidate"},"geometry":{"type":"Point","coordinates":[77.505587821906,13.0458084913866]}},{"type":"Feature","id":"kml_n_77.5057375516676_12.9896604988607","properties":{"id":"kml_n_77.5057375516676_12.9896604988607","degree":3,"number":313,"kind":"junction_candidate"},"geometry":{"type":"Point","coordinates":[77.5057375516676,12.9896604988607]}},{"type":"Feature","id":"kml_n_77.5057857985486_12.9420845058403","properties":{"id":"kml_n_77.5057857985486_12.9420845058403","degree":3,"number":314,"kind":"junction_candidate"},"geometry":{"type":"Point","coordinates":[77.5057857985486,12.9420845058403]}},{"type":"Feature","id":"kml_n_77.5058722675321_12.9895860392403","properties":{"id":"kml_n_77.5058722675321_12.9895860392403","degree":3,"number":315,"kind":"junction_candidate"},"geometry":{"type":"Point","coordinates":[77.5058722675321,12.9895860392403]}},{"type":"Feature","id":"kml_n_77.5061101528624_13.0098721513313","properties":{"id":"kml_n_77.5061101528624_13.0098721513313","degree":3,"number":316,"kind":"junction_candidate"},"geometry":{"type":"Point","coordinates":[77.5061101528624,13.0098721513313]}},{"type":"Feature","id":"kml_n_77.5063711889628_12.9116424425975","properties":{"id":"kml_n_77.5063711889628_12.9116424425975","degree":1,"number":317,"kind":"endpoint"},"geometry":{"type":"Point","coordinates":[77.5063711889628,12.9116424425975]}},{"type":"Feature","id":"kml_n_77.5064140074055_12.9312984732837","properties":{"id":"kml_n_77.5064140074055_12.9312984732837","degree":3,"number":318,"kind":"junction_candidate"},"geometry":{"type":"Point","coordinates":[77.5064140074055,12.9312984732837]}},{"type":"Feature","id":"kml_n_77.5064374514339_12.9317933864439","properties":{"id":"kml_n_77.5064374514339_12.9317933864439","degree":1,"number":319,"kind":"endpoint"},"geometry":{"type":"Point","coordinates":[77.5064374514339,12.9317933864439]}},{"type":"Feature","id":"kml_n_77.5064461129867_12.9317849395836","properties":{"id":"kml_n_77.5064461129867_12.9317849395836","degree":1,"number":320,"kind":"endpoint"},"geometry":{"type":"Point","coordinates":[77.5064461129867,12.9317849395836]}},{"type":"Feature","id":"kml_n_77.5064605299627_13.0617201805539","properties":{"id":"kml_n_77.5064605299627_13.0617201805539","degree":3,"number":321,"kind":"junction_candidate"},"geometry":{"type":"Point","coordinates":[77.5064605299627,13.0617201805539]}},{"type":"Feature","id":"kml_n_77.5067561318677_13.0612590096843","properties":{"id":"kml_n_77.5067561318677_13.0612590096843","degree":3,"number":322,"kind":"junction_candidate"},"geometry":{"type":"Point","coordinates":[77.5067561318677,13.0612590096843]}},{"type":"Feature","id":"kml_n_77.5068567634144_13.0108941235787","properties":{"id":"kml_n_77.5068567634144_13.0108941235787","degree":3,"number":323,"kind":"junction_candidate"},"geometry":{"type":"Point","coordinates":[77.5068567634144,13.0108941235787]}},{"type":"Feature","id":"kml_n_77.5072378714338_13.0567886373987","properties":{"id":"kml_n_77.5072378714338_13.0567886373987","degree":3,"number":324,"kind":"junction_candidate"},"geometry":{"type":"Point","coordinates":[77.5072378714338,13.0567886373987]}},{"type":"Feature","id":"kml_n_77.5073154915903_13.0453241298675","properties":{"id":"kml_n_77.5073154915903_13.0453241298675","degree":3,"number":325,"kind":"junction_candidate"},"geometry":{"type":"Point","coordinates":[77.5073154915903,13.0453241298675]}},{"type":"Feature","id":"kml_n_77.507820202217_12.9219030566468","properties":{"id":"kml_n_77.507820202217_12.9219030566468","degree":1,"number":326,"kind":"endpoint"},"geometry":{"type":"Point","coordinates":[77.507820202217,12.9219030566468]}},{"type":"Feature","id":"kml_n_77.5078327378673_13.0515793423005","properties":{"id":"kml_n_77.5078327378673_13.0515793423005","degree":3,"number":327,"kind":"junction_candidate"},"geometry":{"type":"Point","coordinates":[77.5078327378673,13.0515793423005]}},{"type":"Feature","id":"kml_n_77.5079943013562_13.1064319281096","properties":{"id":"kml_n_77.5079943013562_13.1064319281096","degree":3,"number":328,"kind":"junction_candidate"},"geometry":{"type":"Point","coordinates":[77.5079943013562,13.1064319281096]}},{"type":"Feature","id":"kml_n_77.5080014831139_13.0369786919066","properties":{"id":"kml_n_77.5080014831139_13.0369786919066","degree":1,"number":329,"kind":"endpoint"},"geometry":{"type":"Point","coordinates":[77.5080014831139,13.0369786919066]}},{"type":"Feature","id":"kml_n_77.5080652647076_13.0880970742964","properties":{"id":"kml_n_77.5080652647076_13.0880970742964","degree":3,"number":330,"kind":"junction_candidate"},"geometry":{"type":"Point","coordinates":[77.5080652647076,13.0880970742964]}},{"type":"Feature","id":"kml_n_77.5082362532098_13.0369786770584","properties":{"id":"kml_n_77.5082362532098_13.0369786770584","degree":1,"number":331,"kind":"endpoint"},"geometry":{"type":"Point","coordinates":[77.5082362532098,13.0369786770584]}},{"type":"Feature","id":"kml_n_77.5082992485426_12.9162803563187","properties":{"id":"kml_n_77.5082992485426_12.9162803563187","degree":4,"number":332,"kind":"junction_candidate"},"geometry":{"type":"Point","coordinates":[77.5082992485426,12.9162803563187]}},{"type":"Feature","id":"kml_n_77.5083515923471_13.0568779344404","properties":{"id":"kml_n_77.5083515923471_13.0568779344404","degree":1,"number":333,"kind":"endpoint"},"geometry":{"type":"Point","coordinates":[77.5083515923471,13.0568779344404]}},{"type":"Feature","id":"kml_n_77.5084010012775_13.0568868738616","properties":{"id":"kml_n_77.5084010012775_13.0568868738616","degree":3,"number":334,"kind":"junction_candidate"},"geometry":{"type":"Point","coordinates":[77.5084010012775,13.0568868738616]}},{"type":"Feature","id":"kml_n_77.5087066854745_13.058238863919","properties":{"id":"kml_n_77.5087066854745_13.058238863919","degree":1,"number":335,"kind":"endpoint"},"geometry":{"type":"Point","coordinates":[77.5087066854745,13.058238863919]}},{"type":"Feature","id":"kml_n_77.50872827247_13.0582028186181","properties":{"id":"kml_n_77.50872827247_13.0582028186181","degree":3,"number":336,"kind":"junction_candidate"},"geometry":{"type":"Point","coordinates":[77.50872827247,13.0582028186181]}},{"type":"Feature","id":"kml_n_77.5087676726043_12.9216646911833","properties":{"id":"kml_n_77.5087676726043_12.9216646911833","degree":1,"number":337,"kind":"endpoint"},"geometry":{"type":"Point","coordinates":[77.5087676726043,12.9216646911833]}},{"type":"Feature","id":"kml_n_77.5087834496341_12.92166026965","properties":{"id":"kml_n_77.5087834496341_12.92166026965","degree":3,"number":338,"kind":"junction_candidate"},"geometry":{"type":"Point","coordinates":[77.5087834496341,12.92166026965]}},{"type":"Feature","id":"kml_n_77.5088299097762_12.9039079458439","properties":{"id":"kml_n_77.5088299097762_12.9039079458439","degree":1,"number":339,"kind":"endpoint"},"geometry":{"type":"Point","coordinates":[77.5088299097762,12.9039079458439]}},{"type":"Feature","id":"kml_n_77.5091006785183_12.9742334602813","properties":{"id":"kml_n_77.5091006785183_12.9742334602813","degree":3,"number":340,"kind":"junction_candidate"},"geometry":{"type":"Point","coordinates":[77.5091006785183,12.9742334602813]}},{"type":"Feature","id":"kml_n_77.5091087103554_12.8657038588968","properties":{"id":"kml_n_77.5091087103554_12.8657038588968","degree":1,"number":341,"kind":"endpoint"},"geometry":{"type":"Point","coordinates":[77.5091087103554,12.8657038588968]}},{"type":"Feature","id":"kml_n_77.5091343168802_13.1073250128919","properties":{"id":"kml_n_77.5091343168802_13.1073250128919","degree":3,"number":342,"kind":"junction_candidate"},"geometry":{"type":"Point","coordinates":[77.5091343168802,13.1073250128919]}},{"type":"Feature","id":"kml_n_77.5093154615203_12.8966405550494","properties":{"id":"kml_n_77.5093154615203_12.8966405550494","degree":1,"number":343,"kind":"endpoint"},"geometry":{"type":"Point","coordinates":[77.5093154615203,12.8966405550494]}},{"type":"Feature","id":"kml_n_77.509338368878_12.896677124565","properties":{"id":"kml_n_77.509338368878_12.896677124565","degree":1,"number":344,"kind":"endpoint"},"geometry":{"type":"Point","coordinates":[77.509338368878,12.896677124565]}},{"type":"Feature","id":"kml_n_77.5093906787636_13.0571260697155","properties":{"id":"kml_n_77.5093906787636_13.0571260697155","degree":3,"number":345,"kind":"junction_candidate"},"geometry":{"type":"Point","coordinates":[77.5093906787636,13.0571260697155]}},{"type":"Feature","id":"kml_n_77.509633845417_12.9740081823485","properties":{"id":"kml_n_77.509633845417_12.9740081823485","degree":1,"number":346,"kind":"endpoint"},"geometry":{"type":"Point","coordinates":[77.509633845417,12.9740081823485]}},{"type":"Feature","id":"kml_n_77.5096407324558_12.9740058562615","properties":{"id":"kml_n_77.5096407324558_12.9740058562615","degree":1,"number":347,"kind":"endpoint"},"geometry":{"type":"Point","coordinates":[77.5096407324558,12.9740058562615]}},{"type":"Feature","id":"kml_n_77.5097403870254_12.8948520033496","properties":{"id":"kml_n_77.5097403870254_12.8948520033496","degree":1,"number":348,"kind":"endpoint"},"geometry":{"type":"Point","coordinates":[77.5097403870254,12.8948520033496]}},{"type":"Feature","id":"kml_n_77.5097473688987_12.8948748182083","properties":{"id":"kml_n_77.5097473688987_12.8948748182083","degree":1,"number":349,"kind":"endpoint"},"geometry":{"type":"Point","coordinates":[77.5097473688987,12.8948748182083]}},{"type":"Feature","id":"kml_n_77.5099288276517_12.8935513493348","properties":{"id":"kml_n_77.5099288276517_12.8935513493348","degree":4,"number":350,"kind":"junction_candidate"},"geometry":{"type":"Point","coordinates":[77.5099288276517,12.8935513493348]}},{"type":"Feature","id":"kml_n_77.5103434777323_12.8733623772778","properties":{"id":"kml_n_77.5103434777323_12.8733623772778","degree":1,"number":351,"kind":"endpoint"},"geometry":{"type":"Point","coordinates":[77.5103434777323,12.8733623772778]}},{"type":"Feature","id":"kml_n_77.5103481096345_12.8732965025416","properties":{"id":"kml_n_77.5103481096345_12.8732965025416","degree":1,"number":352,"kind":"endpoint"},"geometry":{"type":"Point","coordinates":[77.5103481096345,12.8732965025416]}},{"type":"Feature","id":"kml_n_77.5103511586613_12.8894108536766","properties":{"id":"kml_n_77.5103511586613_12.8894108536766","degree":1,"number":353,"kind":"endpoint"},"geometry":{"type":"Point","coordinates":[77.5103511586613,12.8894108536766]}},{"type":"Feature","id":"kml_n_77.5103772187781_13.0970061715811","properties":{"id":"kml_n_77.5103772187781_13.0970061715811","degree":4,"number":354,"kind":"junction_candidate"},"geometry":{"type":"Point","coordinates":[77.5103772187781,13.0970061715811]}},{"type":"Feature","id":"kml_n_77.5103878439221_13.0634843150346","properties":{"id":"kml_n_77.5103878439221_13.0634843150346","degree":1,"number":355,"kind":"endpoint"},"geometry":{"type":"Point","coordinates":[77.5103878439221,13.0634843150346]}},{"type":"Feature","id":"kml_n_77.5103878439495_13.0634843177448","properties":{"id":"kml_n_77.5103878439495_13.0634843177448","degree":1,"number":356,"kind":"endpoint"},"geometry":{"type":"Point","coordinates":[77.5103878439495,13.0634843177448]}},{"type":"Feature","id":"kml_n_77.510396820225_12.9215247363092","properties":{"id":"kml_n_77.510396820225_12.9215247363092","degree":3,"number":357,"kind":"junction_candidate"},"geometry":{"type":"Point","coordinates":[77.510396820225,12.9215247363092]}},{"type":"Feature","id":"kml_n_77.5104067558068_12.9215404057702","properties":{"id":"kml_n_77.5104067558068_12.9215404057702","degree":1,"number":358,"kind":"endpoint"},"geometry":{"type":"Point","coordinates":[77.5104067558068,12.9215404057702]}},{"type":"Feature","id":"kml_n_77.5105488014223_13.0395224349984","properties":{"id":"kml_n_77.5105488014223_13.0395224349984","degree":3,"number":359,"kind":"junction_candidate"},"geometry":{"type":"Point","coordinates":[77.5105488014223,13.0395224349984]}},{"type":"Feature","id":"kml_n_77.5107081510515_12.9220006562396","properties":{"id":"kml_n_77.5107081510515_12.9220006562396","degree":3,"number":360,"kind":"junction_candidate"},"geometry":{"type":"Point","coordinates":[77.5107081510515,12.9220006562396]}},{"type":"Feature","id":"kml_n_77.5107781354931_12.9847980998256","properties":{"id":"kml_n_77.5107781354931_12.9847980998256","degree":3,"number":361,"kind":"junction_candidate"},"geometry":{"type":"Point","coordinates":[77.5107781354931,12.9847980998256]}},{"type":"Feature","id":"kml_n_77.5107800146975_12.925613325149","properties":{"id":"kml_n_77.5107800146975_12.925613325149","degree":3,"number":362,"kind":"junction_candidate"},"geometry":{"type":"Point","coordinates":[77.5107800146975,12.925613325149]}},{"type":"Feature","id":"kml_n_77.5107828357039_12.9256386291666","properties":{"id":"kml_n_77.5107828357039_12.9256386291666","degree":1,"number":363,"kind":"endpoint"},"geometry":{"type":"Point","coordinates":[77.5107828357039,12.9256386291666]}},{"type":"Feature","id":"kml_n_77.5108035932148_13.0437891904224","properties":{"id":"kml_n_77.5108035932148_13.0437891904224","degree":1,"number":364,"kind":"endpoint"},"geometry":{"type":"Point","coordinates":[77.5108035932148,13.0437891904224]}},{"type":"Feature","id":"kml_n_77.510895555855_12.8793063598696","properties":{"id":"kml_n_77.510895555855_12.8793063598696","degree":4,"number":365,"kind":"junction_candidate"},"geometry":{"type":"Point","coordinates":[77.510895555855,12.8793063598696]}},{"type":"Feature","id":"kml_n_77.5109740115024_12.8863613897894","properties":{"id":"kml_n_77.5109740115024_12.8863613897894","degree":3,"number":366,"kind":"junction_candidate"},"geometry":{"type":"Point","coordinates":[77.5109740115024,12.8863613897894]}},{"type":"Feature","id":"kml_n_77.5109787821748_12.9810332070994","properties":{"id":"kml_n_77.5109787821748_12.9810332070994","degree":3,"number":367,"kind":"junction_candidate"},"geometry":{"type":"Point","coordinates":[77.5109787821748,12.9810332070994]}},{"type":"Feature","id":"kml_n_77.5115722431764_13.1068635367649","properties":{"id":"kml_n_77.5115722431764_13.1068635367649","degree":3,"number":368,"kind":"junction_candidate"},"geometry":{"type":"Point","coordinates":[77.5115722431764,13.1068635367649]}},{"type":"Feature","id":"kml_n_77.5122922900094_12.9879059599574","properties":{"id":"kml_n_77.5122922900094_12.9879059599574","degree":3,"number":369,"kind":"junction_candidate"},"geometry":{"type":"Point","coordinates":[77.5122922900094,12.9879059599574]}},{"type":"Feature","id":"kml_n_77.5123646165513_12.9040478382297","properties":{"id":"kml_n_77.5123646165513_12.9040478382297","degree":3,"number":370,"kind":"junction_candidate"},"geometry":{"type":"Point","coordinates":[77.5123646165513,12.9040478382297]}},{"type":"Feature","id":"kml_n_77.5124403906046_12.962920654672","properties":{"id":"kml_n_77.5124403906046_12.962920654672","degree":1,"number":371,"kind":"endpoint"},"geometry":{"type":"Point","coordinates":[77.5124403906046,12.962920654672]}},{"type":"Feature","id":"kml_n_77.5124412950209_12.9629207245446","properties":{"id":"kml_n_77.5124412950209_12.9629207245446","degree":1,"number":372,"kind":"endpoint"},"geometry":{"type":"Point","coordinates":[77.5124412950209,12.9629207245446]}},{"type":"Feature","id":"kml_n_77.5126961189972_12.9696683162496","properties":{"id":"kml_n_77.5126961189972_12.9696683162496","degree":1,"number":373,"kind":"endpoint"},"geometry":{"type":"Point","coordinates":[77.5126961189972,12.9696683162496]}},{"type":"Feature","id":"kml_n_77.5127960057813_13.1013545276596","properties":{"id":"kml_n_77.5127960057813_13.1013545276596","degree":4,"number":374,"kind":"junction_candidate"},"geometry":{"type":"Point","coordinates":[77.5127960057813,13.1013545276596]}},{"type":"Feature","id":"kml_n_77.5128487157546_12.9718115810836","properties":{"id":"kml_n_77.5128487157546_12.9718115810836","degree":1,"number":375,"kind":"endpoint"},"geometry":{"type":"Point","coordinates":[77.5128487157546,12.9718115810836]}},{"type":"Feature","id":"kml_n_77.5129623084778_13.0429596165249","properties":{"id":"kml_n_77.5129623084778_13.0429596165249","degree":3,"number":376,"kind":"junction_candidate"},"geometry":{"type":"Point","coordinates":[77.5129623084778,13.0429596165249]}},{"type":"Feature","id":"kml_n_77.5130762583893_13.0359074375342","properties":{"id":"kml_n_77.5130762583893_13.0359074375342","degree":3,"number":377,"kind":"junction_candidate"},"geometry":{"type":"Point","coordinates":[77.5130762583893,13.0359074375342]}},{"type":"Feature","id":"kml_n_77.5130832419651_13.0524189693049","properties":{"id":"kml_n_77.5130832419651_13.0524189693049","degree":3,"number":378,"kind":"junction_candidate"},"geometry":{"type":"Point","coordinates":[77.5130832419651,13.0524189693049]}},{"type":"Feature","id":"kml_n_77.5130966325781_13.0359019706602","properties":{"id":"kml_n_77.5130966325781_13.0359019706602","degree":3,"number":379,"kind":"junction_candidate"},"geometry":{"type":"Point","coordinates":[77.5130966325781,13.0359019706602]}},{"type":"Feature","id":"kml_n_77.5131803840436_12.935590238021","properties":{"id":"kml_n_77.5131803840436_12.935590238021","degree":3,"number":380,"kind":"junction_candidate"},"geometry":{"type":"Point","coordinates":[77.5131803840436,12.935590238021]}},{"type":"Feature","id":"kml_n_77.5133680933349_12.9096121297837","properties":{"id":"kml_n_77.5133680933349_12.9096121297837","degree":3,"number":381,"kind":"junction_candidate"},"geometry":{"type":"Point","coordinates":[77.5133680933349,12.9096121297837]}},{"type":"Feature","id":"kml_n_77.5134188971659_12.9155470272635","properties":{"id":"kml_n_77.5134188971659_12.9155470272635","degree":4,"number":382,"kind":"junction_candidate"},"geometry":{"type":"Point","coordinates":[77.5134188971659,12.9155470272635]}},{"type":"Feature","id":"kml_n_77.5135380545814_12.9108894084523","properties":{"id":"kml_n_77.5135380545814_12.9108894084523","degree":3,"number":383,"kind":"junction_candidate"},"geometry":{"type":"Point","coordinates":[77.5135380545814,12.9108894084523]}},{"type":"Feature","id":"kml_n_77.5135822112566_13.049594576989","properties":{"id":"kml_n_77.5135822112566_13.049594576989","degree":1,"number":384,"kind":"endpoint"},"geometry":{"type":"Point","coordinates":[77.5135822112566,13.049594576989]}},{"type":"Feature","id":"kml_n_77.5135869590917_13.0495870183999","properties":{"id":"kml_n_77.5135869590917_13.0495870183999","degree":3,"number":385,"kind":"junction_candidate"},"geometry":{"type":"Point","coordinates":[77.5135869590917,13.0495870183999]}},{"type":"Feature","id":"kml_n_77.5135975138204_12.9804074682992","properties":{"id":"kml_n_77.5135975138204_12.9804074682992","degree":3,"number":386,"kind":"junction_candidate"},"geometry":{"type":"Point","coordinates":[77.5135975138204,12.9804074682992]}},{"type":"Feature","id":"kml_n_77.514050526842_13.0398211644991","properties":{"id":"kml_n_77.514050526842_13.0398211644991","degree":3,"number":387,"kind":"junction_candidate"},"geometry":{"type":"Point","coordinates":[77.514050526842,13.0398211644991]}},{"type":"Feature","id":"kml_n_77.5140729092488_12.8227911865251","properties":{"id":"kml_n_77.5140729092488_12.8227911865251","degree":1,"number":388,"kind":"endpoint"},"geometry":{"type":"Point","coordinates":[77.5140729092488,12.8227911865251]}},{"type":"Feature","id":"kml_n_77.5141580537695_12.9206133453575","properties":{"id":"kml_n_77.5141580537695_12.9206133453575","degree":4,"number":389,"kind":"junction_candidate"},"geometry":{"type":"Point","coordinates":[77.5141580537695,12.9206133453575]}},{"type":"Feature","id":"kml_n_77.5143079974132_12.8222648297124","properties":{"id":"kml_n_77.5143079974132_12.8222648297124","degree":1,"number":390,"kind":"endpoint"},"geometry":{"type":"Point","coordinates":[77.5143079974132,12.8222648297124]}},{"type":"Feature","id":"kml_n_77.5143162092712_12.9288717660352","properties":{"id":"kml_n_77.5143162092712_12.9288717660352","degree":1,"number":391,"kind":"endpoint"},"geometry":{"type":"Point","coordinates":[77.5143162092712,12.9288717660352]}},{"type":"Feature","id":"kml_n_77.5143182914967_12.9288798222475","properties":{"id":"kml_n_77.5143182914967_12.9288798222475","degree":3,"number":392,"kind":"junction_candidate"},"geometry":{"type":"Point","coordinates":[77.5143182914967,12.9288798222475]}},{"type":"Feature","id":"kml_n_77.5144419427353_12.8921016671762","properties":{"id":"kml_n_77.5144419427353_12.8921016671762","degree":3,"number":393,"kind":"junction_candidate"},"geometry":{"type":"Point","coordinates":[77.5144419427353,12.8921016671762]}},{"type":"Feature","id":"kml_n_77.5144563157131_12.9263971563666","properties":{"id":"kml_n_77.5144563157131_12.9263971563666","degree":1,"number":394,"kind":"endpoint"},"geometry":{"type":"Point","coordinates":[77.5144563157131,12.9263971563666]}},{"type":"Feature","id":"kml_n_77.5144642866911_12.8218940319677","properties":{"id":"kml_n_77.5144642866911_12.8218940319677","degree":1,"number":395,"kind":"endpoint"},"geometry":{"type":"Point","coordinates":[77.5144642866911,12.8218940319677]}},{"type":"Feature","id":"kml_n_77.5144735301848_12.9263984803402","properties":{"id":"kml_n_77.5144735301848_12.9263984803402","degree":5,"number":396,"kind":"junction_candidate"},"geometry":{"type":"Point","coordinates":[77.5144735301848,12.9263984803402]}},{"type":"Feature","id":"kml_n_77.5144988029306_12.9876178384877","properties":{"id":"kml_n_77.5144988029306_12.9876178384877","degree":3,"number":397,"kind":"junction_candidate"},"geometry":{"type":"Point","coordinates":[77.5144988029306,12.9876178384877]}},{"type":"Feature","id":"kml_n_77.5145041981858_12.9257597006901","properties":{"id":"kml_n_77.5145041981858_12.9257597006901","degree":3,"number":398,"kind":"junction_candidate"},"geometry":{"type":"Point","coordinates":[77.5145041981858,12.9257597006901]}},{"type":"Feature","id":"kml_n_77.5145138595544_12.9258047838039","properties":{"id":"kml_n_77.5145138595544_12.9258047838039","degree":3,"number":399,"kind":"junction_candidate"},"geometry":{"type":"Point","coordinates":[77.5145138595544,12.9258047838039]}},{"type":"Feature","id":"kml_n_77.5146758039325_13.042386930839","properties":{"id":"kml_n_77.5146758039325_13.042386930839","degree":3,"number":400,"kind":"junction_candidate"},"geometry":{"type":"Point","coordinates":[77.5146758039325,13.042386930839]}},{"type":"Feature","id":"kml_n_77.5147083129359_13.0838378611322","properties":{"id":"kml_n_77.5147083129359_13.0838378611322","degree":1,"number":401,"kind":"endpoint"},"geometry":{"type":"Point","coordinates":[77.5147083129359,13.0838378611322]}},{"type":"Feature","id":"kml_n_77.5148995143776_13.04927255858","properties":{"id":"kml_n_77.5148995143776_13.04927255858","degree":3,"number":402,"kind":"junction_candidate"},"geometry":{"type":"Point","coordinates":[77.5148995143776,13.04927255858]}},{"type":"Feature","id":"kml_n_77.5150407586585_13.0355225808585","properties":{"id":"kml_n_77.5150407586585_13.0355225808585","degree":3,"number":403,"kind":"junction_candidate"},"geometry":{"type":"Point","coordinates":[77.5150407586585,13.0355225808585]}},{"type":"Feature","id":"kml_n_77.5150874876387_13.035512686459","properties":{"id":"kml_n_77.5150874876387_13.035512686459","degree":1,"number":404,"kind":"endpoint"},"geometry":{"type":"Point","coordinates":[77.5150874876387,13.035512686459]}},{"type":"Feature","id":"kml_n_77.5151419827232_13.111815790018","properties":{"id":"kml_n_77.5151419827232_13.111815790018","degree":1,"number":405,"kind":"endpoint"},"geometry":{"type":"Point","coordinates":[77.5151419827232,13.111815790018]}},{"type":"Feature","id":"kml_n_77.515380363603_13.0507668131323","properties":{"id":"kml_n_77.515380363603_13.0507668131323","degree":3,"number":406,"kind":"junction_candidate"},"geometry":{"type":"Point","coordinates":[77.515380363603,13.0507668131323]}},{"type":"Feature","id":"kml_n_77.5154461266153_13.0600225384463","properties":{"id":"kml_n_77.5154461266153_13.0600225384463","degree":1,"number":407,"kind":"endpoint"},"geometry":{"type":"Point","coordinates":[77.5154461266153,13.0600225384463]}},{"type":"Feature","id":"kml_n_77.5154488967343_13.0600220696849","properties":{"id":"kml_n_77.5154488967343_13.0600220696849","degree":1,"number":408,"kind":"endpoint"},"geometry":{"type":"Point","coordinates":[77.5154488967343,13.0600220696849]}},{"type":"Feature","id":"kml_n_77.5157624980182_13.0674419978302","properties":{"id":"kml_n_77.5157624980182_13.0674419978302","degree":1,"number":409,"kind":"endpoint"},"geometry":{"type":"Point","coordinates":[77.5157624980182,13.0674419978302]}},{"type":"Feature","id":"kml_n_77.5158564429543_13.0676512936167","properties":{"id":"kml_n_77.5158564429543_13.0676512936167","degree":1,"number":410,"kind":"endpoint"},"geometry":{"type":"Point","coordinates":[77.5158564429543,13.0676512936167]}},{"type":"Feature","id":"kml_n_77.5159080218052_13.0642618070182","properties":{"id":"kml_n_77.5159080218052_13.0642618070182","degree":3,"number":411,"kind":"junction_candidate"},"geometry":{"type":"Point","coordinates":[77.5159080218052,13.0642618070182]}},{"type":"Feature","id":"kml_n_77.516096713011_12.9326801184187","properties":{"id":"kml_n_77.516096713011_12.9326801184187","degree":1,"number":412,"kind":"endpoint"},"geometry":{"type":"Point","coordinates":[77.516096713011,12.9326801184187]}},{"type":"Feature","id":"kml_n_77.5161490266602_12.9800672822534","properties":{"id":"kml_n_77.5161490266602_12.9800672822534","degree":1,"number":413,"kind":"endpoint"},"geometry":{"type":"Point","coordinates":[77.5161490266602,12.9800672822534]}},{"type":"Feature","id":"kml_n_77.5161766011866_12.8868268914142","properties":{"id":"kml_n_77.5161766011866_12.8868268914142","degree":3,"number":414,"kind":"junction_candidate"},"geometry":{"type":"Point","coordinates":[77.5161766011866,12.8868268914142]}},{"type":"Feature","id":"kml_n_77.5164401733533_13.1036092818988","properties":{"id":"kml_n_77.5164401733533_13.1036092818988","degree":3,"number":415,"kind":"junction_candidate"},"geometry":{"type":"Point","coordinates":[77.5164401733533,13.1036092818988]}},{"type":"Feature","id":"kml_n_77.5165285759777_12.8779323658131","properties":{"id":"kml_n_77.5165285759777_12.8779323658131","degree":3,"number":416,"kind":"junction_candidate"},"geometry":{"type":"Point","coordinates":[77.5165285759777,12.8779323658131]}},{"type":"Feature","id":"kml_n_77.5168263909539_12.9589953445631","properties":{"id":"kml_n_77.5168263909539_12.9589953445631","degree":1,"number":417,"kind":"endpoint"},"geometry":{"type":"Point","coordinates":[77.5168263909539,12.9589953445631]}},{"type":"Feature","id":"kml_n_77.5170831617193_12.8777182039713","properties":{"id":"kml_n_77.5170831617193_12.8777182039713","degree":1,"number":418,"kind":"endpoint"},"geometry":{"type":"Point","coordinates":[77.5170831617193,12.8777182039713]}},{"type":"Feature","id":"kml_n_77.5170934773005_12.8776267810438","properties":{"id":"kml_n_77.5170934773005_12.8776267810438","degree":1,"number":419,"kind":"endpoint"},"geometry":{"type":"Point","coordinates":[77.5170934773005,12.8776267810438]}},{"type":"Feature","id":"kml_n_77.5172307028233_13.0814834464801","properties":{"id":"kml_n_77.5172307028233_13.0814834464801","degree":3,"number":420,"kind":"junction_candidate"},"geometry":{"type":"Point","coordinates":[77.5172307028233,13.0814834464801]}},{"type":"Feature","id":"kml_n_77.5172391401549_13.0814443619572","properties":{"id":"kml_n_77.5172391401549_13.0814443619572","degree":3,"number":421,"kind":"junction_candidate"},"geometry":{"type":"Point","coordinates":[77.5172391401549,13.0814443619572]}},{"type":"Feature","id":"kml_n_77.5180389432991_13.0351298857799","properties":{"id":"kml_n_77.5180389432991_13.0351298857799","degree":3,"number":422,"kind":"junction_candidate"},"geometry":{"type":"Point","coordinates":[77.5180389432991,13.0351298857799]}},{"type":"Feature","id":"kml_n_77.5181444422822_13.1143408195049","properties":{"id":"kml_n_77.5181444422822_13.1143408195049","degree":1,"number":423,"kind":"endpoint"},"geometry":{"type":"Point","coordinates":[77.5181444422822,13.1143408195049]}},{"type":"Feature","id":"kml_n_77.5183435291893_12.9363582794017","properties":{"id":"kml_n_77.5183435291893_12.9363582794017","degree":3,"number":424,"kind":"junction_candidate"},"geometry":{"type":"Point","coordinates":[77.5183435291893,12.9363582794017]}},{"type":"Feature","id":"kml_n_77.5184298533444_13.039946091737","properties":{"id":"kml_n_77.5184298533444_13.039946091737","degree":4,"number":425,"kind":"junction_candidate"},"geometry":{"type":"Point","coordinates":[77.5184298533444,13.039946091737]}},{"type":"Feature","id":"kml_n_77.518760911918_13.0942805793745","properties":{"id":"kml_n_77.518760911918_13.0942805793745","degree":4,"number":426,"kind":"junction_candidate"},"geometry":{"type":"Point","coordinates":[77.518760911918,13.0942805793745]}},{"type":"Feature","id":"kml_n_77.5192062367764_13.0736941858501","properties":{"id":"kml_n_77.5192062367764_13.0736941858501","degree":1,"number":427,"kind":"endpoint"},"geometry":{"type":"Point","coordinates":[77.5192062367764,13.0736941858501]}},{"type":"Feature","id":"kml_n_77.5193453008454_12.9596609713832","properties":{"id":"kml_n_77.5193453008454_12.9596609713832","degree":3,"number":428,"kind":"junction_candidate"},"geometry":{"type":"Point","coordinates":[77.5193453008454,12.9596609713832]}},{"type":"Feature","id":"kml_n_77.5193733416051_12.9872781763494","properties":{"id":"kml_n_77.5193733416051_12.9872781763494","degree":3,"number":429,"kind":"junction_candidate"},"geometry":{"type":"Point","coordinates":[77.5193733416051,12.9872781763494]}},{"type":"Feature","id":"kml_n_77.5194297279443_12.9872488265695","properties":{"id":"kml_n_77.5194297279443_12.9872488265695","degree":1,"number":430,"kind":"endpoint"},"geometry":{"type":"Point","coordinates":[77.5194297279443,12.9872488265695]}},{"type":"Feature","id":"kml_n_77.5195661292697_13.1267106021015","properties":{"id":"kml_n_77.5195661292697_13.1267106021015","degree":1,"number":431,"kind":"endpoint"},"geometry":{"type":"Point","coordinates":[77.5195661292697,13.1267106021015]}},{"type":"Feature","id":"kml_n_77.5197001160052_13.1061935230417","properties":{"id":"kml_n_77.5197001160052_13.1061935230417","degree":3,"number":432,"kind":"junction_candidate"},"geometry":{"type":"Point","coordinates":[77.5197001160052,13.1061935230417]}},{"type":"Feature","id":"kml_n_77.5197115505932_12.9771141661743","properties":{"id":"kml_n_77.5197115505932_12.9771141661743","degree":1,"number":433,"kind":"endpoint"},"geometry":{"type":"Point","coordinates":[77.5197115505932,12.9771141661743]}},{"type":"Feature","id":"kml_n_77.5197115921119_12.9771145380064","properties":{"id":"kml_n_77.5197115921119_12.9771145380064","degree":1,"number":434,"kind":"endpoint"},"geometry":{"type":"Point","coordinates":[77.5197115921119,12.9771145380064]}},{"type":"Feature","id":"kml_n_77.5198098008991_13.096827533189","properties":{"id":"kml_n_77.5198098008991_13.096827533189","degree":4,"number":435,"kind":"junction_candidate"},"geometry":{"type":"Point","coordinates":[77.5198098008991,13.096827533189]}},{"type":"Feature","id":"kml_n_77.5198972185116_12.9240402073489","properties":{"id":"kml_n_77.5198972185116_12.9240402073489","degree":3,"number":436,"kind":"junction_candidate"},"geometry":{"type":"Point","coordinates":[77.5198972185116,12.9240402073489]}},{"type":"Feature","id":"kml_n_77.5201405137067_12.9869357269064","properties":{"id":"kml_n_77.5201405137067_12.9869357269064","degree":1,"number":437,"kind":"endpoint"},"geometry":{"type":"Point","coordinates":[77.5201405137067,12.9869357269064]}},{"type":"Feature","id":"kml_n_77.5203133016486_12.9197456913216","properties":{"id":"kml_n_77.5203133016486_12.9197456913216","degree":4,"number":438,"kind":"junction_candidate"},"geometry":{"type":"Point","coordinates":[77.5203133016486,12.9197456913216]}},{"type":"Feature","id":"kml_n_77.5203619084394_12.9969483361935","properties":{"id":"kml_n_77.5203619084394_12.9969483361935","degree":1,"number":439,"kind":"endpoint"},"geometry":{"type":"Point","coordinates":[77.5203619084394,12.9969483361935]}},{"type":"Feature","id":"kml_n_77.5203703729397_12.9868393617281","properties":{"id":"kml_n_77.5203703729397_12.9868393617281","degree":1,"number":440,"kind":"endpoint"},"geometry":{"type":"Point","coordinates":[77.5203703729397,12.9868393617281]}},{"type":"Feature","id":"kml_n_77.5203874574661_12.9978782247853","properties":{"id":"kml_n_77.5203874574661_12.9978782247853","degree":1,"number":441,"kind":"endpoint"},"geometry":{"type":"Point","coordinates":[77.5203874574661,12.9978782247853]}},{"type":"Feature","id":"kml_n_77.5203891773896_12.9978904312727","properties":{"id":"kml_n_77.5203891773896_12.9978904312727","degree":1,"number":442,"kind":"endpoint"},"geometry":{"type":"Point","coordinates":[77.5203891773896,12.9978904312727]}},{"type":"Feature","id":"kml_n_77.520601527695_12.9223243291208","properties":{"id":"kml_n_77.520601527695_12.9223243291208","degree":3,"number":443,"kind":"junction_candidate"},"geometry":{"type":"Point","coordinates":[77.520601527695,12.9223243291208]}},{"type":"Feature","id":"kml_n_77.5206289063768_12.9148436452141","properties":{"id":"kml_n_77.5206289063768_12.9148436452141","degree":4,"number":444,"kind":"junction_candidate"},"geometry":{"type":"Point","coordinates":[77.5206289063768,12.9148436452141]}},{"type":"Feature","id":"kml_n_77.5206432567445_13.0860526430964","properties":{"id":"kml_n_77.5206432567445_13.0860526430964","degree":1,"number":445,"kind":"endpoint"},"geometry":{"type":"Point","coordinates":[77.5206432567445,13.0860526430964]}},{"type":"Feature","id":"kml_n_77.5207795152305_13.0258404437765","properties":{"id":"kml_n_77.5207795152305_13.0258404437765","degree":3,"number":446,"kind":"junction_candidate"},"geometry":{"type":"Point","coordinates":[77.5207795152305,13.0258404437765]}},{"type":"Feature","id":"kml_n_77.5209951774332_13.1138009428918","properties":{"id":"kml_n_77.5209951774332_13.1138009428918","degree":1,"number":447,"kind":"endpoint"},"geometry":{"type":"Point","coordinates":[77.5209951774332,13.1138009428918]}},{"type":"Feature","id":"kml_n_77.5210004688784_12.9081975875124","properties":{"id":"kml_n_77.5210004688784_12.9081975875124","degree":4,"number":448,"kind":"junction_candidate"},"geometry":{"type":"Point","coordinates":[77.5210004688784,12.9081975875124]}},{"type":"Feature","id":"kml_n_77.5212162536396_12.9377840558556","properties":{"id":"kml_n_77.5212162536396_12.9377840558556","degree":1,"number":449,"kind":"endpoint"},"geometry":{"type":"Point","coordinates":[77.5212162536396,12.9377840558556]}},{"type":"Feature","id":"kml_n_77.5212192410502_12.9297879589195","properties":{"id":"kml_n_77.5212192410502_12.9297879589195","degree":3,"number":450,"kind":"junction_candidate"},"geometry":{"type":"Point","coordinates":[77.5212192410502,12.9297879589195]}},{"type":"Feature","id":"kml_n_77.5212302311678_12.9377989474268","properties":{"id":"kml_n_77.5212302311678_12.9377989474268","degree":1,"number":451,"kind":"endpoint"},"geometry":{"type":"Point","coordinates":[77.5212302311678,12.9377989474268]}},{"type":"Feature","id":"kml_n_77.5212658430553_12.927878509122","properties":{"id":"kml_n_77.5212658430553_12.927878509122","degree":1,"number":452,"kind":"endpoint"},"geometry":{"type":"Point","coordinates":[77.5212658430553,12.927878509122]}},{"type":"Feature","id":"kml_n_77.5212658430825_12.9278785118322","properties":{"id":"kml_n_77.5212658430825_12.9278785118322","degree":1,"number":453,"kind":"endpoint"},"geometry":{"type":"Point","coordinates":[77.5212658430825,12.9278785118322]}},{"type":"Feature","id":"kml_n_77.5212972371094_12.9028261237801","properties":{"id":"kml_n_77.5212972371094_12.9028261237801","degree":3,"number":454,"kind":"junction_candidate"},"geometry":{"type":"Point","coordinates":[77.5212972371094,12.9028261237801]}},{"type":"Feature","id":"kml_n_77.5213489750907_12.9930209419297","properties":{"id":"kml_n_77.5213489750907_12.9930209419297","degree":1,"number":455,"kind":"endpoint"},"geometry":{"type":"Point","coordinates":[77.5213489750907,12.9930209419297]}},{"type":"Feature","id":"kml_n_77.5213833710097_12.9292628094129","properties":{"id":"kml_n_77.5213833710097_12.9292628094129","degree":1,"number":456,"kind":"endpoint"},"geometry":{"type":"Point","coordinates":[77.5213833710097,12.9292628094129]}},{"type":"Feature","id":"kml_n_77.5213850123703_12.9292623490361","properties":{"id":"kml_n_77.5213850123703_12.9292623490361","degree":1,"number":457,"kind":"endpoint"},"geometry":{"type":"Point","coordinates":[77.5213850123703,12.9292623490361]}},{"type":"Feature","id":"kml_n_77.5218386152666_13.1008049879191","properties":{"id":"kml_n_77.5218386152666_13.1008049879191","degree":4,"number":458,"kind":"junction_candidate"},"geometry":{"type":"Point","coordinates":[77.5218386152666,13.1008049879191]}},{"type":"Feature","id":"kml_n_77.5218706634493_12.9861911334728","properties":{"id":"kml_n_77.5218706634493_12.9861911334728","degree":1,"number":459,"kind":"endpoint"},"geometry":{"type":"Point","coordinates":[77.5218706634493,12.9861911334728]}},{"type":"Feature","id":"kml_n_77.5221690240217_13.0458696191226","properties":{"id":"kml_n_77.5221690240217_13.0458696191226","degree":3,"number":460,"kind":"junction_candidate"},"geometry":{"type":"Point","coordinates":[77.5221690240217,13.0458696191226]}},{"type":"Feature","id":"kml_n_77.522209324691_13.0459215790929","properties":{"id":"kml_n_77.522209324691_13.0459215790929","degree":3,"number":461,"kind":"junction_candidate"},"geometry":{"type":"Point","coordinates":[77.522209324691,13.0459215790929]}},{"type":"Feature","id":"kml_n_77.5223980524004_12.992227724456","properties":{"id":"kml_n_77.5223980524004_12.992227724456","degree":1,"number":462,"kind":"endpoint"},"geometry":{"type":"Point","coordinates":[77.5223980524004,12.992227724456]}},{"type":"Feature","id":"kml_n_77.5224189551271_12.9921997918558","properties":{"id":"kml_n_77.5224189551271_12.9921997918558","degree":1,"number":463,"kind":"endpoint"},"geometry":{"type":"Point","coordinates":[77.5224189551271,12.9921997918558]}},{"type":"Feature","id":"kml_n_77.5224349568744_12.8600968907677","properties":{"id":"kml_n_77.5224349568744_12.8600968907677","degree":1,"number":464,"kind":"endpoint"},"geometry":{"type":"Point","coordinates":[77.5224349568744,12.8600968907677]}},{"type":"Feature","id":"kml_n_77.5229846123142_13.1056333189157","properties":{"id":"kml_n_77.5229846123142_13.1056333189157","degree":4,"number":465,"kind":"junction_candidate"},"geometry":{"type":"Point","coordinates":[77.5229846123142,13.1056333189157]}},{"type":"Feature","id":"kml_n_77.5230137643291_13.1181443189734","properties":{"id":"kml_n_77.5230137643291_13.1181443189734","degree":4,"number":466,"kind":"junction_candidate"},"geometry":{"type":"Point","coordinates":[77.5230137643291,13.1181443189734]}},{"type":"Feature","id":"kml_n_77.5230261957162_13.1182051326855","properties":{"id":"kml_n_77.5230261957162_13.1182051326855","degree":4,"number":467,"kind":"junction_candidate"},"geometry":{"type":"Point","coordinates":[77.5230261957162,13.1182051326855]}},{"type":"Feature","id":"kml_n_77.5234118042134_12.9395155507329","properties":{"id":"kml_n_77.5234118042134_12.9395155507329","degree":3,"number":468,"kind":"junction_candidate"},"geometry":{"type":"Point","coordinates":[77.5234118042134,12.9395155507329]}},{"type":"Feature","id":"kml_n_77.5235357510096_13.0226135367369","properties":{"id":"kml_n_77.5235357510096_13.0226135367369","degree":3,"number":469,"kind":"junction_candidate"},"geometry":{"type":"Point","coordinates":[77.5235357510096,13.0226135367369]}},{"type":"Feature","id":"kml_n_77.5235405329379_13.1134991674251","properties":{"id":"kml_n_77.5235405329379_13.1134991674251","degree":4,"number":470,"kind":"junction_candidate"},"geometry":{"type":"Point","coordinates":[77.5235405329379,13.1134991674251]}},{"type":"Feature","id":"kml_n_77.5235955388034_13.0929037252335","properties":{"id":"kml_n_77.5235955388034_13.0929037252335","degree":1,"number":471,"kind":"endpoint"},"geometry":{"type":"Point","coordinates":[77.5235955388034,13.0929037252335]}},{"type":"Feature","id":"kml_n_77.5236437085483_12.9979500081384","properties":{"id":"kml_n_77.5236437085483_12.9979500081384","degree":4,"number":472,"kind":"junction_candidate"},"geometry":{"type":"Point","coordinates":[77.5236437085483,12.9979500081384]}},{"type":"Feature","id":"kml_n_77.5236616533631_13.1164834852841","properties":{"id":"kml_n_77.5236616533631_13.1164834852841","degree":1,"number":473,"kind":"endpoint"},"geometry":{"type":"Point","coordinates":[77.5236616533631,13.1164834852841]}},{"type":"Feature","id":"kml_n_77.5241835467177_12.9212708934358","properties":{"id":"kml_n_77.5241835467177_12.9212708934358","degree":1,"number":474,"kind":"endpoint"},"geometry":{"type":"Point","coordinates":[77.5241835467177,12.9212708934358]}},{"type":"Feature","id":"kml_n_77.5241836198804_12.9212856890561","properties":{"id":"kml_n_77.5241836198804_12.9212856890561","degree":3,"number":475,"kind":"junction_candidate"},"geometry":{"type":"Point","coordinates":[77.5241836198804,12.9212856890561]}},{"type":"Feature","id":"kml_n_77.5241991728075_13.074817462004","properties":{"id":"kml_n_77.5241991728075_13.074817462004","degree":3,"number":476,"kind":"junction_candidate"},"geometry":{"type":"Point","coordinates":[77.5241991728075,13.074817462004]}},{"type":"Feature","id":"kml_n_77.5244357487413_12.9687644815365","properties":{"id":"kml_n_77.5244357487413_12.9687644815365","degree":3,"number":477,"kind":"junction_candidate"},"geometry":{"type":"Point","coordinates":[77.5244357487413,12.9687644815365]}},{"type":"Feature","id":"kml_n_77.5247202222078_13.1134209248049","properties":{"id":"kml_n_77.5247202222078_13.1134209248049","degree":3,"number":478,"kind":"junction_candidate"},"geometry":{"type":"Point","coordinates":[77.5247202222078,13.1134209248049]}},{"type":"Feature","id":"kml_n_77.5249475331384_12.9707689081476","properties":{"id":"kml_n_77.5249475331384_12.9707689081476","degree":3,"number":479,"kind":"junction_candidate"},"geometry":{"type":"Point","coordinates":[77.5249475331384,12.9707689081476]}},{"type":"Feature","id":"kml_n_77.5250724124104_13.0854453751125","properties":{"id":"kml_n_77.5250724124104_13.0854453751125","degree":3,"number":480,"kind":"junction_candidate"},"geometry":{"type":"Point","coordinates":[77.5250724124104,13.0854453751125]}},{"type":"Feature","id":"kml_n_77.5252791533029_13.0984301754744","properties":{"id":"kml_n_77.5252791533029_13.0984301754744","degree":3,"number":481,"kind":"junction_candidate"},"geometry":{"type":"Point","coordinates":[77.5252791533029,13.0984301754744]}},{"type":"Feature","id":"kml_n_77.5260971724961_12.914224875248","properties":{"id":"kml_n_77.5260971724961_12.914224875248","degree":3,"number":482,"kind":"junction_candidate"},"geometry":{"type":"Point","coordinates":[77.5260971724961,12.914224875248]}},{"type":"Feature","id":"kml_n_77.5261246908069_12.914222287139","properties":{"id":"kml_n_77.5261246908069_12.914222287139","degree":1,"number":483,"kind":"endpoint"},"geometry":{"type":"Point","coordinates":[77.5261246908069,12.914222287139]}},{"type":"Feature","id":"kml_n_77.5262980030174_12.9435911640859","properties":{"id":"kml_n_77.5262980030174_12.9435911640859","degree":1,"number":484,"kind":"endpoint"},"geometry":{"type":"Point","coordinates":[77.5262980030174,12.9435911640859]}},{"type":"Feature","id":"kml_n_77.5263320287892_12.9461332400946","properties":{"id":"kml_n_77.5263320287892_12.9461332400946","degree":1,"number":485,"kind":"endpoint"},"geometry":{"type":"Point","coordinates":[77.5263320287892,12.9461332400946]}},{"type":"Feature","id":"kml_n_77.5263996354689_12.9042765178466","properties":{"id":"kml_n_77.5263996354689_12.9042765178466","degree":1,"number":486,"kind":"endpoint"},"geometry":{"type":"Point","coordinates":[77.5263996354689,12.9042765178466]}},{"type":"Feature","id":"kml_n_77.5265676858946_12.9439540027287","properties":{"id":"kml_n_77.5265676858946_12.9439540027287","degree":1,"number":487,"kind":"endpoint"},"geometry":{"type":"Point","coordinates":[77.5265676858946,12.9439540027287]}},{"type":"Feature","id":"kml_n_77.5267606558822_13.0066669658959","properties":{"id":"kml_n_77.5267606558822_13.0066669658959","degree":3,"number":488,"kind":"junction_candidate"},"geometry":{"type":"Point","coordinates":[77.5267606558822,13.0066669658959]}},{"type":"Feature","id":"kml_n_77.5270226318516_12.9081008326281","properties":{"id":"kml_n_77.5270226318516_12.9081008326281","degree":1,"number":489,"kind":"endpoint"},"geometry":{"type":"Point","coordinates":[77.5270226318516,12.9081008326281]}},{"type":"Feature","id":"kml_n_77.5270226336934_12.9081008326103","properties":{"id":"kml_n_77.5270226336934_12.9081008326103","degree":1,"number":490,"kind":"endpoint"},"geometry":{"type":"Point","coordinates":[77.5270226336934,12.9081008326103]}},{"type":"Feature","id":"kml_n_77.5271901711662_12.9445287777331","properties":{"id":"kml_n_77.5271901711662_12.9445287777331","degree":1,"number":491,"kind":"endpoint"},"geometry":{"type":"Point","coordinates":[77.5271901711662,12.9445287777331]}},{"type":"Feature","id":"kml_n_77.5272000459122_12.8727310570467","properties":{"id":"kml_n_77.5272000459122_12.8727310570467","degree":4,"number":492,"kind":"junction_candidate"},"geometry":{"type":"Point","coordinates":[77.5272000459122,12.8727310570467]}},{"type":"Feature","id":"kml_n_77.5272437252589_12.944576374066","properties":{"id":"kml_n_77.5272437252589_12.944576374066","degree":1,"number":493,"kind":"endpoint"},"geometry":{"type":"Point","coordinates":[77.5272437252589,12.944576374066]}},{"type":"Feature","id":"kml_n_77.5272696858136_12.909829738483","properties":{"id":"kml_n_77.5272696858136_12.909829738483","degree":3,"number":494,"kind":"junction_candidate"},"geometry":{"type":"Point","coordinates":[77.5272696858136,12.909829738483]}},{"type":"Feature","id":"kml_n_77.5273983816084_13.0937744856646","properties":{"id":"kml_n_77.5273983816084_13.0937744856646","degree":4,"number":495,"kind":"junction_candidate"},"geometry":{"type":"Point","coordinates":[77.5273983816084,13.0937744856646]}},{"type":"Feature","id":"kml_n_77.5274178585495_13.0711695127367","properties":{"id":"kml_n_77.5274178585495_13.0711695127367","degree":1,"number":496,"kind":"endpoint"},"geometry":{"type":"Point","coordinates":[77.5274178585495,13.0711695127367]}},{"type":"Feature","id":"kml_n_77.5274863061637_13.0711622375841","properties":{"id":"kml_n_77.5274863061637_13.0711622375841","degree":3,"number":497,"kind":"junction_candidate"},"geometry":{"type":"Point","coordinates":[77.5274863061637,13.0711622375841]}},{"type":"Feature","id":"kml_n_77.5275823773966_12.8649129950961","properties":{"id":"kml_n_77.5275823773966_12.8649129950961","degree":1,"number":498,"kind":"endpoint"},"geometry":{"type":"Point","coordinates":[77.5275823773966,12.8649129950961]}},{"type":"Feature","id":"kml_n_77.5275863536956_12.864911531958","properties":{"id":"kml_n_77.5275863536956_12.864911531958","degree":3,"number":499,"kind":"junction_candidate"},"geometry":{"type":"Point","coordinates":[77.5275863536956,12.864911531958]}},{"type":"Feature","id":"kml_n_77.5276583487856_13.0711359215385","properties":{"id":"kml_n_77.5276583487856_13.0711359215385","degree":3,"number":500,"kind":"junction_candidate"},"geometry":{"type":"Point","coordinates":[77.5276583487856,13.0711359215385]}},{"type":"Feature","id":"kml_n_77.5277180349176_13.0711227023095","properties":{"id":"kml_n_77.5277180349176_13.0711227023095","degree":3,"number":501,"kind":"junction_candidate"},"geometry":{"type":"Point","coordinates":[77.5277180349176,13.0711227023095]}},{"type":"Feature","id":"kml_n_77.5278135403646_13.1106500258621","properties":{"id":"kml_n_77.5278135403646_13.1106500258621","degree":3,"number":502,"kind":"junction_candidate"},"geometry":{"type":"Point","coordinates":[77.5278135403646,13.1106500258621]}},{"type":"Feature","id":"kml_n_77.5279362430131_12.9452251852015","properties":{"id":"kml_n_77.5279362430131_12.9452251852015","degree":3,"number":503,"kind":"junction_candidate"},"geometry":{"type":"Point","coordinates":[77.5279362430131,12.9452251852015]}},{"type":"Feature","id":"kml_n_77.5280537976992_12.9137928323276","properties":{"id":"kml_n_77.5280537976992_12.9137928323276","degree":3,"number":504,"kind":"junction_candidate"},"geometry":{"type":"Point","coordinates":[77.5280537976992,12.9137928323276]}},{"type":"Feature","id":"kml_n_77.5281027400918_12.9127026521938","properties":{"id":"kml_n_77.5281027400918_12.9127026521938","degree":3,"number":505,"kind":"junction_candidate"},"geometry":{"type":"Point","coordinates":[77.5281027400918,12.9127026521938]}},{"type":"Feature","id":"kml_n_77.5281172924503_12.9127507445379","properties":{"id":"kml_n_77.5281172924503_12.9127507445379","degree":1,"number":506,"kind":"endpoint"},"geometry":{"type":"Point","coordinates":[77.5281172924503,12.9127507445379]}},{"type":"Feature","id":"kml_n_77.528148346745_12.9454162207422","properties":{"id":"kml_n_77.528148346745_12.9454162207422","degree":1,"number":507,"kind":"endpoint"},"geometry":{"type":"Point","coordinates":[77.528148346745,12.9454162207422]}},{"type":"Feature","id":"kml_n_77.528187437061_13.0860921326478","properties":{"id":"kml_n_77.528187437061_13.0860921326478","degree":1,"number":508,"kind":"endpoint"},"geometry":{"type":"Point","coordinates":[77.528187437061,13.0860921326478]}},{"type":"Feature","id":"kml_n_77.5281874398258_13.0860921326207","properties":{"id":"kml_n_77.5281874398258_13.0860921326207","degree":1,"number":509,"kind":"endpoint"},"geometry":{"type":"Point","coordinates":[77.5281874398258,13.0860921326207]}},{"type":"Feature","id":"kml_n_77.5282115953929_12.9189927978275","properties":{"id":"kml_n_77.5282115953929_12.9189927978275","degree":3,"number":510,"kind":"junction_candidate"},"geometry":{"type":"Point","coordinates":[77.5282115953929,12.9189927978275]}},{"type":"Feature","id":"kml_n_77.5283364121631_12.990050727204","properties":{"id":"kml_n_77.5283364121631_12.990050727204","degree":1,"number":511,"kind":"endpoint"},"geometry":{"type":"Point","coordinates":[77.5283364121631,12.990050727204]}},{"type":"Feature","id":"kml_n_77.5283398188824_12.9900489702127","properties":{"id":"kml_n_77.5283398188824_12.9900489702127","degree":1,"number":512,"kind":"endpoint"},"geometry":{"type":"Point","coordinates":[77.5283398188824,12.9900489702127]}},{"type":"Feature","id":"kml_n_77.5283533013386_12.9570854942986","properties":{"id":"kml_n_77.5283533013386_12.9570854942986","degree":1,"number":513,"kind":"endpoint"},"geometry":{"type":"Point","coordinates":[77.5283533013386,12.9570854942986]}},{"type":"Feature","id":"kml_n_77.5284226089034_12.9137086691048","properties":{"id":"kml_n_77.5284226089034_12.9137086691048","degree":3,"number":514,"kind":"junction_candidate"},"geometry":{"type":"Point","coordinates":[77.5284226089034,12.9137086691048]}},{"type":"Feature","id":"kml_n_77.5284557013968_13.0210091078395","properties":{"id":"kml_n_77.5284557013968_13.0210091078395","degree":3,"number":515,"kind":"junction_candidate"},"geometry":{"type":"Point","coordinates":[77.5284557013968,13.0210091078395]}},{"type":"Feature","id":"kml_n_77.528627753948_12.9568515361123","properties":{"id":"kml_n_77.528627753948_12.9568515361123","degree":3,"number":516,"kind":"junction_candidate"},"geometry":{"type":"Point","coordinates":[77.528627753948,12.9568515361123]}},{"type":"Feature","id":"kml_n_77.5287209498679_12.976320658321","properties":{"id":"kml_n_77.5287209498679_12.976320658321","degree":3,"number":517,"kind":"junction_candidate"},"geometry":{"type":"Point","coordinates":[77.5287209498679,12.976320658321]}},{"type":"Feature","id":"kml_n_77.5287218190079_12.9838367963666","properties":{"id":"kml_n_77.5287218190079_12.9838367963666","degree":3,"number":518,"kind":"junction_candidate"},"geometry":{"type":"Point","coordinates":[77.5287218190079,12.9838367963666]}},{"type":"Feature","id":"kml_n_77.5289187121932_12.9213639882073","properties":{"id":"kml_n_77.5289187121932_12.9213639882073","degree":3,"number":519,"kind":"junction_candidate"},"geometry":{"type":"Point","coordinates":[77.5289187121932,12.9213639882073]}},{"type":"Feature","id":"kml_n_77.5289832549334_12.9838033958689","properties":{"id":"kml_n_77.5289832549334_12.9838033958689","degree":3,"number":520,"kind":"junction_candidate"},"geometry":{"type":"Point","coordinates":[77.5289832549334,12.9838033958689]}},{"type":"Feature","id":"kml_n_77.5290197247468_12.9992506061974","properties":{"id":"kml_n_77.5290197247468_12.9992506061974","degree":1,"number":521,"kind":"endpoint"},"geometry":{"type":"Point","coordinates":[77.5290197247468,12.9992506061974]}},{"type":"Feature","id":"kml_n_77.5290605272089_12.9992422318927","properties":{"id":"kml_n_77.5290605272089_12.9992422318927","degree":1,"number":522,"kind":"endpoint"},"geometry":{"type":"Point","coordinates":[77.5290605272089,12.9992422318927]}},{"type":"Feature","id":"kml_n_77.5296054797192_12.9605300724512","properties":{"id":"kml_n_77.5296054797192_12.9605300724512","degree":3,"number":523,"kind":"junction_candidate"},"geometry":{"type":"Point","coordinates":[77.5296054797192,12.9605300724512]}},{"type":"Feature","id":"kml_n_77.5297298250803_13.0706864922697","properties":{"id":"kml_n_77.5297298250803_13.0706864922697","degree":3,"number":524,"kind":"junction_candidate"},"geometry":{"type":"Point","coordinates":[77.5297298250803,13.0706864922697]}},{"type":"Feature","id":"kml_n_77.5298892021732_13.0819136710362","properties":{"id":"kml_n_77.5298892021732_13.0819136710362","degree":3,"number":525,"kind":"junction_candidate"},"geometry":{"type":"Point","coordinates":[77.5298892021732,13.0819136710362]}},{"type":"Feature","id":"kml_n_77.529943569183_13.0688119437553","properties":{"id":"kml_n_77.529943569183_13.0688119437553","degree":3,"number":526,"kind":"junction_candidate"},"geometry":{"type":"Point","coordinates":[77.529943569183,13.0688119437553]}},{"type":"Feature","id":"kml_n_77.5300225209671_13.0747823091499","properties":{"id":"kml_n_77.5300225209671_13.0747823091499","degree":3,"number":527,"kind":"junction_candidate"},"geometry":{"type":"Point","coordinates":[77.5300225209671,13.0747823091499]}},{"type":"Feature","id":"kml_n_77.5300225211053_13.0747823227006","properties":{"id":"kml_n_77.5300225211053_13.0747823227006","degree":1,"number":528,"kind":"endpoint"},"geometry":{"type":"Point","coordinates":[77.5300225211053,13.0747823227006]}},{"type":"Feature","id":"kml_n_77.5300838379423_12.8855317458594","properties":{"id":"kml_n_77.5300838379423_12.8855317458594","degree":3,"number":529,"kind":"junction_candidate"},"geometry":{"type":"Point","coordinates":[77.5300838379423,12.8855317458594]}},{"type":"Feature","id":"kml_n_77.5300934705723_13.1010702777293","properties":{"id":"kml_n_77.5300934705723_13.1010702777293","degree":1,"number":530,"kind":"endpoint"},"geometry":{"type":"Point","coordinates":[77.5300934705723,13.1010702777293]}},{"type":"Feature","id":"kml_n_77.5301487788489_13.0763964072622","properties":{"id":"kml_n_77.5301487788489_13.0763964072622","degree":3,"number":531,"kind":"junction_candidate"},"geometry":{"type":"Point","coordinates":[77.5301487788489,13.0763964072622]}},{"type":"Feature","id":"kml_n_77.5302276460191_13.0684657575854","properties":{"id":"kml_n_77.5302276460191_13.0684657575854","degree":3,"number":532,"kind":"junction_candidate"},"geometry":{"type":"Point","coordinates":[77.5302276460191,13.0684657575854]}},{"type":"Feature","id":"kml_n_77.5302856930574_13.0822017687486","properties":{"id":"kml_n_77.5302856930574_13.0822017687486","degree":3,"number":533,"kind":"junction_candidate"},"geometry":{"type":"Point","coordinates":[77.5302856930574,13.0822017687486]}},{"type":"Feature","id":"kml_n_77.5302928294839_13.0822220105717","properties":{"id":"kml_n_77.5302928294839_13.0822220105717","degree":3,"number":534,"kind":"junction_candidate"},"geometry":{"type":"Point","coordinates":[77.5302928294839,13.0822220105717]}},{"type":"Feature","id":"kml_n_77.530339620993_13.0781679762431","properties":{"id":"kml_n_77.530339620993_13.0781679762431","degree":3,"number":535,"kind":"junction_candidate"},"geometry":{"type":"Point","coordinates":[77.530339620993,13.0781679762431]}},{"type":"Feature","id":"kml_n_77.5304127405681_12.9680721965176","properties":{"id":"kml_n_77.5304127405681_12.9680721965176","degree":3,"number":536,"kind":"junction_candidate"},"geometry":{"type":"Point","coordinates":[77.5304127405681,12.9680721965176]}},{"type":"Feature","id":"kml_n_77.530426758628_12.9674638837224","properties":{"id":"kml_n_77.530426758628_12.9674638837224","degree":3,"number":537,"kind":"junction_candidate"},"geometry":{"type":"Point","coordinates":[77.530426758628,12.9674638837224]}},{"type":"Feature","id":"kml_n_77.5304828204882_13.0825638001636","properties":{"id":"kml_n_77.5304828204882_13.0825638001636","degree":1,"number":538,"kind":"endpoint"},"geometry":{"type":"Point","coordinates":[77.5304828204882,13.0825638001636]}},{"type":"Feature","id":"kml_n_77.5305348371414_12.8626440138406","properties":{"id":"kml_n_77.5305348371414_12.8626440138406","degree":1,"number":539,"kind":"endpoint"},"geometry":{"type":"Point","coordinates":[77.5305348371414,12.8626440138406]}},{"type":"Feature","id":"kml_n_77.5305418737481_13.1014295236916","properties":{"id":"kml_n_77.5305418737481_13.1014295236916","degree":3,"number":540,"kind":"junction_candidate"},"geometry":{"type":"Point","coordinates":[77.5305418737481,13.1014295236916]}},{"type":"Feature","id":"kml_n_77.530609854982_12.9946115318005","properties":{"id":"kml_n_77.530609854982_12.9946115318005","degree":1,"number":541,"kind":"endpoint"},"geometry":{"type":"Point","coordinates":[77.530609854982,12.9946115318005]}},{"type":"Feature","id":"kml_n_77.5306107950313_12.9946146522734","properties":{"id":"kml_n_77.5306107950313_12.9946146522734","degree":1,"number":542,"kind":"endpoint"},"geometry":{"type":"Point","coordinates":[77.5306107950313,12.9946146522734]}},{"type":"Feature","id":"kml_n_77.5306506533373_13.0864005531548","properties":{"id":"kml_n_77.5306506533373_13.0864005531548","degree":3,"number":543,"kind":"junction_candidate"},"geometry":{"type":"Point","coordinates":[77.5306506533373,13.0864005531548]}},{"type":"Feature","id":"kml_n_77.5306683868915_12.892584253408","properties":{"id":"kml_n_77.5306683868915_12.892584253408","degree":3,"number":544,"kind":"junction_candidate"},"geometry":{"type":"Point","coordinates":[77.5306683868915,12.892584253408]}},{"type":"Feature","id":"kml_n_77.5307059196645_13.0027667555958","properties":{"id":"kml_n_77.5307059196645_13.0027667555958","degree":1,"number":545,"kind":"endpoint"},"geometry":{"type":"Point","coordinates":[77.5307059196645,13.0027667555958]}},{"type":"Feature","id":"kml_n_77.5307268529014_13.0027484115215","properties":{"id":"kml_n_77.5307268529014_13.0027484115215","degree":1,"number":546,"kind":"endpoint"},"geometry":{"type":"Point","coordinates":[77.5307268529014,13.0027484115215]}},{"type":"Feature","id":"kml_n_77.5307285502831_12.994789277329","properties":{"id":"kml_n_77.5307285502831_12.994789277329","degree":1,"number":547,"kind":"endpoint"},"geometry":{"type":"Point","coordinates":[77.5307285502831,12.994789277329]}},{"type":"Feature","id":"kml_n_77.5307288548632_12.9947904217725","properties":{"id":"kml_n_77.5307288548632_12.9947904217725","degree":1,"number":548,"kind":"endpoint"},"geometry":{"type":"Point","coordinates":[77.5307288548632,12.9947904217725]}},{"type":"Feature","id":"kml_n_77.5308492058411_12.9700892656137","properties":{"id":"kml_n_77.5308492058411_12.9700892656137","degree":3,"number":549,"kind":"junction_candidate"},"geometry":{"type":"Point","coordinates":[77.5308492058411,12.9700892656137]}},{"type":"Feature","id":"kml_n_77.5308966205136_12.8953096479745","properties":{"id":"kml_n_77.5308966205136_12.8953096479745","degree":3,"number":550,"kind":"junction_candidate"},"geometry":{"type":"Point","coordinates":[77.5308966205136,12.8953096479745]}},{"type":"Feature","id":"kml_n_77.5309087124097_12.8964377571294","properties":{"id":"kml_n_77.5309087124097_12.8964377571294","degree":1,"number":551,"kind":"endpoint"},"geometry":{"type":"Point","coordinates":[77.5309087124097,12.8964377571294]}},{"type":"Feature","id":"kml_n_77.5309087142514_12.8964377571116","properties":{"id":"kml_n_77.5309087142514_12.8964377571116","degree":1,"number":552,"kind":"endpoint"},"geometry":{"type":"Point","coordinates":[77.5309087142514,12.8964377571116]}},{"type":"Feature","id":"kml_n_77.5309474977069_13.1010415655335","properties":{"id":"kml_n_77.5309474977069_13.1010415655335","degree":3,"number":553,"kind":"junction_candidate"},"geometry":{"type":"Point","coordinates":[77.5309474977069,13.1010415655335]}},{"type":"Feature","id":"kml_n_77.5309820008181_12.9042700016927","properties":{"id":"kml_n_77.5309820008181_12.9042700016927","degree":3,"number":554,"kind":"junction_candidate"},"geometry":{"type":"Point","coordinates":[77.5309820008181,12.9042700016927]}},{"type":"Feature","id":"kml_n_77.5312121389315_12.9896652553175","properties":{"id":"kml_n_77.5312121389315_12.9896652553175","degree":3,"number":555,"kind":"junction_candidate"},"geometry":{"type":"Point","coordinates":[77.5312121389315,12.9896652553175]}},{"type":"Feature","id":"kml_n_77.5314097028574_12.9761713893617","properties":{"id":"kml_n_77.5314097028574_12.9761713893617","degree":3,"number":556,"kind":"junction_candidate"},"geometry":{"type":"Point","coordinates":[77.5314097028574,12.9761713893617]}},{"type":"Feature","id":"kml_n_77.5314718813612_12.895303654826","properties":{"id":"kml_n_77.5314718813612_12.895303654826","degree":1,"number":557,"kind":"endpoint"},"geometry":{"type":"Point","coordinates":[77.5314718813612,12.895303654826]}},{"type":"Feature","id":"kml_n_77.531471884142_12.8953036566061","properties":{"id":"kml_n_77.531471884142_12.8953036566061","degree":1,"number":558,"kind":"endpoint"},"geometry":{"type":"Point","coordinates":[77.531471884142,12.8953036566061]}},{"type":"Feature","id":"kml_n_77.5320339153963_12.9998890028991","properties":{"id":"kml_n_77.5320339153963_12.9998890028991","degree":3,"number":559,"kind":"junction_candidate"},"geometry":{"type":"Point","coordinates":[77.5320339153963,12.9998890028991]}},{"type":"Feature","id":"kml_n_77.5324197371938_12.9321154292943","properties":{"id":"kml_n_77.5324197371938_12.9321154292943","degree":1,"number":560,"kind":"endpoint"},"geometry":{"type":"Point","coordinates":[77.5324197371938,12.9321154292943]}},{"type":"Feature","id":"kml_n_77.5326219389026_13.0221294468501","properties":{"id":"kml_n_77.5326219389026_13.0221294468501","degree":4,"number":561,"kind":"junction_candidate"},"geometry":{"type":"Point","coordinates":[77.5326219389026,13.0221294468501]}},{"type":"Feature","id":"kml_n_77.5326250074026_12.9395542166131","properties":{"id":"kml_n_77.5326250074026_12.9395542166131","degree":3,"number":562,"kind":"junction_candidate"},"geometry":{"type":"Point","coordinates":[77.5326250074026,12.9395542166131]}},{"type":"Feature","id":"kml_n_77.5326827536151_12.9394537293791","properties":{"id":"kml_n_77.5326827536151_12.9394537293791","degree":3,"number":563,"kind":"junction_candidate"},"geometry":{"type":"Point","coordinates":[77.5326827536151,12.9394537293791]}},{"type":"Feature","id":"kml_n_77.5327467563595_13.0548271238983","properties":{"id":"kml_n_77.5327467563595_13.0548271238983","degree":1,"number":564,"kind":"endpoint"},"geometry":{"type":"Point","coordinates":[77.5327467563595,13.0548271238983]}},{"type":"Feature","id":"kml_n_77.5330354132798_12.9600398167054","properties":{"id":"kml_n_77.5330354132798_12.9600398167054","degree":3,"number":565,"kind":"junction_candidate"},"geometry":{"type":"Point","coordinates":[77.5330354132798,12.9600398167054]}},{"type":"Feature","id":"kml_n_77.533066413821_12.9890891743503","properties":{"id":"kml_n_77.533066413821_12.9890891743503","degree":1,"number":566,"kind":"endpoint"},"geometry":{"type":"Point","coordinates":[77.533066413821,12.9890891743503]}},{"type":"Feature","id":"kml_n_77.5332040839276_13.0548660399528","properties":{"id":"kml_n_77.5332040839276_13.0548660399528","degree":3,"number":567,"kind":"junction_candidate"},"geometry":{"type":"Point","coordinates":[77.5332040839276,13.0548660399528]}},{"type":"Feature","id":"kml_n_77.5333892971405_12.9383220492222","properties":{"id":"kml_n_77.5333892971405_12.9383220492222","degree":3,"number":568,"kind":"junction_candidate"},"geometry":{"type":"Point","coordinates":[77.5333892971405,12.9383220492222]}},{"type":"Feature","id":"kml_n_77.5334124814767_13.0921498316161","properties":{"id":"kml_n_77.5334124814767_13.0921498316161","degree":3,"number":569,"kind":"junction_candidate"},"geometry":{"type":"Point","coordinates":[77.5334124814767,13.0921498316161]}},{"type":"Feature","id":"kml_n_77.5336866173899_13.0324093381311","properties":{"id":"kml_n_77.5336866173899_13.0324093381311","degree":3,"number":570,"kind":"junction_candidate"},"geometry":{"type":"Point","coordinates":[77.5336866173899,13.0324093381311]}},{"type":"Feature","id":"kml_n_77.5337109870884_13.0323953750901","properties":{"id":"kml_n_77.5337109870884_13.0323953750901","degree":3,"number":571,"kind":"junction_candidate"},"geometry":{"type":"Point","coordinates":[77.5337109870884,13.0323953750901]}},{"type":"Feature","id":"kml_n_77.5338057880662_13.0003068338093","properties":{"id":"kml_n_77.5338057880662_13.0003068338093","degree":1,"number":572,"kind":"endpoint"},"geometry":{"type":"Point","coordinates":[77.5338057880662,13.0003068338093]}},{"type":"Feature","id":"kml_n_77.5339946639613_12.9576812127551","properties":{"id":"kml_n_77.5339946639613_12.9576812127551","degree":3,"number":573,"kind":"junction_candidate"},"geometry":{"type":"Point","coordinates":[77.5339946639613,12.9576812127551]}},{"type":"Feature","id":"kml_n_77.5340189833768_13.0920457017493","properties":{"id":"kml_n_77.5340189833768_13.0920457017493","degree":3,"number":574,"kind":"junction_candidate"},"geometry":{"type":"Point","coordinates":[77.5340189833768,13.0920457017493]}},{"type":"Feature","id":"kml_n_77.5342934962617_13.1029838368953","properties":{"id":"kml_n_77.5342934962617_13.1029838368953","degree":4,"number":575,"kind":"junction_candidate"},"geometry":{"type":"Point","coordinates":[77.5342934962617,13.1029838368953]}},{"type":"Feature","id":"kml_n_77.5344080403916_12.9566049627507","properties":{"id":"kml_n_77.5344080403916_12.9566049627507","degree":3,"number":576,"kind":"junction_candidate"},"geometry":{"type":"Point","coordinates":[77.5344080403916,12.9566049627507]}},{"type":"Feature","id":"kml_n_77.5344242476599_12.9565205741357","properties":{"id":"kml_n_77.5344242476599_12.9565205741357","degree":3,"number":577,"kind":"junction_candidate"},"geometry":{"type":"Point","coordinates":[77.5344242476599,12.9565205741357]}},{"type":"Feature","id":"kml_n_77.5344385617253_12.8854565842971","properties":{"id":"kml_n_77.5344385617253_12.8854565842971","degree":3,"number":578,"kind":"junction_candidate"},"geometry":{"type":"Point","coordinates":[77.5344385617253,12.8854565842971]}},{"type":"Feature","id":"kml_n_77.5344609903715_12.8854561845951","properties":{"id":"kml_n_77.5344609903715_12.8854561845951","degree":1,"number":579,"kind":"endpoint"},"geometry":{"type":"Point","coordinates":[77.5344609903715,12.8854561845951]}},{"type":"Feature","id":"kml_n_77.5344846362255_12.9742868805786","properties":{"id":"kml_n_77.5344846362255_12.9742868805786","degree":1,"number":580,"kind":"endpoint"},"geometry":{"type":"Point","coordinates":[77.5344846362255,12.9742868805786]}},{"type":"Feature","id":"kml_n_77.5345131649181_12.9742856538827","properties":{"id":"kml_n_77.5345131649181_12.9742856538827","degree":1,"number":581,"kind":"endpoint"},"geometry":{"type":"Point","coordinates":[77.5345131649181,12.9742856538827]}},{"type":"Feature","id":"kml_n_77.5349172201827_12.9756098019022","properties":{"id":"kml_n_77.5349172201827_12.9756098019022","degree":3,"number":582,"kind":"junction_candidate"},"geometry":{"type":"Point","coordinates":[77.5349172201827,12.9756098019022]}},{"type":"Feature","id":"kml_n_77.5350242809854_12.9756017553465","properties":{"id":"kml_n_77.5350242809854_12.9756017553465","degree":3,"number":583,"kind":"junction_candidate"},"geometry":{"type":"Point","coordinates":[77.5350242809854,12.9756017553465]}},{"type":"Feature","id":"kml_n_77.5351444366559_13.0366441723411","properties":{"id":"kml_n_77.5351444366559_13.0366441723411","degree":4,"number":584,"kind":"junction_candidate"},"geometry":{"type":"Point","coordinates":[77.5351444366559,13.0366441723411]}},{"type":"Feature","id":"kml_n_77.5351466951921_12.9118301118802","properties":{"id":"kml_n_77.5351466951921_12.9118301118802","degree":1,"number":585,"kind":"endpoint"},"geometry":{"type":"Point","coordinates":[77.5351466951921,12.9118301118802]}},{"type":"Feature","id":"kml_n_77.5351477561562_12.9118296507489","properties":{"id":"kml_n_77.5351477561562_12.9118296507489","degree":1,"number":586,"kind":"endpoint"},"geometry":{"type":"Point","coordinates":[77.5351477561562,12.9118296507489]}},{"type":"Feature","id":"kml_n_77.5354282888632_12.9659923205935","properties":{"id":"kml_n_77.5354282888632_12.9659923205935","degree":3,"number":587,"kind":"junction_candidate"},"geometry":{"type":"Point","coordinates":[77.5354282888632,12.9659923205935]}},{"type":"Feature","id":"kml_n_77.5354642082077_12.9660653650881","properties":{"id":"kml_n_77.5354642082077_12.9660653650881","degree":3,"number":588,"kind":"junction_candidate"},"geometry":{"type":"Point","coordinates":[77.5354642082077,12.9660653650881]}},{"type":"Feature","id":"kml_n_77.5356276335638_13.0214098500278","properties":{"id":"kml_n_77.5356276335638_13.0214098500278","degree":3,"number":589,"kind":"junction_candidate"},"geometry":{"type":"Point","coordinates":[77.5356276335638,13.0214098500278]}},{"type":"Feature","id":"kml_n_77.5356806797236_13.0755666040867","properties":{"id":"kml_n_77.5356806797236_13.0755666040867","degree":1,"number":590,"kind":"endpoint"},"geometry":{"type":"Point","coordinates":[77.5356806797236,13.0755666040867]}},{"type":"Feature","id":"kml_n_77.5356806797513_13.0755666067968","properties":{"id":"kml_n_77.5356806797513_13.0755666067968","degree":1,"number":591,"kind":"endpoint"},"geometry":{"type":"Point","coordinates":[77.5356806797513,13.0755666067968]}},{"type":"Feature","id":"kml_n_77.5357155836969_12.9541462688885","properties":{"id":"kml_n_77.5357155836969_12.9541462688885","degree":3,"number":592,"kind":"junction_candidate"},"geometry":{"type":"Point","coordinates":[77.5357155836969,12.9541462688885]}},{"type":"Feature","id":"kml_n_77.5358421255464_13.0008411425542","properties":{"id":"kml_n_77.5358421255464_13.0008411425542","degree":3,"number":593,"kind":"junction_candidate"},"geometry":{"type":"Point","coordinates":[77.5358421255464,13.0008411425542]}},{"type":"Feature","id":"kml_n_77.5359346077597_12.9539228711333","properties":{"id":"kml_n_77.5359346077597_12.9539228711333","degree":1,"number":594,"kind":"endpoint"},"geometry":{"type":"Point","coordinates":[77.5359346077597,12.9539228711333]}},{"type":"Feature","id":"kml_n_77.5362767945901_13.0407819203726","properties":{"id":"kml_n_77.5362767945901_13.0407819203726","degree":1,"number":595,"kind":"endpoint"},"geometry":{"type":"Point","coordinates":[77.5362767945901,13.0407819203726]}},{"type":"Feature","id":"kml_n_77.5364960913258_12.8860971023169","properties":{"id":"kml_n_77.5364960913258_12.8860971023169","degree":3,"number":596,"kind":"junction_candidate"},"geometry":{"type":"Point","coordinates":[77.5364960913258,12.8860971023169]}},{"type":"Feature","id":"kml_n_77.536510844199_12.9533689445163","properties":{"id":"kml_n_77.536510844199_12.9533689445163","degree":1,"number":597,"kind":"endpoint"},"geometry":{"type":"Point","coordinates":[77.536510844199,12.9533689445163]}},{"type":"Feature","id":"kml_n_77.5365180575455_12.8861070219001","properties":{"id":"kml_n_77.5365180575455_12.8861070219001","degree":1,"number":598,"kind":"endpoint"},"geometry":{"type":"Point","coordinates":[77.5365180575455,12.8861070219001]}},{"type":"Feature","id":"kml_n_77.5365961375464_13.1076725837235","properties":{"id":"kml_n_77.5365961375464_13.1076725837235","degree":1,"number":599,"kind":"endpoint"},"geometry":{"type":"Point","coordinates":[77.5365961375464,13.1076725837235]}},{"type":"Feature","id":"kml_n_77.5366272517134_13.0010418361065","properties":{"id":"kml_n_77.5366272517134_13.0010418361065","degree":3,"number":600,"kind":"junction_candidate"},"geometry":{"type":"Point","coordinates":[77.5366272517134,13.0010418361065]}},{"type":"Feature","id":"kml_n_77.5366328104268_12.9806989599232","properties":{"id":"kml_n_77.5366328104268_12.9806989599232","degree":3,"number":601,"kind":"junction_candidate"},"geometry":{"type":"Point","coordinates":[77.5366328104268,12.9806989599232]}},{"type":"Feature","id":"kml_n_77.5366476504058_12.9687325412435","properties":{"id":"kml_n_77.5366476504058_12.9687325412435","degree":3,"number":602,"kind":"junction_candidate"},"geometry":{"type":"Point","coordinates":[77.5366476504058,12.9687325412435]}},{"type":"Feature","id":"kml_n_77.5366597514398_12.9687633301121","properties":{"id":"kml_n_77.5366597514398_12.9687633301121","degree":3,"number":603,"kind":"junction_candidate"},"geometry":{"type":"Point","coordinates":[77.5366597514398,12.9687633301121]}},{"type":"Feature","id":"kml_n_77.5367331354177_12.9806696154563","properties":{"id":"kml_n_77.5367331354177_12.9806696154563","degree":3,"number":604,"kind":"junction_candidate"},"geometry":{"type":"Point","coordinates":[77.5367331354177,12.9806696154563]}},{"type":"Feature","id":"kml_n_77.5368085188124_12.9441907270529","properties":{"id":"kml_n_77.5368085188124_12.9441907270529","degree":3,"number":605,"kind":"junction_candidate"},"geometry":{"type":"Point","coordinates":[77.5368085188124,12.9441907270529]}},{"type":"Feature","id":"kml_n_77.5370969168028_13.030292733834","properties":{"id":"kml_n_77.5370969168028_13.030292733834","degree":1,"number":606,"kind":"endpoint"},"geometry":{"type":"Point","coordinates":[77.5370969168028,13.030292733834]}},{"type":"Feature","id":"kml_n_77.5371017861683_13.1263353342633","properties":{"id":"kml_n_77.5371017861683_13.1263353342633","degree":3,"number":607,"kind":"junction_candidate"},"geometry":{"type":"Point","coordinates":[77.5371017861683,13.1263353342633]}},{"type":"Feature","id":"kml_n_77.5372496385685_13.1263177943896","properties":{"id":"kml_n_77.5372496385685_13.1263177943896","degree":6,"number":608,"kind":"junction_candidate"},"geometry":{"type":"Point","coordinates":[77.5372496385685,13.1263177943896]}},{"type":"Feature","id":"kml_n_77.5372664734272_12.9824443851315","properties":{"id":"kml_n_77.5372664734272_12.9824443851315","degree":1,"number":609,"kind":"endpoint"},"geometry":{"type":"Point","coordinates":[77.5372664734272,12.9824443851315]}},{"type":"Feature","id":"kml_n_77.5372720399611_12.9824829749319","properties":{"id":"kml_n_77.5372720399611_12.9824829749319","degree":1,"number":610,"kind":"endpoint"},"geometry":{"type":"Point","coordinates":[77.5372720399611,12.9824829749319]}},{"type":"Feature","id":"kml_n_77.5373449232364_13.1262991196027","properties":{"id":"kml_n_77.5373449232364_13.1262991196027","degree":5,"number":611,"kind":"junction_candidate"},"geometry":{"type":"Point","coordinates":[77.5373449232364,13.1262991196027]}},{"type":"Feature","id":"kml_n_77.5373974441299_12.9083763599984","properties":{"id":"kml_n_77.5373974441299_12.9083763599984","degree":1,"number":612,"kind":"endpoint"},"geometry":{"type":"Point","coordinates":[77.5373974441299,12.9083763599984]}},{"type":"Feature","id":"kml_n_77.5374179762778_12.9242223483982","properties":{"id":"kml_n_77.5374179762778_12.9242223483982","degree":1,"number":613,"kind":"endpoint"},"geometry":{"type":"Point","coordinates":[77.5374179762778,12.9242223483982]}},{"type":"Feature","id":"kml_n_77.5374465636829_12.9083758829766","properties":{"id":"kml_n_77.5374465636829_12.9083758829766","degree":3,"number":614,"kind":"junction_candidate"},"geometry":{"type":"Point","coordinates":[77.5374465636829,12.9083758829766]}},{"type":"Feature","id":"kml_n_77.5374514202922_13.1262782435739","properties":{"id":"kml_n_77.5374514202922_13.1262782435739","degree":4,"number":615,"kind":"junction_candidate"},"geometry":{"type":"Point","coordinates":[77.5374514202922,13.1262782435739]}},{"type":"Feature","id":"kml_n_77.5374567084973_12.9453910448513","properties":{"id":"kml_n_77.5374567084973_12.9453910448513","degree":1,"number":616,"kind":"endpoint"},"geometry":{"type":"Point","coordinates":[77.5374567084973,12.9453910448513]}},{"type":"Feature","id":"kml_n_77.5374623048108_12.945403188139","properties":{"id":"kml_n_77.5374623048108_12.945403188139","degree":1,"number":617,"kind":"endpoint"},"geometry":{"type":"Point","coordinates":[77.5374623048108,12.945403188139]}},{"type":"Feature","id":"kml_n_77.5374947426611_12.9879293856767","properties":{"id":"kml_n_77.5374947426611_12.9879293856767","degree":4,"number":618,"kind":"junction_candidate"},"geometry":{"type":"Point","coordinates":[77.5374947426611,12.9879293856767]}},{"type":"Feature","id":"kml_n_77.5375816531263_12.9503741824994","properties":{"id":"kml_n_77.5375816531263_12.9503741824994","degree":3,"number":619,"kind":"junction_candidate"},"geometry":{"type":"Point","coordinates":[77.5375816531263,12.9503741824994]}},{"type":"Feature","id":"kml_n_77.5376816686054_13.0091987179523","properties":{"id":"kml_n_77.5376816686054_13.0091987179523","degree":3,"number":620,"kind":"junction_candidate"},"geometry":{"type":"Point","coordinates":[77.5376816686054,13.0091987179523]}},{"type":"Feature","id":"kml_n_77.5381356822758_13.1261680684961","properties":{"id":"kml_n_77.5381356822758_13.1261680684961","degree":1,"number":621,"kind":"endpoint"},"geometry":{"type":"Point","coordinates":[77.5381356822758,13.1261680684961]}},{"type":"Feature","id":"kml_n_77.5381626879109_13.1261659472379","properties":{"id":"kml_n_77.5381626879109_13.1261659472379","degree":3,"number":622,"kind":"junction_candidate"},"geometry":{"type":"Point","coordinates":[77.5381626879109,13.1261659472379]}},{"type":"Feature","id":"kml_n_77.5381702501357_12.9651051270516","properties":{"id":"kml_n_77.5381702501357_12.9651051270516","degree":4,"number":623,"kind":"junction_candidate"},"geometry":{"type":"Point","coordinates":[77.5381702501357,12.9651051270516]}},{"type":"Feature","id":"kml_n_77.5382976606728_12.9084647368734","properties":{"id":"kml_n_77.5382976606728_12.9084647368734","degree":3,"number":624,"kind":"junction_candidate"},"geometry":{"type":"Point","coordinates":[77.5382976606728,12.9084647368734]}},{"type":"Feature","id":"kml_n_77.5383298895128_13.0795713338194","properties":{"id":"kml_n_77.5383298895128_13.0795713338194","degree":3,"number":625,"kind":"junction_candidate"},"geometry":{"type":"Point","coordinates":[77.5383298895128,13.0795713338194]}},{"type":"Feature","id":"kml_n_77.5386268436955_12.943491720886","properties":{"id":"kml_n_77.5386268436955_12.943491720886","degree":3,"number":626,"kind":"junction_candidate"},"geometry":{"type":"Point","coordinates":[77.5386268436955,12.943491720886]}},{"type":"Feature","id":"kml_n_77.538813841766_12.9681702298016","properties":{"id":"kml_n_77.538813841766_12.9681702298016","degree":3,"number":627,"kind":"junction_candidate"},"geometry":{"type":"Point","coordinates":[77.538813841766,12.9681702298016]}},{"type":"Feature","id":"kml_n_77.5388197914799_12.940735260694","properties":{"id":"kml_n_77.5388197914799_12.940735260694","degree":1,"number":628,"kind":"endpoint"},"geometry":{"type":"Point","coordinates":[77.5388197914799,12.940735260694]}},{"type":"Feature","id":"kml_n_77.538822216268_12.9407138275051","properties":{"id":"kml_n_77.538822216268_12.9407138275051","degree":1,"number":629,"kind":"endpoint"},"geometry":{"type":"Point","coordinates":[77.538822216268,12.9407138275051]}},{"type":"Feature","id":"kml_n_77.5388824367302_13.0295110131327","properties":{"id":"kml_n_77.5388824367302_13.0295110131327","degree":1,"number":630,"kind":"endpoint"},"geometry":{"type":"Point","coordinates":[77.5388824367302,13.0295110131327]}},{"type":"Feature","id":"kml_n_77.5388936686_13.0295047206159","properties":{"id":"kml_n_77.5388936686_13.0295047206159","degree":1,"number":631,"kind":"endpoint"},"geometry":{"type":"Point","coordinates":[77.5388936686,13.0295047206159]}},{"type":"Feature","id":"kml_n_77.5389078465653_12.9093792210898","properties":{"id":"kml_n_77.5389078465653_12.9093792210898","degree":3,"number":632,"kind":"junction_candidate"},"geometry":{"type":"Point","coordinates":[77.5389078465653,12.9093792210898]}},{"type":"Feature","id":"kml_n_77.5389260446091_12.9338403297852","properties":{"id":"kml_n_77.5389260446091_12.9338403297852","degree":3,"number":633,"kind":"junction_candidate"},"geometry":{"type":"Point","coordinates":[77.5389260446091,12.9338403297852]}},{"type":"Feature","id":"kml_n_77.5389371827788_13.0905940453945","properties":{"id":"kml_n_77.5389371827788_13.0905940453945","degree":3,"number":634,"kind":"junction_candidate"},"geometry":{"type":"Point","coordinates":[77.5389371827788,13.0905940453945]}},{"type":"Feature","id":"kml_n_77.5389412573214_13.0906092304474","properties":{"id":"kml_n_77.5389412573214_13.0906092304474","degree":1,"number":635,"kind":"endpoint"},"geometry":{"type":"Point","coordinates":[77.5389412573214,13.0906092304474]}},{"type":"Feature","id":"kml_n_77.5389750630897_13.0151012873627","properties":{"id":"kml_n_77.5389750630897_13.0151012873627","degree":1,"number":636,"kind":"endpoint"},"geometry":{"type":"Point","coordinates":[77.5389750630897,13.0151012873627]}},{"type":"Feature","id":"kml_n_77.5390016009877_13.0151723860816","properties":{"id":"kml_n_77.5390016009877_13.0151723860816","degree":1,"number":637,"kind":"endpoint"},"geometry":{"type":"Point","coordinates":[77.5390016009877,13.0151723860816]}},{"type":"Feature","id":"kml_n_77.5390968642934_12.9511585379501","properties":{"id":"kml_n_77.5390968642934_12.9511585379501","degree":3,"number":638,"kind":"junction_candidate"},"geometry":{"type":"Point","coordinates":[77.5390968642934,12.9511585379501]}},{"type":"Feature","id":"kml_n_77.5391910109631_12.8723619887952","properties":{"id":"kml_n_77.5391910109631_12.8723619887952","degree":1,"number":639,"kind":"endpoint"},"geometry":{"type":"Point","coordinates":[77.5391910109631,12.8723619887952]}},{"type":"Feature","id":"kml_n_77.5397888864211_13.0190292059931","properties":{"id":"kml_n_77.5397888864211_13.0190292059931","degree":3,"number":640,"kind":"junction_candidate"},"geometry":{"type":"Point","coordinates":[77.5397888864211,13.0190292059931]}},{"type":"Feature","id":"kml_n_77.5398879515858_13.0750169373539","properties":{"id":"kml_n_77.5398879515858_13.0750169373539","degree":3,"number":641,"kind":"junction_candidate"},"geometry":{"type":"Point","coordinates":[77.5398879515858,13.0750169373539]}},{"type":"Feature","id":"kml_n_77.5398936287382_13.0939768438216","properties":{"id":"kml_n_77.5398936287382_13.0939768438216","degree":1,"number":642,"kind":"endpoint"},"geometry":{"type":"Point","coordinates":[77.5398936287382,13.0939768438216]}},{"type":"Feature","id":"kml_n_77.539933555606_13.0939742668379","properties":{"id":"kml_n_77.539933555606_13.0939742668379","degree":1,"number":643,"kind":"endpoint"},"geometry":{"type":"Point","coordinates":[77.539933555606,13.0939742668379]}},{"type":"Feature","id":"kml_n_77.5399372048911_12.9756106316804","properties":{"id":"kml_n_77.5399372048911_12.9756106316804","degree":1,"number":644,"kind":"endpoint"},"geometry":{"type":"Point","coordinates":[77.5399372048911,12.9756106316804]}},{"type":"Feature","id":"kml_n_77.5399476911054_12.9756095092322","properties":{"id":"kml_n_77.5399476911054_12.9756095092322","degree":1,"number":645,"kind":"endpoint"},"geometry":{"type":"Point","coordinates":[77.5399476911054,12.9756095092322]}},{"type":"Feature","id":"kml_n_77.5400284476046_13.0288624346167","properties":{"id":"kml_n_77.5400284476046_13.0288624346167","degree":4,"number":646,"kind":"junction_candidate"},"geometry":{"type":"Point","coordinates":[77.5400284476046,13.0288624346167]}},{"type":"Feature","id":"kml_n_77.5406931955457_13.0021704995048","properties":{"id":"kml_n_77.5406931955457_13.0021704995048","degree":4,"number":647,"kind":"junction_candidate"},"geometry":{"type":"Point","coordinates":[77.5406931955457,13.0021704995048]}},{"type":"Feature","id":"kml_n_77.540787522764_13.0324222392146","properties":{"id":"kml_n_77.540787522764_13.0324222392146","degree":3,"number":648,"kind":"junction_candidate"},"geometry":{"type":"Point","coordinates":[77.540787522764,13.0324222392146]}},{"type":"Feature","id":"kml_n_77.5408031858643_13.0325652685593","properties":{"id":"kml_n_77.5408031858643_13.0325652685593","degree":3,"number":649,"kind":"junction_candidate"},"geometry":{"type":"Point","coordinates":[77.5408031858643,13.0325652685593]}},{"type":"Feature","id":"kml_n_77.5408431157672_12.9604118305306","properties":{"id":"kml_n_77.5408431157672_12.9604118305306","degree":3,"number":650,"kind":"junction_candidate"},"geometry":{"type":"Point","coordinates":[77.5408431157672,12.9604118305306]}},{"type":"Feature","id":"kml_n_77.5409396922551_12.8857334705872","properties":{"id":"kml_n_77.5409396922551_12.8857334705872","degree":1,"number":651,"kind":"endpoint"},"geometry":{"type":"Point","coordinates":[77.5409396922551,12.8857334705872]}},{"type":"Feature","id":"kml_n_77.5409396940967_12.8857334705693","properties":{"id":"kml_n_77.5409396940967_12.8857334705693","degree":1,"number":652,"kind":"endpoint"},"geometry":{"type":"Point","coordinates":[77.5409396940967,12.8857334705693]}},{"type":"Feature","id":"kml_n_77.5410024591609_12.9642609768571","properties":{"id":"kml_n_77.5410024591609_12.9642609768571","degree":4,"number":653,"kind":"junction_candidate"},"geometry":{"type":"Point","coordinates":[77.5410024591609,12.9642609768571]}},{"type":"Feature","id":"kml_n_77.5410035677244_12.9324391586201","properties":{"id":"kml_n_77.5410035677244_12.9324391586201","degree":3,"number":654,"kind":"junction_candidate"},"geometry":{"type":"Point","coordinates":[77.5410035677244,12.9324391586201]}},{"type":"Feature","id":"kml_n_77.5411305770203_12.9993502243069","properties":{"id":"kml_n_77.5411305770203_12.9993502243069","degree":4,"number":655,"kind":"junction_candidate"},"geometry":{"type":"Point","coordinates":[77.5411305770203,12.9993502243069]}},{"type":"Feature","id":"kml_n_77.5411474915722_12.9531588508784","properties":{"id":"kml_n_77.5411474915722_12.9531588508784","degree":3,"number":656,"kind":"junction_candidate"},"geometry":{"type":"Point","coordinates":[77.5411474915722,12.9531588508784]}},{"type":"Feature","id":"kml_n_77.5412904531362_12.9525812447021","properties":{"id":"kml_n_77.5412904531362_12.9525812447021","degree":1,"number":657,"kind":"endpoint"},"geometry":{"type":"Point","coordinates":[77.5412904531362,12.9525812447021]}},{"type":"Feature","id":"kml_n_77.5413050612096_12.952601434751","properties":{"id":"kml_n_77.5413050612096_12.952601434751","degree":1,"number":658,"kind":"endpoint"},"geometry":{"type":"Point","coordinates":[77.5413050612096,12.952601434751]}},{"type":"Feature","id":"kml_n_77.5413535499304_13.0956968219081","properties":{"id":"kml_n_77.5413535499304_13.0956968219081","degree":3,"number":659,"kind":"junction_candidate"},"geometry":{"type":"Point","coordinates":[77.5413535499304,13.0956968219081]}},{"type":"Feature","id":"kml_n_77.5413723127047_12.9675548919087","properties":{"id":"kml_n_77.5413723127047_12.9675548919087","degree":4,"number":660,"kind":"junction_candidate"},"geometry":{"type":"Point","coordinates":[77.5413723127047,12.9675548919087]}},{"type":"Feature","id":"kml_n_77.5415980352901_12.8744585593111","properties":{"id":"kml_n_77.5415980352901_12.8744585593111","degree":3,"number":661,"kind":"junction_candidate"},"geometry":{"type":"Point","coordinates":[77.5415980352901,12.8744585593111]}},{"type":"Feature","id":"kml_n_77.5416637687939_12.953019931478","properties":{"id":"kml_n_77.5416637687939_12.953019931478","degree":3,"number":662,"kind":"junction_candidate"},"geometry":{"type":"Point","coordinates":[77.5416637687939,12.953019931478]}},{"type":"Feature","id":"kml_n_77.5417366298353_12.8856531784665","properties":{"id":"kml_n_77.5417366298353_12.8856531784665","degree":3,"number":663,"kind":"junction_candidate"},"geometry":{"type":"Point","coordinates":[77.5417366298353,12.8856531784665]}},{"type":"Feature","id":"kml_n_77.5421637217327_12.8506361765407","properties":{"id":"kml_n_77.5421637217327_12.8506361765407","degree":1,"number":664,"kind":"endpoint"},"geometry":{"type":"Point","coordinates":[77.5421637217327,12.8506361765407]}},{"type":"Feature","id":"kml_n_77.5424280331101_12.9856785370191","properties":{"id":"kml_n_77.5424280331101_12.9856785370191","degree":3,"number":665,"kind":"junction_candidate"},"geometry":{"type":"Point","coordinates":[77.5424280331101,12.9856785370191]}},{"type":"Feature","id":"kml_n_77.542523720803_13.1060751864969","properties":{"id":"kml_n_77.542523720803_13.1060751864969","degree":3,"number":666,"kind":"junction_candidate"},"geometry":{"type":"Point","coordinates":[77.542523720803,13.1060751864969]}},{"type":"Feature","id":"kml_n_77.5425360201408_13.0980876087098","properties":{"id":"kml_n_77.5425360201408_13.0980876087098","degree":1,"number":667,"kind":"endpoint"},"geometry":{"type":"Point","coordinates":[77.5425360201408,13.0980876087098]}},{"type":"Feature","id":"kml_n_77.542545695581_13.0980909644917","properties":{"id":"kml_n_77.542545695581_13.0980909644917","degree":1,"number":668,"kind":"endpoint"},"geometry":{"type":"Point","coordinates":[77.542545695581,13.0980909644917]}},{"type":"Feature","id":"kml_n_77.5426037241075_12.9785079151779","properties":{"id":"kml_n_77.5426037241075_12.9785079151779","degree":3,"number":669,"kind":"junction_candidate"},"geometry":{"type":"Point","coordinates":[77.5426037241075,12.9785079151779]}},{"type":"Feature","id":"kml_n_77.5426162417079_12.8919881194227","properties":{"id":"kml_n_77.5426162417079_12.8919881194227","degree":4,"number":670,"kind":"junction_candidate"},"geometry":{"type":"Point","coordinates":[77.5426162417079,12.8919881194227]}},{"type":"Feature","id":"kml_n_77.5427032125664_12.9057984484331","properties":{"id":"kml_n_77.5427032125664_12.9057984484331","degree":3,"number":671,"kind":"junction_candidate"},"geometry":{"type":"Point","coordinates":[77.5427032125664,12.9057984484331]}},{"type":"Feature","id":"kml_n_77.5428094051061_12.9571237958349","properties":{"id":"kml_n_77.5428094051061_12.9571237958349","degree":1,"number":672,"kind":"endpoint"},"geometry":{"type":"Point","coordinates":[77.5428094051061,12.9571237958349]}},{"type":"Feature","id":"kml_n_77.5428094175296_12.9571238399835","properties":{"id":"kml_n_77.5428094175296_12.9571238399835","degree":1,"number":673,"kind":"endpoint"},"geometry":{"type":"Point","coordinates":[77.5428094175296,12.9571238399835]}},{"type":"Feature","id":"kml_n_77.5428935115102_13.0181460600123","properties":{"id":"kml_n_77.5428935115102_13.0181460600123","degree":3,"number":674,"kind":"junction_candidate"},"geometry":{"type":"Point","coordinates":[77.5428935115102,13.0181460600123]}},{"type":"Feature","id":"kml_n_77.5429740885521_12.8628616246087","properties":{"id":"kml_n_77.5429740885521_12.8628616246087","degree":3,"number":675,"kind":"junction_candidate"},"geometry":{"type":"Point","coordinates":[77.5429740885521,12.8628616246087]}},{"type":"Feature","id":"kml_n_77.5430606639429_13.0084611793842","properties":{"id":"kml_n_77.5430606639429_13.0084611793842","degree":3,"number":676,"kind":"junction_candidate"},"geometry":{"type":"Point","coordinates":[77.5430606639429,13.0084611793842]}},{"type":"Feature","id":"kml_n_77.5431043554247_13.0086251311679","properties":{"id":"kml_n_77.5431043554247_13.0086251311679","degree":3,"number":677,"kind":"junction_candidate"},"geometry":{"type":"Point","coordinates":[77.5431043554247,13.0086251311679]}},{"type":"Feature","id":"kml_n_77.5431140596796_13.0549642776683","properties":{"id":"kml_n_77.5431140596796_13.0549642776683","degree":3,"number":678,"kind":"junction_candidate"},"geometry":{"type":"Point","coordinates":[77.5431140596796,13.0549642776683]}},{"type":"Feature","id":"kml_n_77.5431926925742_12.9740233306029","properties":{"id":"kml_n_77.5431926925742_12.9740233306029","degree":3,"number":679,"kind":"junction_candidate"},"geometry":{"type":"Point","coordinates":[77.5431926925742,12.9740233306029]}},{"type":"Feature","id":"kml_n_77.5432746783395_12.8693180266877","properties":{"id":"kml_n_77.5432746783395_12.8693180266877","degree":3,"number":680,"kind":"junction_candidate"},"geometry":{"type":"Point","coordinates":[77.5432746783395,12.8693180266877]}},{"type":"Feature","id":"kml_n_77.5434224370232_12.9305028221893","properties":{"id":"kml_n_77.5434224370232_12.9305028221893","degree":3,"number":681,"kind":"junction_candidate"},"geometry":{"type":"Point","coordinates":[77.5434224370232,12.9305028221893]}},{"type":"Feature","id":"kml_n_77.5434588619189_12.9643772263124","properties":{"id":"kml_n_77.5434588619189_12.9643772263124","degree":3,"number":682,"kind":"junction_candidate"},"geometry":{"type":"Point","coordinates":[77.5434588619189,12.9643772263124]}},{"type":"Feature","id":"kml_n_77.5434813527092_12.9643890632645","properties":{"id":"kml_n_77.5434813527092_12.9643890632645","degree":3,"number":683,"kind":"junction_candidate"},"geometry":{"type":"Point","coordinates":[77.5434813527092,12.9643890632645]}},{"type":"Feature","id":"kml_n_77.5435543919983_12.9668301274502","properties":{"id":"kml_n_77.5435543919983_12.9668301274502","degree":3,"number":684,"kind":"junction_candidate"},"geometry":{"type":"Point","coordinates":[77.5435543919983,12.9668301274502]}},{"type":"Feature","id":"kml_n_77.543754982978_12.8669414997568","properties":{"id":"kml_n_77.543754982978_12.8669414997568","degree":3,"number":685,"kind":"junction_candidate"},"geometry":{"type":"Point","coordinates":[77.543754982978,12.8669414997568]}},{"type":"Feature","id":"kml_n_77.5437759631976_12.8986665376979","properties":{"id":"kml_n_77.5437759631976_12.8986665376979","degree":3,"number":686,"kind":"junction_candidate"},"geometry":{"type":"Point","coordinates":[77.5437759631976,12.8986665376979]}},{"type":"Feature","id":"kml_n_77.5441837568168_12.86680872182","properties":{"id":"kml_n_77.5441837568168_12.86680872182","degree":1,"number":687,"kind":"endpoint"},"geometry":{"type":"Point","coordinates":[77.5441837568168,12.86680872182]}},{"type":"Feature","id":"kml_n_77.544183759579_12.8668087217932","properties":{"id":"kml_n_77.544183759579_12.8668087217932","degree":1,"number":688,"kind":"endpoint"},"geometry":{"type":"Point","coordinates":[77.544183759579,12.8668087217932]}},{"type":"Feature","id":"kml_n_77.5442101247066_12.9635543877297","properties":{"id":"kml_n_77.5442101247066_12.9635543877297","degree":3,"number":689,"kind":"junction_candidate"},"geometry":{"type":"Point","coordinates":[77.5442101247066,12.9635543877297]}},{"type":"Feature","id":"kml_n_77.5443597252088_12.9431947976265","properties":{"id":"kml_n_77.5443597252088_12.9431947976265","degree":3,"number":690,"kind":"junction_candidate"},"geometry":{"type":"Point","coordinates":[77.5443597252088,12.9431947976265]}},{"type":"Feature","id":"kml_n_77.5445202676824_12.966497632479","properties":{"id":"kml_n_77.5445202676824_12.966497632479","degree":3,"number":691,"kind":"junction_candidate"},"geometry":{"type":"Point","coordinates":[77.5445202676824,12.966497632479]}},{"type":"Feature","id":"kml_n_77.5446320255945_12.942086758617","properties":{"id":"kml_n_77.5446320255945_12.942086758617","degree":3,"number":692,"kind":"junction_candidate"},"geometry":{"type":"Point","coordinates":[77.5446320255945,12.942086758617]}},{"type":"Feature","id":"kml_n_77.544668938483_12.9741588864006","properties":{"id":"kml_n_77.544668938483_12.9741588864006","degree":3,"number":693,"kind":"junction_candidate"},"geometry":{"type":"Point","coordinates":[77.544668938483,12.9741588864006]}},{"type":"Feature","id":"kml_n_77.5448657288857_12.9431878452653","properties":{"id":"kml_n_77.5448657288857_12.9431878452653","degree":3,"number":694,"kind":"junction_candidate"},"geometry":{"type":"Point","coordinates":[77.5448657288857,12.9431878452653]}},{"type":"Feature","id":"kml_n_77.5448942186609_13.0699227756653","properties":{"id":"kml_n_77.5448942186609_13.0699227756653","degree":1,"number":695,"kind":"endpoint"},"geometry":{"type":"Point","coordinates":[77.5448942186609,13.0699227756653]}},{"type":"Feature","id":"kml_n_77.5449077451443_13.069919653735","properties":{"id":"kml_n_77.5449077451443_13.069919653735","degree":4,"number":696,"kind":"junction_candidate"},"geometry":{"type":"Point","coordinates":[77.5449077451443,13.069919653735]}},{"type":"Feature","id":"kml_n_77.5449503251191_12.9749963002301","properties":{"id":"kml_n_77.5449503251191_12.9749963002301","degree":3,"number":697,"kind":"junction_candidate"},"geometry":{"type":"Point","coordinates":[77.5449503251191,12.9749963002301]}},{"type":"Feature","id":"kml_n_77.5449660844329_12.9675181303378","properties":{"id":"kml_n_77.5449660844329_12.9675181303378","degree":3,"number":698,"kind":"junction_candidate"},"geometry":{"type":"Point","coordinates":[77.5449660844329,12.9675181303378]}},{"type":"Feature","id":"kml_n_77.5451759962898_12.9325770613557","properties":{"id":"kml_n_77.5451759962898_12.9325770613557","degree":3,"number":699,"kind":"junction_candidate"},"geometry":{"type":"Point","coordinates":[77.5451759962898,12.9325770613557]}},{"type":"Feature","id":"kml_n_77.5452189642314_12.9850169778784","properties":{"id":"kml_n_77.5452189642314_12.9850169778784","degree":3,"number":700,"kind":"junction_candidate"},"geometry":{"type":"Point","coordinates":[77.5452189642314,12.9850169778784]}},{"type":"Feature","id":"kml_n_77.5456511228201_12.9892807436472","properties":{"id":"kml_n_77.5456511228201_12.9892807436472","degree":1,"number":701,"kind":"endpoint"},"geometry":{"type":"Point","coordinates":[77.5456511228201,12.9892807436472]}},{"type":"Feature","id":"kml_n_77.5456578252377_12.9893168165582","properties":{"id":"kml_n_77.5456578252377_12.9893168165582","degree":1,"number":702,"kind":"endpoint"},"geometry":{"type":"Point","coordinates":[77.5456578252377,12.9893168165582]}},{"type":"Feature","id":"kml_n_77.545669594775_12.870803400658","properties":{"id":"kml_n_77.545669594775_12.870803400658","degree":1,"number":703,"kind":"endpoint"},"geometry":{"type":"Point","coordinates":[77.545669594775,12.870803400658]}},{"type":"Feature","id":"kml_n_77.5456838937682_12.8708124229191","properties":{"id":"kml_n_77.5456838937682_12.8708124229191","degree":1,"number":704,"kind":"endpoint"},"geometry":{"type":"Point","coordinates":[77.5456838937682,12.8708124229191]}},{"type":"Feature","id":"kml_n_77.5457302518327_12.9775199991602","properties":{"id":"kml_n_77.5457302518327_12.9775199991602","degree":3,"number":705,"kind":"junction_candidate"},"geometry":{"type":"Point","coordinates":[77.5457302518327,12.9775199991602]}},{"type":"Feature","id":"kml_n_77.5457458573695_12.9613833205295","properties":{"id":"kml_n_77.5457458573695_12.9613833205295","degree":3,"number":706,"kind":"junction_candidate"},"geometry":{"type":"Point","coordinates":[77.5457458573695,12.9613833205295]}},{"type":"Feature","id":"kml_n_77.5457522590779_13.0591093006644","properties":{"id":"kml_n_77.5457522590779_13.0591093006644","degree":3,"number":707,"kind":"junction_candidate"},"geometry":{"type":"Point","coordinates":[77.5457522590779,13.0591093006644]}},{"type":"Feature","id":"kml_n_77.5458721941823_12.8847644442928","properties":{"id":"kml_n_77.5458721941823_12.8847644442928","degree":4,"number":708,"kind":"junction_candidate"},"geometry":{"type":"Point","coordinates":[77.5458721941823,12.8847644442928]}},{"type":"Feature","id":"kml_n_77.5460434873683_12.9741750108329","properties":{"id":"kml_n_77.5460434873683_12.9741750108329","degree":3,"number":709,"kind":"junction_candidate"},"geometry":{"type":"Point","coordinates":[77.5460434873683,12.9741750108329]}},{"type":"Feature","id":"kml_n_77.5460495350065_13.0943980427925","properties":{"id":"kml_n_77.5460495350065_13.0943980427925","degree":3,"number":710,"kind":"junction_candidate"},"geometry":{"type":"Point","coordinates":[77.5460495350065,13.0943980427925]}},{"type":"Feature","id":"kml_n_77.5460986152208_13.0948766983919","properties":{"id":"kml_n_77.5460986152208_13.0948766983919","degree":3,"number":711,"kind":"junction_candidate"},"geometry":{"type":"Point","coordinates":[77.5460986152208,13.0948766983919]}},{"type":"Feature","id":"kml_n_77.5461048219791_12.9670731283363","properties":{"id":"kml_n_77.5461048219791_12.9670731283363","degree":3,"number":712,"kind":"junction_candidate"},"geometry":{"type":"Point","coordinates":[77.5461048219791,12.9670731283363]}},{"type":"Feature","id":"kml_n_77.5462044165072_12.9280671752741","properties":{"id":"kml_n_77.5462044165072_12.9280671752741","degree":3,"number":713,"kind":"junction_candidate"},"geometry":{"type":"Point","coordinates":[77.5462044165072,12.9280671752741]}},{"type":"Feature","id":"kml_n_77.5464023455532_12.997427434576","properties":{"id":"kml_n_77.5464023455532_12.997427434576","degree":3,"number":714,"kind":"junction_candidate"},"geometry":{"type":"Point","coordinates":[77.5464023455532,12.997427434576]}},{"type":"Feature","id":"kml_n_77.5464268092849_13.0252002282175","properties":{"id":"kml_n_77.5464268092849_13.0252002282175","degree":1,"number":715,"kind":"endpoint"},"geometry":{"type":"Point","coordinates":[77.5464268092849,13.0252002282175]}},{"type":"Feature","id":"kml_n_77.546480746213_13.0989870484998","properties":{"id":"kml_n_77.546480746213_13.0989870484998","degree":4,"number":716,"kind":"junction_candidate"},"geometry":{"type":"Point","coordinates":[77.546480746213,13.0989870484998]}},{"type":"Feature","id":"kml_n_77.5466327329371_13.088285638895","properties":{"id":"kml_n_77.5466327329371_13.088285638895","degree":3,"number":717,"kind":"junction_candidate"},"geometry":{"type":"Point","coordinates":[77.5466327329371,13.088285638895]}},{"type":"Feature","id":"kml_n_77.5467311679666_13.0568323767552","properties":{"id":"kml_n_77.5467311679666_13.0568323767552","degree":3,"number":718,"kind":"junction_candidate"},"geometry":{"type":"Point","coordinates":[77.5467311679666,13.0568323767552]}},{"type":"Feature","id":"kml_n_77.5467824244241_13.056738349204","properties":{"id":"kml_n_77.5467824244241_13.056738349204","degree":3,"number":719,"kind":"junction_candidate"},"geometry":{"type":"Point","coordinates":[77.5467824244241,13.056738349204]}},{"type":"Feature","id":"kml_n_77.546799094969_13.1062051652012","properties":{"id":"kml_n_77.546799094969_13.1062051652012","degree":4,"number":720,"kind":"junction_candidate"},"geometry":{"type":"Point","coordinates":[77.546799094969,13.1062051652012]}},{"type":"Feature","id":"kml_n_77.5468341343274_12.8617580512515","properties":{"id":"kml_n_77.5468341343274_12.8617580512515","degree":1,"number":721,"kind":"endpoint"},"geometry":{"type":"Point","coordinates":[77.5468341343274,12.8617580512515]}},{"type":"Feature","id":"kml_n_77.5468633615184_12.8616367157355","properties":{"id":"kml_n_77.5468633615184_12.8616367157355","degree":1,"number":722,"kind":"endpoint"},"geometry":{"type":"Point","coordinates":[77.5468633615184,12.8616367157355]}},{"type":"Feature","id":"kml_n_77.5471553185768_12.8717822979088","properties":{"id":"kml_n_77.5471553185768_12.8717822979088","degree":3,"number":723,"kind":"junction_candidate"},"geometry":{"type":"Point","coordinates":[77.5471553185768,12.8717822979088]}},{"type":"Feature","id":"kml_n_77.5472412248308_13.0416969063319","properties":{"id":"kml_n_77.5472412248308_13.0416969063319","degree":3,"number":724,"kind":"junction_candidate"},"geometry":{"type":"Point","coordinates":[77.5472412248308,13.0416969063319]}},{"type":"Feature","id":"kml_n_77.5475234101928_13.0245605443573","properties":{"id":"kml_n_77.5475234101928_13.0245605443573","degree":3,"number":725,"kind":"junction_candidate"},"geometry":{"type":"Point","coordinates":[77.5475234101928,13.0245605443573]}},{"type":"Feature","id":"kml_n_77.5478060967965_13.106419457586","properties":{"id":"kml_n_77.5478060967965_13.106419457586","degree":3,"number":726,"kind":"junction_candidate"},"geometry":{"type":"Point","coordinates":[77.5478060967965,13.106419457586]}},{"type":"Feature","id":"kml_n_77.5478639999064_13.1246627228882","properties":{"id":"kml_n_77.5478639999064_13.1246627228882","degree":3,"number":727,"kind":"junction_candidate"},"geometry":{"type":"Point","coordinates":[77.5478639999064,13.1246627228882]}},{"type":"Feature","id":"kml_n_77.5478930863289_12.9744036098112","properties":{"id":"kml_n_77.5478930863289_12.9744036098112","degree":3,"number":728,"kind":"junction_candidate"},"geometry":{"type":"Point","coordinates":[77.5478930863289,12.9744036098112]}},{"type":"Feature","id":"kml_n_77.5480930892767_12.8600022897985","properties":{"id":"kml_n_77.5480930892767_12.8600022897985","degree":3,"number":729,"kind":"junction_candidate"},"geometry":{"type":"Point","coordinates":[77.5480930892767,12.8600022897985]}},{"type":"Feature","id":"kml_n_77.5482045926975_13.0813922086349","properties":{"id":"kml_n_77.5482045926975_13.0813922086349","degree":3,"number":730,"kind":"junction_candidate"},"geometry":{"type":"Point","coordinates":[77.5482045926975,13.0813922086349]}},{"type":"Feature","id":"kml_n_77.5482620461513_13.027116329113","properties":{"id":"kml_n_77.5482620461513_13.027116329113","degree":3,"number":731,"kind":"junction_candidate"},"geometry":{"type":"Point","coordinates":[77.5482620461513,13.027116329113]}},{"type":"Feature","id":"kml_n_77.5482639136773_13.0817481789136","properties":{"id":"kml_n_77.5482639136773_13.0817481789136","degree":3,"number":732,"kind":"junction_candidate"},"geometry":{"type":"Point","coordinates":[77.5482639136773,13.0817481789136]}},{"type":"Feature","id":"kml_n_77.5483521412081_12.9750612946468","properties":{"id":"kml_n_77.5483521412081_12.9750612946468","degree":4,"number":733,"kind":"junction_candidate"},"geometry":{"type":"Point","coordinates":[77.5483521412081,12.9750612946468]}},{"type":"Feature","id":"kml_n_77.5483810090941_13.0814903104444","properties":{"id":"kml_n_77.5483810090941_13.0814903104444","degree":3,"number":734,"kind":"junction_candidate"},"geometry":{"type":"Point","coordinates":[77.5483810090941,13.0814903104444]}},{"type":"Feature","id":"kml_n_77.5483854226409_12.8834353681954","properties":{"id":"kml_n_77.5483854226409_12.8834353681954","degree":3,"number":735,"kind":"junction_candidate"},"geometry":{"type":"Point","coordinates":[77.5483854226409,12.8834353681954]}},{"type":"Feature","id":"kml_n_77.5484190387254_12.9565917454278","properties":{"id":"kml_n_77.5484190387254_12.9565917454278","degree":4,"number":736,"kind":"junction_candidate"},"geometry":{"type":"Point","coordinates":[77.5484190387254,12.9565917454278]}},{"type":"Feature","id":"kml_n_77.5485798824762_12.8834827256752","properties":{"id":"kml_n_77.5485798824762_12.8834827256752","degree":3,"number":737,"kind":"junction_candidate"},"geometry":{"type":"Point","coordinates":[77.5485798824762,12.8834827256752]}},{"type":"Feature","id":"kml_n_77.5487454714579_13.0076518498769","properties":{"id":"kml_n_77.5487454714579_13.0076518498769","degree":3,"number":738,"kind":"junction_candidate"},"geometry":{"type":"Point","coordinates":[77.5487454714579,13.0076518498769]}},{"type":"Feature","id":"kml_n_77.5487873989138_13.0060872906818","properties":{"id":"kml_n_77.5487873989138_13.0060872906818","degree":3,"number":739,"kind":"junction_candidate"},"geometry":{"type":"Point","coordinates":[77.5487873989138,13.0060872906818]}},{"type":"Feature","id":"kml_n_77.548806918209_13.0059475483974","properties":{"id":"kml_n_77.548806918209_13.0059475483974","degree":3,"number":740,"kind":"junction_candidate"},"geometry":{"type":"Point","coordinates":[77.548806918209,13.0059475483974]}},{"type":"Feature","id":"kml_n_77.5490963688014_12.9843749944235","properties":{"id":"kml_n_77.5490963688014_12.9843749944235","degree":3,"number":741,"kind":"junction_candidate"},"geometry":{"type":"Point","coordinates":[77.5490963688014,12.9843749944235]}},{"type":"Feature","id":"kml_n_77.5491275557234_12.9849716181648","properties":{"id":"kml_n_77.5491275557234_12.9849716181648","degree":3,"number":742,"kind":"junction_candidate"},"geometry":{"type":"Point","coordinates":[77.5491275557234,12.9849716181648]}},{"type":"Feature","id":"kml_n_77.549178176777_13.0038993797744","properties":{"id":"kml_n_77.549178176777_13.0038993797744","degree":3,"number":743,"kind":"junction_candidate"},"geometry":{"type":"Point","coordinates":[77.549178176777,13.0038993797744]}},{"type":"Feature","id":"kml_n_77.5492782436908_13.0457801122882","properties":{"id":"kml_n_77.5492782436908_13.0457801122882","degree":4,"number":744,"kind":"junction_candidate"},"geometry":{"type":"Point","coordinates":[77.5492782436908,13.0457801122882]}},{"type":"Feature","id":"kml_n_77.5492788524916_13.0457809808381","properties":{"id":"kml_n_77.5492788524916_13.0457809808381","degree":6,"number":745,"kind":"junction_candidate"},"geometry":{"type":"Point","coordinates":[77.5492788524916,13.0457809808381]}},{"type":"Feature","id":"kml_n_77.5493082228825_12.960862795285","properties":{"id":"kml_n_77.5493082228825_12.960862795285","degree":1,"number":746,"kind":"endpoint"},"geometry":{"type":"Point","coordinates":[77.5493082228825,12.960862795285]}},{"type":"Feature","id":"kml_n_77.5493304671192_12.9608773038906","properties":{"id":"kml_n_77.5493304671192_12.9608773038906","degree":1,"number":747,"kind":"endpoint"},"geometry":{"type":"Point","coordinates":[77.5493304671192,12.9608773038906]}},{"type":"Feature","id":"kml_n_77.5497510257642_13.0002656299904","properties":{"id":"kml_n_77.5497510257642_13.0002656299904","degree":4,"number":748,"kind":"junction_candidate"},"geometry":{"type":"Point","coordinates":[77.5497510257642,13.0002656299904]}},{"type":"Feature","id":"kml_n_77.5499578055499_12.9253683386309","properties":{"id":"kml_n_77.5499578055499_12.9253683386309","degree":4,"number":749,"kind":"junction_candidate"},"geometry":{"type":"Point","coordinates":[77.5499578055499,12.9253683386309]}},{"type":"Feature","id":"kml_n_77.5501512911319_13.0488613363157","properties":{"id":"kml_n_77.5501512911319_13.0488613363157","degree":3,"number":750,"kind":"junction_candidate"},"geometry":{"type":"Point","coordinates":[77.5501512911319,13.0488613363157]}},{"type":"Feature","id":"kml_n_77.5503192378445_12.9976056863731","properties":{"id":"kml_n_77.5503192378445_12.9976056863731","degree":4,"number":751,"kind":"junction_candidate"},"geometry":{"type":"Point","coordinates":[77.5503192378445,12.9976056863731]}},{"type":"Feature","id":"kml_n_77.5505231991847_12.9737311914625","properties":{"id":"kml_n_77.5505231991847_12.9737311914625","degree":3,"number":752,"kind":"junction_candidate"},"geometry":{"type":"Point","coordinates":[77.5505231991847,12.9737311914625]}},{"type":"Feature","id":"kml_n_77.5508846670951_13.0533325484075","properties":{"id":"kml_n_77.5508846670951_13.0533325484075","degree":3,"number":753,"kind":"junction_candidate"},"geometry":{"type":"Point","coordinates":[77.5508846670951,13.0533325484075]}},{"type":"Feature","id":"kml_n_77.5510127997016_13.053174133278","properties":{"id":"kml_n_77.5510127997016_13.053174133278","degree":3,"number":754,"kind":"junction_candidate"},"geometry":{"type":"Point","coordinates":[77.5510127997016,13.053174133278]}},{"type":"Feature","id":"kml_n_77.5514106587997_13.0578148061278","properties":{"id":"kml_n_77.5514106587997_13.0578148061278","degree":4,"number":755,"kind":"junction_candidate"},"geometry":{"type":"Point","coordinates":[77.5514106587997,13.0578148061278]}},{"type":"Feature","id":"kml_n_77.5518025961261_13.0072930449238","properties":{"id":"kml_n_77.5518025961261_13.0072930449238","degree":1,"number":756,"kind":"endpoint"},"geometry":{"type":"Point","coordinates":[77.5518025961261,13.0072930449238]}},{"type":"Feature","id":"kml_n_77.5519982572531_13.0625872074967","properties":{"id":"kml_n_77.5519982572531_13.0625872074967","degree":1,"number":757,"kind":"endpoint"},"geometry":{"type":"Point","coordinates":[77.5519982572531,13.0625872074967]}},{"type":"Feature","id":"kml_n_77.5520578722665_13.0625555570016","properties":{"id":"kml_n_77.5520578722665_13.0625555570016","degree":1,"number":758,"kind":"endpoint"},"geometry":{"type":"Point","coordinates":[77.5520578722665,13.0625555570016]}},{"type":"Feature","id":"kml_n_77.5520602926115_12.9605049793171","properties":{"id":"kml_n_77.5520602926115_12.9605049793171","degree":3,"number":759,"kind":"junction_candidate"},"geometry":{"type":"Point","coordinates":[77.5520602926115,12.9605049793171]}},{"type":"Feature","id":"kml_n_77.5522048078071_12.9748796934988","properties":{"id":"kml_n_77.5522048078071_12.9748796934988","degree":3,"number":760,"kind":"junction_candidate"},"geometry":{"type":"Point","coordinates":[77.5522048078071,12.9748796934988]}},{"type":"Feature","id":"kml_n_77.5522688702635_12.9116883478143","properties":{"id":"kml_n_77.5522688702635_12.9116883478143","degree":3,"number":761,"kind":"junction_candidate"},"geometry":{"type":"Point","coordinates":[77.5522688702635,12.9116883478143]}},{"type":"Feature","id":"kml_n_77.5522811910655_12.8508566138815","properties":{"id":"kml_n_77.5522811910655_12.8508566138815","degree":1,"number":762,"kind":"endpoint"},"geometry":{"type":"Point","coordinates":[77.5522811910655,12.8508566138815]}},{"type":"Feature","id":"kml_n_77.5524012776796_12.9633668710811","properties":{"id":"kml_n_77.5524012776796_12.9633668710811","degree":1,"number":763,"kind":"endpoint"},"geometry":{"type":"Point","coordinates":[77.5524012776796,12.9633668710811]}},{"type":"Feature","id":"kml_n_77.5524107065862_12.9633643889494","properties":{"id":"kml_n_77.5524107065862_12.9633643889494","degree":1,"number":764,"kind":"endpoint"},"geometry":{"type":"Point","coordinates":[77.5524107065862,12.9633643889494]}},{"type":"Feature","id":"kml_n_77.5524762607895_12.8637069811682","properties":{"id":"kml_n_77.5524762607895_12.8637069811682","degree":3,"number":765,"kind":"junction_candidate"},"geometry":{"type":"Point","coordinates":[77.5524762607895,12.8637069811682]}},{"type":"Feature","id":"kml_n_77.552579791696_13.1111739414919","properties":{"id":"kml_n_77.552579791696_13.1111739414919","degree":1,"number":766,"kind":"endpoint"},"geometry":{"type":"Point","coordinates":[77.552579791696,13.1111739414919]}},{"type":"Feature","id":"kml_n_77.5526276195402_13.007736930192","properties":{"id":"kml_n_77.5526276195402_13.007736930192","degree":1,"number":767,"kind":"endpoint"},"geometry":{"type":"Point","coordinates":[77.5526276195402,13.007736930192]}},{"type":"Feature","id":"kml_n_77.5526393952428_12.9723054128584","properties":{"id":"kml_n_77.5526393952428_12.9723054128584","degree":3,"number":768,"kind":"junction_candidate"},"geometry":{"type":"Point","coordinates":[77.5526393952428,12.9723054128584]}},{"type":"Feature","id":"kml_n_77.5526764148783_12.9723784575553","properties":{"id":"kml_n_77.5526764148783_12.9723784575553","degree":3,"number":769,"kind":"junction_candidate"},"geometry":{"type":"Point","coordinates":[77.5526764148783,12.9723784575553]}},{"type":"Feature","id":"kml_n_77.5526821758261_12.8688174012791","properties":{"id":"kml_n_77.5526821758261_12.8688174012791","degree":1,"number":770,"kind":"endpoint"},"geometry":{"type":"Point","coordinates":[77.5526821758261,12.8688174012791]}},{"type":"Feature","id":"kml_n_77.5526839260844_12.86881746554","properties":{"id":"kml_n_77.5526839260844_12.86881746554","degree":1,"number":771,"kind":"endpoint"},"geometry":{"type":"Point","coordinates":[77.5526839260844,12.86881746554]}},{"type":"Feature","id":"kml_n_77.5527106776916_12.9644376956044","properties":{"id":"kml_n_77.5527106776916_12.9644376956044","degree":3,"number":772,"kind":"junction_candidate"},"geometry":{"type":"Point","coordinates":[77.5527106776916,12.9644376956044]}},{"type":"Feature","id":"kml_n_77.5530513796242_13.050481770776","properties":{"id":"kml_n_77.5530513796242_13.050481770776","degree":3,"number":773,"kind":"junction_candidate"},"geometry":{"type":"Point","coordinates":[77.5530513796242,13.050481770776]}},{"type":"Feature","id":"kml_n_77.553103868241_12.998192483623","properties":{"id":"kml_n_77.553103868241_12.998192483623","degree":4,"number":774,"kind":"junction_candidate"},"geometry":{"type":"Point","coordinates":[77.553103868241,12.998192483623]}},{"type":"Feature","id":"kml_n_77.5531861746465_13.066507370889","properties":{"id":"kml_n_77.5531861746465_13.066507370889","degree":3,"number":775,"kind":"junction_candidate"},"geometry":{"type":"Point","coordinates":[77.5531861746465,13.066507370889]}},{"type":"Feature","id":"kml_n_77.5532472395607_12.9385762125253","properties":{"id":"kml_n_77.5532472395607_12.9385762125253","degree":3,"number":776,"kind":"junction_candidate"},"geometry":{"type":"Point","coordinates":[77.5532472395607,12.9385762125253]}},{"type":"Feature","id":"kml_n_77.553271939428_12.9239410410719","properties":{"id":"kml_n_77.553271939428_12.9239410410719","degree":3,"number":777,"kind":"junction_candidate"},"geometry":{"type":"Point","coordinates":[77.553271939428,12.9239410410719]}},{"type":"Feature","id":"kml_n_77.5533142954598_12.9239267982792","properties":{"id":"kml_n_77.5533142954598_12.9239267982792","degree":3,"number":778,"kind":"junction_candidate"},"geometry":{"type":"Point","coordinates":[77.5533142954598,12.9239267982792]}},{"type":"Feature","id":"kml_n_77.5533627553972_13.043699735875","properties":{"id":"kml_n_77.5533627553972_13.043699735875","degree":3,"number":779,"kind":"junction_candidate"},"geometry":{"type":"Point","coordinates":[77.5533627553972,13.043699735875]}},{"type":"Feature","id":"kml_n_77.5534214900182_12.9755097382502","properties":{"id":"kml_n_77.5534214900182_12.9755097382502","degree":3,"number":780,"kind":"junction_candidate"},"geometry":{"type":"Point","coordinates":[77.5534214900182,12.9755097382502]}},{"type":"Feature","id":"kml_n_77.5535980197414_13.0322623254606","properties":{"id":"kml_n_77.5535980197414_13.0322623254606","degree":3,"number":781,"kind":"junction_candidate"},"geometry":{"type":"Point","coordinates":[77.5535980197414,13.0322623254606]}},{"type":"Feature","id":"kml_n_77.55365829464_12.9418919675686","properties":{"id":"kml_n_77.55365829464_12.9418919675686","degree":3,"number":782,"kind":"junction_candidate"},"geometry":{"type":"Point","coordinates":[77.55365829464,12.9418919675686]}},{"type":"Feature","id":"kml_n_77.5538009655918_12.979909413781","properties":{"id":"kml_n_77.5538009655918_12.979909413781","degree":3,"number":783,"kind":"junction_candidate"},"geometry":{"type":"Point","coordinates":[77.5538009655918,12.979909413781]}},{"type":"Feature","id":"kml_n_77.5538082870847_13.0043864510515","properties":{"id":"kml_n_77.5538082870847_13.0043864510515","degree":3,"number":784,"kind":"junction_candidate"},"geometry":{"type":"Point","coordinates":[77.5538082870847,13.0043864510515]}},{"type":"Feature","id":"kml_n_77.5538519163204_12.9419104002384","properties":{"id":"kml_n_77.5538519163204_12.9419104002384","degree":3,"number":785,"kind":"junction_candidate"},"geometry":{"type":"Point","coordinates":[77.5538519163204,12.9419104002384]}},{"type":"Feature","id":"kml_n_77.5538871246098_13.1009698391247","properties":{"id":"kml_n_77.5538871246098_13.1009698391247","degree":1,"number":786,"kind":"endpoint"},"geometry":{"type":"Point","coordinates":[77.5538871246098,13.1009698391247]}},{"type":"Feature","id":"kml_n_77.5538905029362_13.1009295649286","properties":{"id":"kml_n_77.5538905029362_13.1009295649286","degree":1,"number":787,"kind":"endpoint"},"geometry":{"type":"Point","coordinates":[77.5538905029362,13.1009295649286]}},{"type":"Feature","id":"kml_n_77.554033113879_13.0674609042158","properties":{"id":"kml_n_77.554033113879_13.0674609042158","degree":1,"number":788,"kind":"endpoint"},"geometry":{"type":"Point","coordinates":[77.554033113879,13.0674609042158]}},{"type":"Feature","id":"kml_n_77.5540350804633_13.0135788525086","properties":{"id":"kml_n_77.5540350804633_13.0135788525086","degree":3,"number":789,"kind":"junction_candidate"},"geometry":{"type":"Point","coordinates":[77.5540350804633,13.0135788525086]}},{"type":"Feature","id":"kml_n_77.5540384503325_13.067473047195","properties":{"id":"kml_n_77.5540384503325_13.067473047195","degree":1,"number":790,"kind":"endpoint"},"geometry":{"type":"Point","coordinates":[77.5540384503325,13.067473047195]}},{"type":"Feature","id":"kml_n_77.5541614259897_12.9843461486315","properties":{"id":"kml_n_77.5541614259897_12.9843461486315","degree":4,"number":791,"kind":"junction_candidate"},"geometry":{"type":"Point","coordinates":[77.5541614259897,12.9843461486315]}},{"type":"Feature","id":"kml_n_77.5541749647712_13.1047859982884","properties":{"id":"kml_n_77.5541749647712_13.1047859982884","degree":3,"number":792,"kind":"junction_candidate"},"geometry":{"type":"Point","coordinates":[77.5541749647712,13.1047859982884]}},{"type":"Feature","id":"kml_n_77.5541843297117_13.1048005856529","properties":{"id":"kml_n_77.5541843297117_13.1048005856529","degree":3,"number":793,"kind":"junction_candidate"},"geometry":{"type":"Point","coordinates":[77.5541843297117,13.1048005856529]}},{"type":"Feature","id":"kml_n_77.5542275277791_13.0060541754709","properties":{"id":"kml_n_77.5542275277791_13.0060541754709","degree":3,"number":794,"kind":"junction_candidate"},"geometry":{"type":"Point","coordinates":[77.5542275277791,13.0060541754709]}},{"type":"Feature","id":"kml_n_77.5542915505046_13.0942442955201","properties":{"id":"kml_n_77.5542915505046_13.0942442955201","degree":3,"number":795,"kind":"junction_candidate"},"geometry":{"type":"Point","coordinates":[77.5542915505046,13.0942442955201]}},{"type":"Feature","id":"kml_n_77.5543013388385_12.8549678001203","properties":{"id":"kml_n_77.5543013388385_12.8549678001203","degree":3,"number":796,"kind":"junction_candidate"},"geometry":{"type":"Point","coordinates":[77.5543013388385,12.8549678001203]}},{"type":"Feature","id":"kml_n_77.5543091873521_12.8640067932148","properties":{"id":"kml_n_77.5543091873521_12.8640067932148","degree":3,"number":797,"kind":"junction_candidate"},"geometry":{"type":"Point","coordinates":[77.5543091873521,12.8640067932148]}},{"type":"Feature","id":"kml_n_77.5543130804859_13.0326788854947","properties":{"id":"kml_n_77.5543130804859_13.0326788854947","degree":3,"number":798,"kind":"junction_candidate"},"geometry":{"type":"Point","coordinates":[77.5543130804859,13.0326788854947]}},{"type":"Feature","id":"kml_n_77.5544643995486_12.9483300419614","properties":{"id":"kml_n_77.5544643995486_12.9483300419614","degree":3,"number":799,"kind":"junction_candidate"},"geometry":{"type":"Point","coordinates":[77.5544643995486,12.9483300419614]}},{"type":"Feature","id":"kml_n_77.5544692852321_13.008182644975","properties":{"id":"kml_n_77.5544692852321_13.008182644975","degree":3,"number":800,"kind":"junction_candidate"},"geometry":{"type":"Point","coordinates":[77.5544692852321,13.008182644975]}},{"type":"Feature","id":"kml_n_77.5544785842793_13.0084821166457","properties":{"id":"kml_n_77.5544785842793_13.0084821166457","degree":4,"number":801,"kind":"junction_candidate"},"geometry":{"type":"Point","coordinates":[77.5544785842793,13.0084821166457]}},{"type":"Feature","id":"kml_n_77.5547420592716_12.9073438704581","properties":{"id":"kml_n_77.5547420592716_12.9073438704581","degree":1,"number":802,"kind":"endpoint"},"geometry":{"type":"Point","coordinates":[77.5547420592716,12.9073438704581]}},{"type":"Feature","id":"kml_n_77.5548451126004_12.9478551492501","properties":{"id":"kml_n_77.5548451126004_12.9478551492501","degree":3,"number":803,"kind":"junction_candidate"},"geometry":{"type":"Point","coordinates":[77.5548451126004,12.9478551492501]}},{"type":"Feature","id":"kml_n_77.5549813251281_13.044251082431","properties":{"id":"kml_n_77.5549813251281_13.044251082431","degree":3,"number":804,"kind":"junction_candidate"},"geometry":{"type":"Point","coordinates":[77.5549813251281,13.044251082431]}},{"type":"Feature","id":"kml_n_77.5550554608513_12.9490043263399","properties":{"id":"kml_n_77.5550554608513_12.9490043263399","degree":3,"number":805,"kind":"junction_candidate"},"geometry":{"type":"Point","coordinates":[77.5550554608513,12.9490043263399]}},{"type":"Feature","id":"kml_n_77.5551553199489_12.8949818622759","properties":{"id":"kml_n_77.5551553199489_12.8949818622759","degree":4,"number":806,"kind":"junction_candidate"},"geometry":{"type":"Point","coordinates":[77.5551553199489,12.8949818622759]}},{"type":"Feature","id":"kml_n_77.5552538824171_13.0154670899454","properties":{"id":"kml_n_77.5552538824171_13.0154670899454","degree":3,"number":807,"kind":"junction_candidate"},"geometry":{"type":"Point","coordinates":[77.5552538824171,13.0154670899454]}},{"type":"Feature","id":"kml_n_77.5552622769009_13.0698551947809","properties":{"id":"kml_n_77.5552622769009_13.0698551947809","degree":3,"number":808,"kind":"junction_candidate"},"geometry":{"type":"Point","coordinates":[77.5552622769009,13.0698551947809]}},{"type":"Feature","id":"kml_n_77.5553695834131_13.1154473028671","properties":{"id":"kml_n_77.5553695834131_13.1154473028671","degree":1,"number":809,"kind":"endpoint"},"geometry":{"type":"Point","coordinates":[77.5553695834131,13.1154473028671]}},{"type":"Feature","id":"kml_n_77.555399620917_13.1154026280739","properties":{"id":"kml_n_77.555399620917_13.1154026280739","degree":1,"number":810,"kind":"endpoint"},"geometry":{"type":"Point","coordinates":[77.555399620917,13.1154026280739]}},{"type":"Feature","id":"kml_n_77.5554791032881_13.1044683523136","properties":{"id":"kml_n_77.5554791032881_13.1044683523136","degree":1,"number":811,"kind":"endpoint"},"geometry":{"type":"Point","coordinates":[77.5554791032881,13.1044683523136]}},{"type":"Feature","id":"kml_n_77.5554951799841_13.1044567578592","properties":{"id":"kml_n_77.5554951799841_13.1044567578592","degree":1,"number":812,"kind":"endpoint"},"geometry":{"type":"Point","coordinates":[77.5554951799841,13.1044567578592]}},{"type":"Feature","id":"kml_n_77.5555123334114_12.994354479252","properties":{"id":"kml_n_77.5555123334114_12.994354479252","degree":3,"number":813,"kind":"junction_candidate"},"geometry":{"type":"Point","coordinates":[77.5555123334114,12.994354479252]}},{"type":"Feature","id":"kml_n_77.5555289720643_13.0860484375649","properties":{"id":"kml_n_77.5555289720643_13.0860484375649","degree":3,"number":814,"kind":"junction_candidate"},"geometry":{"type":"Point","coordinates":[77.5555289720643,13.0860484375649]}},{"type":"Feature","id":"kml_n_77.5555915317107_12.9942361029855","properties":{"id":"kml_n_77.5555915317107_12.9942361029855","degree":3,"number":815,"kind":"junction_candidate"},"geometry":{"type":"Point","coordinates":[77.5555915317107,12.9942361029855]}},{"type":"Feature","id":"kml_n_77.5556508913449_12.8782782594627","properties":{"id":"kml_n_77.5556508913449_12.8782782594627","degree":1,"number":816,"kind":"endpoint"},"geometry":{"type":"Point","coordinates":[77.5556508913449,12.8782782594627]}},{"type":"Feature","id":"kml_n_77.5558641869606_12.9594885343013","properties":{"id":"kml_n_77.5558641869606_12.9594885343013","degree":3,"number":817,"kind":"junction_candidate"},"geometry":{"type":"Point","coordinates":[77.5558641869606,12.9594885343013]}},{"type":"Feature","id":"kml_n_77.5560079350427_12.8701320953871","properties":{"id":"kml_n_77.5560079350427_12.8701320953871","degree":1,"number":818,"kind":"endpoint"},"geometry":{"type":"Point","coordinates":[77.5560079350427,12.8701320953871]}},{"type":"Feature","id":"kml_n_77.5560204822927_12.8701625100911","properties":{"id":"kml_n_77.5560204822927_12.8701625100911","degree":1,"number":819,"kind":"endpoint"},"geometry":{"type":"Point","coordinates":[77.5560204822927,12.8701625100911]}},{"type":"Feature","id":"kml_n_77.5560584245413_13.0211357312167","properties":{"id":"kml_n_77.5560584245413_13.0211357312167","degree":3,"number":820,"kind":"junction_candidate"},"geometry":{"type":"Point","coordinates":[77.5560584245413,13.0211357312167]}},{"type":"Feature","id":"kml_n_77.5562595592722_12.9229681994119","properties":{"id":"kml_n_77.5562595592722_12.9229681994119","degree":3,"number":821,"kind":"junction_candidate"},"geometry":{"type":"Point","coordinates":[77.5562595592722,12.9229681994119]}},{"type":"Feature","id":"kml_n_77.5563966700274_13.0455797000792","properties":{"id":"kml_n_77.5563966700274_13.0455797000792","degree":3,"number":822,"kind":"junction_candidate"},"geometry":{"type":"Point","coordinates":[77.5563966700274,13.0455797000792]}},{"type":"Feature","id":"kml_n_77.5564373692848_13.045494673124","properties":{"id":"kml_n_77.5564373692848_13.045494673124","degree":3,"number":823,"kind":"junction_candidate"},"geometry":{"type":"Point","coordinates":[77.5564373692848,13.045494673124]}},{"type":"Feature","id":"kml_n_77.5566152901824_12.8858528084124","properties":{"id":"kml_n_77.5566152901824_12.8858528084124","degree":3,"number":824,"kind":"junction_candidate"},"geometry":{"type":"Point","coordinates":[77.5566152901824,12.8858528084124]}},{"type":"Feature","id":"kml_n_77.5566893271225_12.960119629203","properties":{"id":"kml_n_77.5566893271225_12.960119629203","degree":3,"number":825,"kind":"junction_candidate"},"geometry":{"type":"Point","coordinates":[77.5566893271225,12.960119629203]}},{"type":"Feature","id":"kml_n_77.556775931537_13.0902451208496","properties":{"id":"kml_n_77.556775931537_13.0902451208496","degree":3,"number":826,"kind":"junction_candidate"},"geometry":{"type":"Point","coordinates":[77.556775931537,13.0902451208496]}},{"type":"Feature","id":"kml_n_77.5568310733873_13.0903033365135","properties":{"id":"kml_n_77.5568310733873_13.0903033365135","degree":3,"number":827,"kind":"junction_candidate"},"geometry":{"type":"Point","coordinates":[77.5568310733873,13.0903033365135]}},{"type":"Feature","id":"kml_n_77.5569136390528_13.1293534528178","properties":{"id":"kml_n_77.5569136390528_13.1293534528178","degree":3,"number":828,"kind":"junction_candidate"},"geometry":{"type":"Point","coordinates":[77.5569136390528,13.1293534528178]}},{"type":"Feature","id":"kml_n_77.5569223742875_13.0438317864145","properties":{"id":"kml_n_77.5569223742875_13.0438317864145","degree":4,"number":829,"kind":"junction_candidate"},"geometry":{"type":"Point","coordinates":[77.5569223742875,13.0438317864145]}},{"type":"Feature","id":"kml_n_77.5569958317013_12.9066962166857","properties":{"id":"kml_n_77.5569958317013_12.9066962166857","degree":1,"number":830,"kind":"endpoint"},"geometry":{"type":"Point","coordinates":[77.5569958317013,12.9066962166857]}},{"type":"Feature","id":"kml_n_77.5569958438842_12.9066962373462","properties":{"id":"kml_n_77.5569958438842_12.9066962373462","degree":1,"number":831,"kind":"endpoint"},"geometry":{"type":"Point","coordinates":[77.5569958438842,12.9066962373462]}},{"type":"Feature","id":"kml_n_77.5570620115184_12.994152468217","properties":{"id":"kml_n_77.5570620115184_12.994152468217","degree":3,"number":832,"kind":"junction_candidate"},"geometry":{"type":"Point","coordinates":[77.5570620115184,12.994152468217]}},{"type":"Feature","id":"kml_n_77.557159348101_12.9287317153955","properties":{"id":"kml_n_77.557159348101_12.9287317153955","degree":1,"number":833,"kind":"endpoint"},"geometry":{"type":"Point","coordinates":[77.557159348101,12.9287317153955]}},{"type":"Feature","id":"kml_n_77.5571691301009_12.9287371703811","properties":{"id":"kml_n_77.5571691301009_12.9287371703811","degree":1,"number":834,"kind":"endpoint"},"geometry":{"type":"Point","coordinates":[77.5571691301009,12.9287371703811]}},{"type":"Feature","id":"kml_n_77.5571718069385_13.1100730305249","properties":{"id":"kml_n_77.5571718069385_13.1100730305249","degree":1,"number":835,"kind":"endpoint"},"geometry":{"type":"Point","coordinates":[77.5571718069385,13.1100730305249]}},{"type":"Feature","id":"kml_n_77.5573522974038_13.0347621078479","properties":{"id":"kml_n_77.5573522974038_13.0347621078479","degree":4,"number":836,"kind":"junction_candidate"},"geometry":{"type":"Point","coordinates":[77.5573522974038,13.0347621078479]}},{"type":"Feature","id":"kml_n_77.557414721671_12.9983734845805","properties":{"id":"kml_n_77.557414721671_12.9983734845805","degree":3,"number":837,"kind":"junction_candidate"},"geometry":{"type":"Point","coordinates":[77.557414721671,12.9983734845805]}},{"type":"Feature","id":"kml_n_77.5574196692828_12.9983930110385","properties":{"id":"kml_n_77.5574196692828_12.9983930110385","degree":3,"number":838,"kind":"junction_candidate"},"geometry":{"type":"Point","coordinates":[77.5574196692828,12.9983930110385]}},{"type":"Feature","id":"kml_n_77.5576004131113_13.0343006361569","properties":{"id":"kml_n_77.5576004131113_13.0343006361569","degree":3,"number":839,"kind":"junction_candidate"},"geometry":{"type":"Point","coordinates":[77.5576004131113,13.0343006361569]}},{"type":"Feature","id":"kml_n_77.5576692428591_13.0586810333849","properties":{"id":"kml_n_77.5576692428591_13.0586810333849","degree":3,"number":840,"kind":"junction_candidate"},"geometry":{"type":"Point","coordinates":[77.5576692428591,13.0586810333849]}},{"type":"Feature","id":"kml_n_77.5578337202474_12.9998939068592","properties":{"id":"kml_n_77.5578337202474_12.9998939068592","degree":1,"number":841,"kind":"endpoint"},"geometry":{"type":"Point","coordinates":[77.5578337202474,12.9998939068592]}},{"type":"Feature","id":"kml_n_77.55784009536_12.9999166075273","properties":{"id":"kml_n_77.55784009536_12.9999166075273","degree":1,"number":842,"kind":"endpoint"},"geometry":{"type":"Point","coordinates":[77.55784009536,12.9999166075273]}},{"type":"Feature","id":"kml_n_77.5578828138958_12.8590059589093","properties":{"id":"kml_n_77.5578828138958_12.8590059589093","degree":3,"number":843,"kind":"junction_candidate"},"geometry":{"type":"Point","coordinates":[77.5578828138958,12.8590059589093]}},{"type":"Feature","id":"kml_n_77.5581024622316_13.0758079229065","properties":{"id":"kml_n_77.5581024622316_13.0758079229065","degree":4,"number":844,"kind":"junction_candidate"},"geometry":{"type":"Point","coordinates":[77.5581024622316,13.0758079229065]}},{"type":"Feature","id":"kml_n_77.5581414360242_13.0010034518705","properties":{"id":"kml_n_77.5581414360242_13.0010034518705","degree":1,"number":845,"kind":"endpoint"},"geometry":{"type":"Point","coordinates":[77.5581414360242,13.0010034518705]}},{"type":"Feature","id":"kml_n_77.5581474078173_13.0010225715804","properties":{"id":"kml_n_77.5581474078173_13.0010225715804","degree":1,"number":846,"kind":"endpoint"},"geometry":{"type":"Point","coordinates":[77.5581474078173,13.0010225715804]}},{"type":"Feature","id":"kml_n_77.5582977522609_12.9434083294383","properties":{"id":"kml_n_77.5582977522609_12.9434083294383","degree":3,"number":847,"kind":"junction_candidate"},"geometry":{"type":"Point","coordinates":[77.5582977522609,12.9434083294383]}},{"type":"Feature","id":"kml_n_77.5583148890974_13.0050797475575","properties":{"id":"kml_n_77.5583148890974_13.0050797475575","degree":3,"number":848,"kind":"junction_candidate"},"geometry":{"type":"Point","coordinates":[77.5583148890974,13.0050797475575]}},{"type":"Feature","id":"kml_n_77.5585009940082_12.9940389755183","properties":{"id":"kml_n_77.5585009940082_12.9940389755183","degree":1,"number":849,"kind":"endpoint"},"geometry":{"type":"Point","coordinates":[77.5585009940082,12.9940389755183]}},{"type":"Feature","id":"kml_n_77.5585122336414_12.9940376902844","properties":{"id":"kml_n_77.5585122336414_12.9940376902844","degree":1,"number":850,"kind":"endpoint"},"geometry":{"type":"Point","coordinates":[77.5585122336414,12.9940376902844]}},{"type":"Feature","id":"kml_n_77.5585652599535_13.1194588885926","properties":{"id":"kml_n_77.5585652599535_13.1194588885926","degree":1,"number":851,"kind":"endpoint"},"geometry":{"type":"Point","coordinates":[77.5585652599535,13.1194588885926]}},{"type":"Feature","id":"kml_n_77.5586244192937_12.8498041925825","properties":{"id":"kml_n_77.5586244192937_12.8498041925825","degree":1,"number":852,"kind":"endpoint"},"geometry":{"type":"Point","coordinates":[77.5586244192937,12.8498041925825]}},{"type":"Feature","id":"kml_n_77.558753613198_12.8736033393096","properties":{"id":"kml_n_77.558753613198_12.8736033393096","degree":1,"number":853,"kind":"endpoint"},"geometry":{"type":"Point","coordinates":[77.558753613198,12.8736033393096]}},{"type":"Feature","id":"kml_n_77.5587816625097_12.8736394450443","properties":{"id":"kml_n_77.5587816625097_12.8736394450443","degree":1,"number":854,"kind":"endpoint"},"geometry":{"type":"Point","coordinates":[77.5587816625097,12.8736394450443]}},{"type":"Feature","id":"kml_n_77.5588730185965_13.0180907682804","properties":{"id":"kml_n_77.5588730185965_13.0180907682804","degree":3,"number":855,"kind":"junction_candidate"},"geometry":{"type":"Point","coordinates":[77.5588730185965,13.0180907682804]}},{"type":"Feature","id":"kml_n_77.5589059361503_12.9135842588033","properties":{"id":"kml_n_77.5589059361503_12.9135842588033","degree":3,"number":856,"kind":"junction_candidate"},"geometry":{"type":"Point","coordinates":[77.5589059361503,12.9135842588033]}},{"type":"Feature","id":"kml_n_77.5589820668112_13.0187948987919","properties":{"id":"kml_n_77.5589820668112_13.0187948987919","degree":3,"number":857,"kind":"junction_candidate"},"geometry":{"type":"Point","coordinates":[77.5589820668112,13.0187948987919]}},{"type":"Feature","id":"kml_n_77.5591798328518_12.9611008166896","properties":{"id":"kml_n_77.5591798328518_12.9611008166896","degree":3,"number":858,"kind":"junction_candidate"},"geometry":{"type":"Point","coordinates":[77.5591798328518,12.9611008166896]}},{"type":"Feature","id":"kml_n_77.5591838972011_13.0106789911874","properties":{"id":"kml_n_77.5591838972011_13.0106789911874","degree":4,"number":859,"kind":"junction_candidate"},"geometry":{"type":"Point","coordinates":[77.5591838972011,13.0106789911874]}},{"type":"Feature","id":"kml_n_77.5591963821809_12.9602194383935","properties":{"id":"kml_n_77.5591963821809_12.9602194383935","degree":4,"number":860,"kind":"junction_candidate"},"geometry":{"type":"Point","coordinates":[77.5591963821809,12.9602194383935]}},{"type":"Feature","id":"kml_n_77.5592352667806_13.1033858748226","properties":{"id":"kml_n_77.5592352667806_13.1033858748226","degree":1,"number":861,"kind":"endpoint"},"geometry":{"type":"Point","coordinates":[77.5592352667806,13.1033858748226]}},{"type":"Feature","id":"kml_n_77.5592481683579_12.9568906518102","properties":{"id":"kml_n_77.5592481683579_12.9568906518102","degree":3,"number":862,"kind":"junction_candidate"},"geometry":{"type":"Point","coordinates":[77.5592481683579,12.9568906518102]}},{"type":"Feature","id":"kml_n_77.5592563449_12.9613314833014","properties":{"id":"kml_n_77.5592563449_12.9613314833014","degree":1,"number":863,"kind":"endpoint"},"geometry":{"type":"Point","coordinates":[77.5592563449,12.9613314833014]}},{"type":"Feature","id":"kml_n_77.5592852246457_13.1033832274954","properties":{"id":"kml_n_77.5592852246457_13.1033832274954","degree":1,"number":864,"kind":"endpoint"},"geometry":{"type":"Point","coordinates":[77.5592852246457,13.1033832274954]}},{"type":"Feature","id":"kml_n_77.5593174492277_12.8927433481554","properties":{"id":"kml_n_77.5593174492277_12.8927433481554","degree":3,"number":865,"kind":"junction_candidate"},"geometry":{"type":"Point","coordinates":[77.5593174492277,12.8927433481554]}},{"type":"Feature","id":"kml_n_77.5593308642989_13.0589584531382","properties":{"id":"kml_n_77.5593308642989_13.0589584531382","degree":3,"number":866,"kind":"junction_candidate"},"geometry":{"type":"Point","coordinates":[77.5593308642989,13.0589584531382]}},{"type":"Feature","id":"kml_n_77.5595693248028_12.874308441772","properties":{"id":"kml_n_77.5595693248028_12.874308441772","degree":3,"number":867,"kind":"junction_candidate"},"geometry":{"type":"Point","coordinates":[77.5595693248028,12.874308441772]}},{"type":"Feature","id":"kml_n_77.5597424005186_13.0377796301843","properties":{"id":"kml_n_77.5597424005186_13.0377796301843","degree":3,"number":868,"kind":"junction_candidate"},"geometry":{"type":"Point","coordinates":[77.5597424005186,13.0377796301843]}},{"type":"Feature","id":"kml_n_77.5598386686492_12.894220245715","properties":{"id":"kml_n_77.5598386686492_12.894220245715","degree":3,"number":869,"kind":"junction_candidate"},"geometry":{"type":"Point","coordinates":[77.5598386686492,12.894220245715]}},{"type":"Feature","id":"kml_n_77.5599365018734_13.0309525145156","properties":{"id":"kml_n_77.5599365018734_13.0309525145156","degree":3,"number":870,"kind":"junction_candidate"},"geometry":{"type":"Point","coordinates":[77.5599365018734,13.0309525145156]}},{"type":"Feature","id":"kml_n_77.5599946305859_13.008167678519","properties":{"id":"kml_n_77.5599946305859_13.008167678519","degree":1,"number":871,"kind":"endpoint"},"geometry":{"type":"Point","coordinates":[77.5599946305859,13.008167678519]}},{"type":"Feature","id":"kml_n_77.5600939704885_12.8621861758917","properties":{"id":"kml_n_77.5600939704885_12.8621861758917","degree":3,"number":872,"kind":"junction_candidate"},"geometry":{"type":"Point","coordinates":[77.5600939704885,12.8621861758917]}},{"type":"Feature","id":"kml_n_77.5601641925415_12.9415856779844","properties":{"id":"kml_n_77.5601641925415_12.9415856779844","degree":3,"number":873,"kind":"junction_candidate"},"geometry":{"type":"Point","coordinates":[77.5601641925415,12.9415856779844]}},{"type":"Feature","id":"kml_n_77.5601657777028_12.9002414779989","properties":{"id":"kml_n_77.5601657777028_12.9002414779989","degree":3,"number":874,"kind":"junction_candidate"},"geometry":{"type":"Point","coordinates":[77.5601657777028,12.9002414779989]}},{"type":"Feature","id":"kml_n_77.5602115899681_12.9218572769689","properties":{"id":"kml_n_77.5602115899681_12.9218572769689","degree":4,"number":875,"kind":"junction_candidate"},"geometry":{"type":"Point","coordinates":[77.5602115899681,12.9218572769689]}},{"type":"Feature","id":"kml_n_77.5602930079958_12.9835699271048","properties":{"id":"kml_n_77.5602930079958_12.9835699271048","degree":4,"number":876,"kind":"junction_candidate"},"geometry":{"type":"Point","coordinates":[77.5602930079958,12.9835699271048]}},{"type":"Feature","id":"kml_n_77.5603205060143_13.0683383406127","properties":{"id":"kml_n_77.5603205060143_13.0683383406127","degree":3,"number":877,"kind":"junction_candidate"},"geometry":{"type":"Point","coordinates":[77.5603205060143,13.0683383406127]}},{"type":"Feature","id":"kml_n_77.5603276260066_13.1254858754838","properties":{"id":"kml_n_77.5603276260066_13.1254858754838","degree":3,"number":878,"kind":"junction_candidate"},"geometry":{"type":"Point","coordinates":[77.5603276260066,13.1254858754838]}},{"type":"Feature","id":"kml_n_77.5603321181571_13.0838862247916","properties":{"id":"kml_n_77.5603321181571_13.0838862247916","degree":3,"number":879,"kind":"junction_candidate"},"geometry":{"type":"Point","coordinates":[77.5603321181571,13.0838862247916]}},{"type":"Feature","id":"kml_n_77.5603369679158_12.93455833026","properties":{"id":"kml_n_77.5603369679158_12.93455833026","degree":3,"number":880,"kind":"junction_candidate"},"geometry":{"type":"Point","coordinates":[77.5603369679158,12.93455833026]}},{"type":"Feature","id":"kml_n_77.5603601301996_12.9939470821556","properties":{"id":"kml_n_77.5603601301996_12.9939470821556","degree":1,"number":881,"kind":"endpoint"},"geometry":{"type":"Point","coordinates":[77.5603601301996,12.9939470821556]}},{"type":"Feature","id":"kml_n_77.5603733716558_12.9939469515975","properties":{"id":"kml_n_77.5603733716558_12.9939469515975","degree":1,"number":882,"kind":"endpoint"},"geometry":{"type":"Point","coordinates":[77.5603733716558,12.9939469515975]}},{"type":"Feature","id":"kml_n_77.5604342035263_12.9628895708423","properties":{"id":"kml_n_77.5604342035263_12.9628895708423","degree":3,"number":883,"kind":"junction_candidate"},"geometry":{"type":"Point","coordinates":[77.5604342035263,12.9628895708423]}},{"type":"Feature","id":"kml_n_77.5604754892196_13.0687159682906","properties":{"id":"kml_n_77.5604754892196_13.0687159682906","degree":1,"number":884,"kind":"endpoint"},"geometry":{"type":"Point","coordinates":[77.5604754892196,13.0687159682906]}},{"type":"Feature","id":"kml_n_77.5604800294623_13.0076990337066","properties":{"id":"kml_n_77.5604800294623_13.0076990337066","degree":1,"number":885,"kind":"endpoint"},"geometry":{"type":"Point","coordinates":[77.5604800294623,13.0076990337066]}},{"type":"Feature","id":"kml_n_77.5604803191836_13.1274278787958","properties":{"id":"kml_n_77.5604803191836_13.1274278787958","degree":4,"number":886,"kind":"junction_candidate"},"geometry":{"type":"Point","coordinates":[77.5604803191836,13.1274278787958]}},{"type":"Feature","id":"kml_n_77.5606054406418_13.0170908458177","properties":{"id":"kml_n_77.5606054406418_13.0170908458177","degree":3,"number":887,"kind":"junction_candidate"},"geometry":{"type":"Point","coordinates":[77.5606054406418,13.0170908458177]}},{"type":"Feature","id":"kml_n_77.5606643290197_12.9352372713861","properties":{"id":"kml_n_77.5606643290197_12.9352372713861","degree":3,"number":888,"kind":"junction_candidate"},"geometry":{"type":"Point","coordinates":[77.5606643290197,12.9352372713861]}},{"type":"Feature","id":"kml_n_77.5606988015038_12.8619200714634","properties":{"id":"kml_n_77.5606988015038_12.8619200714634","degree":3,"number":889,"kind":"junction_candidate"},"geometry":{"type":"Point","coordinates":[77.5606988015038,12.8619200714634]}},{"type":"Feature","id":"kml_n_77.5611257407804_12.866022429774","properties":{"id":"kml_n_77.5611257407804_12.866022429774","degree":3,"number":890,"kind":"junction_candidate"},"geometry":{"type":"Point","coordinates":[77.5611257407804,12.866022429774]}},{"type":"Feature","id":"kml_n_77.56114101825_12.8660734037657","properties":{"id":"kml_n_77.56114101825_12.8660734037657","degree":3,"number":891,"kind":"junction_candidate"},"geometry":{"type":"Point","coordinates":[77.56114101825,12.8660734037657]}},{"type":"Feature","id":"kml_n_77.5611606246673_12.9021567943162","properties":{"id":"kml_n_77.5611606246673_12.9021567943162","degree":1,"number":892,"kind":"endpoint"},"geometry":{"type":"Point","coordinates":[77.5611606246673,12.9021567943162]}},{"type":"Feature","id":"kml_n_77.5611890635644_13.0436477591292","properties":{"id":"kml_n_77.5611890635644_13.0436477591292","degree":3,"number":893,"kind":"junction_candidate"},"geometry":{"type":"Point","coordinates":[77.5611890635644,13.0436477591292]}},{"type":"Feature","id":"kml_n_77.5612522753717_13.0044093185279","properties":{"id":"kml_n_77.5612522753717_13.0044093185279","degree":3,"number":894,"kind":"junction_candidate"},"geometry":{"type":"Point","coordinates":[77.5612522753717,13.0044093185279]}},{"type":"Feature","id":"kml_n_77.5612863094109_13.1297707557783","properties":{"id":"kml_n_77.5612863094109_13.1297707557783","degree":1,"number":895,"kind":"endpoint"},"geometry":{"type":"Point","coordinates":[77.5612863094109,13.1297707557783]}},{"type":"Feature","id":"kml_n_77.5613304899293_12.8991852778936","properties":{"id":"kml_n_77.5613304899293_12.8991852778936","degree":3,"number":896,"kind":"junction_candidate"},"geometry":{"type":"Point","coordinates":[77.5613304899293,12.8991852778936]}},{"type":"Feature","id":"kml_n_77.561351008548_13.0945469487199","properties":{"id":"kml_n_77.561351008548_13.0945469487199","degree":1,"number":897,"kind":"endpoint"},"geometry":{"type":"Point","coordinates":[77.561351008548,13.0945469487199]}},{"type":"Feature","id":"kml_n_77.5614733198649_12.9827121504294","properties":{"id":"kml_n_77.5614733198649_12.9827121504294","degree":1,"number":898,"kind":"endpoint"},"geometry":{"type":"Point","coordinates":[77.5614733198649,12.9827121504294]}},{"type":"Feature","id":"kml_n_77.5616436329531_12.9826909191716","properties":{"id":"kml_n_77.5616436329531_12.9826909191716","degree":1,"number":899,"kind":"endpoint"},"geometry":{"type":"Point","coordinates":[77.5616436329531,12.9826909191716]}},{"type":"Feature","id":"kml_n_77.5616524942096_12.9031840287519","properties":{"id":"kml_n_77.5616524942096_12.9031840287519","degree":1,"number":900,"kind":"endpoint"},"geometry":{"type":"Point","coordinates":[77.5616524942096,12.9031840287519]}},{"type":"Feature","id":"kml_n_77.561660205929_12.9031980914083","properties":{"id":"kml_n_77.561660205929_12.9031980914083","degree":1,"number":901,"kind":"endpoint"},"geometry":{"type":"Point","coordinates":[77.561660205929,12.9031980914083]}},{"type":"Feature","id":"kml_n_77.561686520133_13.0115245633671","properties":{"id":"kml_n_77.561686520133_13.0115245633671","degree":1,"number":902,"kind":"endpoint"},"geometry":{"type":"Point","coordinates":[77.561686520133,13.0115245633671]}},{"type":"Feature","id":"kml_n_77.5620198510476_13.0422020078783","properties":{"id":"kml_n_77.5620198510476_13.0422020078783","degree":1,"number":903,"kind":"endpoint"},"geometry":{"type":"Point","coordinates":[77.5620198510476,13.0422020078783]}},{"type":"Feature","id":"kml_n_77.5621420419352_12.9042338526479","properties":{"id":"kml_n_77.5621420419352_12.9042338526479","degree":1,"number":904,"kind":"endpoint"},"geometry":{"type":"Point","coordinates":[77.5621420419352,12.9042338526479]}},{"type":"Feature","id":"kml_n_77.5621582559275_12.904226922272","properties":{"id":"kml_n_77.5621582559275_12.904226922272","degree":1,"number":905,"kind":"endpoint"},"geometry":{"type":"Point","coordinates":[77.5621582559275,12.904226922272]}},{"type":"Feature","id":"kml_n_77.5621697665769_12.8569741049788","properties":{"id":"kml_n_77.5621697665769_12.8569741049788","degree":3,"number":906,"kind":"junction_candidate"},"geometry":{"type":"Point","coordinates":[77.5621697665769,12.8569741049788]}},{"type":"Feature","id":"kml_n_77.5621918760993_13.0285428598518","properties":{"id":"kml_n_77.5621918760993_13.0285428598518","degree":1,"number":907,"kind":"endpoint"},"geometry":{"type":"Point","coordinates":[77.5621918760993,13.0285428598518]}},{"type":"Feature","id":"kml_n_77.5622293005493_13.0418144396334","properties":{"id":"kml_n_77.5622293005493_13.0418144396334","degree":1,"number":908,"kind":"endpoint"},"geometry":{"type":"Point","coordinates":[77.5622293005493,13.0418144396334]}},{"type":"Feature","id":"kml_n_77.5625689268643_13.0798386391934","properties":{"id":"kml_n_77.5625689268643_13.0798386391934","degree":3,"number":909,"kind":"junction_candidate"},"geometry":{"type":"Point","coordinates":[77.5625689268643,13.0798386391934]}},{"type":"Feature","id":"kml_n_77.562583974296_13.0202439248106","properties":{"id":"kml_n_77.562583974296_13.0202439248106","degree":3,"number":910,"kind":"junction_candidate"},"geometry":{"type":"Point","coordinates":[77.562583974296,13.0202439248106]}},{"type":"Feature","id":"kml_n_77.5627545101245_12.9053482755752","properties":{"id":"kml_n_77.5627545101245_12.9053482755752","degree":1,"number":911,"kind":"endpoint"},"geometry":{"type":"Point","coordinates":[77.5627545101245,12.9053482755752]}},{"type":"Feature","id":"kml_n_77.5627734277411_12.9053855004739","properties":{"id":"kml_n_77.5627734277411_12.9053855004739","degree":1,"number":912,"kind":"endpoint"},"geometry":{"type":"Point","coordinates":[77.5627734277411,12.9053855004739]}},{"type":"Feature","id":"kml_n_77.5629053323249_12.8735327594267","properties":{"id":"kml_n_77.5629053323249_12.8735327594267","degree":3,"number":913,"kind":"junction_candidate"},"geometry":{"type":"Point","coordinates":[77.5629053323249,12.8735327594267]}},{"type":"Feature","id":"kml_n_77.563226686442_13.008865648992","properties":{"id":"kml_n_77.563226686442_13.008865648992","degree":3,"number":914,"kind":"junction_candidate"},"geometry":{"type":"Point","coordinates":[77.563226686442,13.008865648992]}},{"type":"Feature","id":"kml_n_77.5634558824255_12.8896474548083","properties":{"id":"kml_n_77.5634558824255_12.8896474548083","degree":3,"number":915,"kind":"junction_candidate"},"geometry":{"type":"Point","coordinates":[77.5634558824255,12.8896474548083]}},{"type":"Feature","id":"kml_n_77.5637551402067_12.8619826636638","properties":{"id":"kml_n_77.5637551402067_12.8619826636638","degree":3,"number":916,"kind":"junction_candidate"},"geometry":{"type":"Point","coordinates":[77.5637551402067,12.8619826636638]}},{"type":"Feature","id":"kml_n_77.5637646594621_12.8620187270522","properties":{"id":"kml_n_77.5637646594621_12.8620187270522","degree":3,"number":917,"kind":"junction_candidate"},"geometry":{"type":"Point","coordinates":[77.5637646594621,12.8620187270522]}},{"type":"Feature","id":"kml_n_77.5639785350257_12.9392457181537","properties":{"id":"kml_n_77.5639785350257_12.9392457181537","degree":1,"number":918,"kind":"endpoint"},"geometry":{"type":"Point","coordinates":[77.5639785350257,12.9392457181537]}},{"type":"Feature","id":"kml_n_77.5639939376846_12.9392708625298","properties":{"id":"kml_n_77.5639939376846_12.9392708625298","degree":1,"number":919,"kind":"endpoint"},"geometry":{"type":"Point","coordinates":[77.5639939376846,12.9392708625298]}},{"type":"Feature","id":"kml_n_77.5639985343545_13.0075843043428","properties":{"id":"kml_n_77.5639985343545_13.0075843043428","degree":3,"number":920,"kind":"junction_candidate"},"geometry":{"type":"Point","coordinates":[77.5639985343545,13.0075843043428]}},{"type":"Feature","id":"kml_n_77.5640052706446_13.0075730394758","properties":{"id":"kml_n_77.5640052706446_13.0075730394758","degree":3,"number":921,"kind":"junction_candidate"},"geometry":{"type":"Point","coordinates":[77.5640052706446,13.0075730394758]}},{"type":"Feature","id":"kml_n_77.5640063514378_12.9079751754201","properties":{"id":"kml_n_77.5640063514378_12.9079751754201","degree":1,"number":922,"kind":"endpoint"},"geometry":{"type":"Point","coordinates":[77.5640063514378,12.9079751754201]}},{"type":"Feature","id":"kml_n_77.5640106392828_12.9079922204377","properties":{"id":"kml_n_77.5640106392828_12.9079922204377","degree":1,"number":923,"kind":"endpoint"},"geometry":{"type":"Point","coordinates":[77.5640106392828,12.9079922204377]}},{"type":"Feature","id":"kml_n_77.5642138366606_12.9094431206007","properties":{"id":"kml_n_77.5642138366606_12.9094431206007","degree":3,"number":924,"kind":"junction_candidate"},"geometry":{"type":"Point","coordinates":[77.5642138366606,12.9094431206007]}},{"type":"Feature","id":"kml_n_77.5643096380015_12.8904002502773","properties":{"id":"kml_n_77.5643096380015_12.8904002502773","degree":3,"number":925,"kind":"junction_candidate"},"geometry":{"type":"Point","coordinates":[77.5643096380015,12.8904002502773]}},{"type":"Feature","id":"kml_n_77.5643101523236_13.0390632307786","properties":{"id":"kml_n_77.5643101523236_13.0390632307786","degree":3,"number":926,"kind":"junction_candidate"},"geometry":{"type":"Point","coordinates":[77.5643101523236,13.0390632307786]}},{"type":"Feature","id":"kml_n_77.5643124646824_12.8636162073804","properties":{"id":"kml_n_77.5643124646824_12.8636162073804","degree":1,"number":927,"kind":"endpoint"},"geometry":{"type":"Point","coordinates":[77.5643124646824,12.8636162073804]}},{"type":"Feature","id":"kml_n_77.5643124647008_12.8636162091871","properties":{"id":"kml_n_77.5643124647008_12.8636162091871","degree":1,"number":928,"kind":"endpoint"},"geometry":{"type":"Point","coordinates":[77.5643124647008,12.8636162091871]}},{"type":"Feature","id":"kml_n_77.5644123820579_12.9758115469805","properties":{"id":"kml_n_77.5644123820579_12.9758115469805","degree":3,"number":929,"kind":"junction_candidate"},"geometry":{"type":"Point","coordinates":[77.5644123820579,12.9758115469805]}},{"type":"Feature","id":"kml_n_77.5645027887469_13.175464558022","properties":{"id":"kml_n_77.5645027887469_13.175464558022","degree":1,"number":930,"kind":"endpoint"},"geometry":{"type":"Point","coordinates":[77.5645027887469,13.175464558022]}},{"type":"Feature","id":"kml_n_77.5645403855146_12.9570235884737","properties":{"id":"kml_n_77.5645403855146_12.9570235884737","degree":1,"number":931,"kind":"endpoint"},"geometry":{"type":"Point","coordinates":[77.5645403855146,12.9570235884737]}},{"type":"Feature","id":"kml_n_77.5646768024892_12.9570269300746","properties":{"id":"kml_n_77.5646768024892_12.9570269300746","degree":1,"number":932,"kind":"endpoint"},"geometry":{"type":"Point","coordinates":[77.5646768024892,12.9570269300746]}},{"type":"Feature","id":"kml_n_77.5647023403785_12.8628802464637","properties":{"id":"kml_n_77.5647023403785_12.8628802464637","degree":3,"number":933,"kind":"junction_candidate"},"geometry":{"type":"Point","coordinates":[77.5647023403785,12.8628802464637]}},{"type":"Feature","id":"kml_n_77.5649236763102_13.0340548959835","properties":{"id":"kml_n_77.5649236763102_13.0340548959835","degree":3,"number":934,"kind":"junction_candidate"},"geometry":{"type":"Point","coordinates":[77.5649236763102,13.0340548959835]}},{"type":"Feature","id":"kml_n_77.5650394920757_12.9691527106487","properties":{"id":"kml_n_77.5650394920757_12.9691527106487","degree":3,"number":935,"kind":"junction_candidate"},"geometry":{"type":"Point","coordinates":[77.5650394920757,12.9691527106487]}},{"type":"Feature","id":"kml_n_77.5650806086035_12.9418066686003","properties":{"id":"kml_n_77.5650806086035_12.9418066686003","degree":3,"number":936,"kind":"junction_candidate"},"geometry":{"type":"Point","coordinates":[77.5650806086035,12.9418066686003]}},{"type":"Feature","id":"kml_n_77.5653818916132_13.1088942681727","properties":{"id":"kml_n_77.5653818916132_13.1088942681727","degree":3,"number":937,"kind":"junction_candidate"},"geometry":{"type":"Point","coordinates":[77.5653818916132,13.1088942681727]}},{"type":"Feature","id":"kml_n_77.5657883114606_13.1082685852219","properties":{"id":"kml_n_77.5657883114606_13.1082685852219","degree":3,"number":938,"kind":"junction_candidate"},"geometry":{"type":"Point","coordinates":[77.5657883114606,13.1082685852219]}},{"type":"Feature","id":"kml_n_77.5658237403477_12.9142055656641","properties":{"id":"kml_n_77.5658237403477_12.9142055656641","degree":4,"number":939,"kind":"junction_candidate"},"geometry":{"type":"Point","coordinates":[77.5658237403477,12.9142055656641]}},{"type":"Feature","id":"kml_n_77.5658242864902_13.0140801379731","properties":{"id":"kml_n_77.5658242864902_13.0140801379731","degree":3,"number":940,"kind":"junction_candidate"},"geometry":{"type":"Point","coordinates":[77.5658242864902,13.0140801379731]}},{"type":"Feature","id":"kml_n_77.5659983946715_13.0369463276713","properties":{"id":"kml_n_77.5659983946715_13.0369463276713","degree":3,"number":941,"kind":"junction_candidate"},"geometry":{"type":"Point","coordinates":[77.5659983946715,13.0369463276713]}},{"type":"Feature","id":"kml_n_77.5660048892282_12.9368568043701","properties":{"id":"kml_n_77.5660048892282_12.9368568043701","degree":1,"number":942,"kind":"endpoint"},"geometry":{"type":"Point","coordinates":[77.5660048892282,12.9368568043701]}},{"type":"Feature","id":"kml_n_77.5660585169891_12.9966028382033","properties":{"id":"kml_n_77.5660585169891_12.9966028382033","degree":1,"number":943,"kind":"endpoint"},"geometry":{"type":"Point","coordinates":[77.5660585169891,12.9966028382033]}},{"type":"Feature","id":"kml_n_77.5662208548212_12.9435216795069","properties":{"id":"kml_n_77.5662208548212_12.9435216795069","degree":3,"number":944,"kind":"junction_candidate"},"geometry":{"type":"Point","coordinates":[77.5662208548212,12.9435216795069]}},{"type":"Feature","id":"kml_n_77.5662576483549_12.9819449814225","properties":{"id":"kml_n_77.5662576483549_12.9819449814225","degree":3,"number":945,"kind":"junction_candidate"},"geometry":{"type":"Point","coordinates":[77.5662576483549,12.9819449814225]}},{"type":"Feature","id":"kml_n_77.5663839213459_12.9967435705159","properties":{"id":"kml_n_77.5663839213459_12.9967435705159","degree":1,"number":946,"kind":"endpoint"},"geometry":{"type":"Point","coordinates":[77.5663839213459,12.9967435705159]}},{"type":"Feature","id":"kml_n_77.5664404534383_12.9934392674568","properties":{"id":"kml_n_77.5664404534383_12.9934392674568","degree":1,"number":947,"kind":"endpoint"},"geometry":{"type":"Point","coordinates":[77.5664404534383,12.9934392674568]}},{"type":"Feature","id":"kml_n_77.5664508064682_12.9934385020058","properties":{"id":"kml_n_77.5664508064682_12.9934385020058","degree":1,"number":948,"kind":"endpoint"},"geometry":{"type":"Point","coordinates":[77.5664508064682,12.9934385020058]}},{"type":"Feature","id":"kml_n_77.5665892414943_12.8727336993008","properties":{"id":"kml_n_77.5665892414943_12.8727336993008","degree":4,"number":949,"kind":"junction_candidate"},"geometry":{"type":"Point","coordinates":[77.5665892414943,12.8727336993008]}},{"type":"Feature","id":"kml_n_77.5665894718367_12.8862323766332","properties":{"id":"kml_n_77.5665894718367_12.8862323766332","degree":3,"number":950,"kind":"junction_candidate"},"geometry":{"type":"Point","coordinates":[77.5665894718367,12.8862323766332]}},{"type":"Feature","id":"kml_n_77.5666962684876_12.9299866985099","properties":{"id":"kml_n_77.5666962684876_12.9299866985099","degree":3,"number":951,"kind":"junction_candidate"},"geometry":{"type":"Point","coordinates":[77.5666962684876,12.9299866985099]}},{"type":"Feature","id":"kml_n_77.5667811917949_12.9961480481414","properties":{"id":"kml_n_77.5667811917949_12.9961480481414","degree":1,"number":952,"kind":"endpoint"},"geometry":{"type":"Point","coordinates":[77.5667811917949,12.9961480481414]}},{"type":"Feature","id":"kml_n_77.5668231067855_12.9718503064254","properties":{"id":"kml_n_77.5668231067855_12.9718503064254","degree":1,"number":953,"kind":"endpoint"},"geometry":{"type":"Point","coordinates":[77.5668231067855,12.9718503064254]}},{"type":"Feature","id":"kml_n_77.5668282454858_12.9960873634358","properties":{"id":"kml_n_77.5668282454858_12.9960873634358","degree":3,"number":954,"kind":"junction_candidate"},"geometry":{"type":"Point","coordinates":[77.5668282454858,12.9960873634358]}},{"type":"Feature","id":"kml_n_77.5668618108629_12.971701824225","properties":{"id":"kml_n_77.5668618108629_12.971701824225","degree":1,"number":955,"kind":"endpoint"},"geometry":{"type":"Point","coordinates":[77.5668618108629,12.971701824225]}},{"type":"Feature","id":"kml_n_77.5668643836738_12.876524397042","properties":{"id":"kml_n_77.5668643836738_12.876524397042","degree":3,"number":956,"kind":"junction_candidate"},"geometry":{"type":"Point","coordinates":[77.5668643836738,12.876524397042]}},{"type":"Feature","id":"kml_n_77.5669012359538_12.8986268481961","properties":{"id":"kml_n_77.5669012359538_12.8986268481961","degree":1,"number":957,"kind":"endpoint"},"geometry":{"type":"Point","coordinates":[77.5669012359538,12.8986268481961]}},{"type":"Feature","id":"kml_n_77.5669018619528_12.8986295325432","properties":{"id":"kml_n_77.5669018619528_12.8986295325432","degree":1,"number":958,"kind":"endpoint"},"geometry":{"type":"Point","coordinates":[77.5669018619528,12.8986295325432]}},{"type":"Feature","id":"kml_n_77.5669146127446_13.073691940523","properties":{"id":"kml_n_77.5669146127446_13.073691940523","degree":3,"number":959,"kind":"junction_candidate"},"geometry":{"type":"Point","coordinates":[77.5669146127446,13.073691940523]}},{"type":"Feature","id":"kml_n_77.5669324699345_13.0738614203276","properties":{"id":"kml_n_77.5669324699345_13.0738614203276","degree":3,"number":960,"kind":"junction_candidate"},"geometry":{"type":"Point","coordinates":[77.5669324699345,13.0738614203276]}},{"type":"Feature","id":"kml_n_77.566959883215_13.1023727118239","properties":{"id":"kml_n_77.566959883215_13.1023727118239","degree":3,"number":961,"kind":"junction_candidate"},"geometry":{"type":"Point","coordinates":[77.566959883215,13.1023727118239]}},{"type":"Feature","id":"kml_n_77.5670806068245_13.0978198004598","properties":{"id":"kml_n_77.5670806068245_13.0978198004598","degree":3,"number":962,"kind":"junction_candidate"},"geometry":{"type":"Point","coordinates":[77.5670806068245,13.0978198004598]}},{"type":"Feature","id":"kml_n_77.5671082801626_13.1147489846022","properties":{"id":"kml_n_77.5671082801626_13.1147489846022","degree":3,"number":963,"kind":"junction_candidate"},"geometry":{"type":"Point","coordinates":[77.5671082801626,13.1147489846022]}},{"type":"Feature","id":"kml_n_77.5672517228783_12.8790608382141","properties":{"id":"kml_n_77.5672517228783_12.8790608382141","degree":3,"number":964,"kind":"junction_candidate"},"geometry":{"type":"Point","coordinates":[77.5672517228783,12.8790608382141]}},{"type":"Feature","id":"kml_n_77.5672734843707_12.9604408821097","properties":{"id":"kml_n_77.5672734843707_12.9604408821097","degree":3,"number":965,"kind":"junction_candidate"},"geometry":{"type":"Point","coordinates":[77.5672734843707,12.9604408821097]}},{"type":"Feature","id":"kml_n_77.5672987341428_12.9122839036133","properties":{"id":"kml_n_77.5672987341428_12.9122839036133","degree":3,"number":966,"kind":"junction_candidate"},"geometry":{"type":"Point","coordinates":[77.5672987341428,12.9122839036133]}},{"type":"Feature","id":"kml_n_77.5673815229205_12.9570909442022","properties":{"id":"kml_n_77.5673815229205_12.9570909442022","degree":4,"number":967,"kind":"junction_candidate"},"geometry":{"type":"Point","coordinates":[77.5673815229205,12.9570909442022]}},{"type":"Feature","id":"kml_n_77.5674413082807_12.8789714794477","properties":{"id":"kml_n_77.5674413082807_12.8789714794477","degree":3,"number":968,"kind":"junction_candidate"},"geometry":{"type":"Point","coordinates":[77.5674413082807,12.8789714794477]}},{"type":"Feature","id":"kml_n_77.56760448308_12.9320802622115","properties":{"id":"kml_n_77.56760448308_12.9320802622115","degree":4,"number":969,"kind":"junction_candidate"},"geometry":{"type":"Point","coordinates":[77.56760448308,12.9320802622115]}},{"type":"Feature","id":"kml_n_77.567659548402_12.898879357308","properties":{"id":"kml_n_77.567659548402_12.898879357308","degree":1,"number":970,"kind":"endpoint"},"geometry":{"type":"Point","coordinates":[77.567659548402,12.898879357308]}},{"type":"Feature","id":"kml_n_77.56766198491_12.8988802287047","properties":{"id":"kml_n_77.56766198491_12.8988802287047","degree":1,"number":971,"kind":"endpoint"},"geometry":{"type":"Point","coordinates":[77.56766198491,12.8988802287047]}},{"type":"Feature","id":"kml_n_77.5677163121001_12.948183699699","properties":{"id":"kml_n_77.5677163121001_12.948183699699","degree":3,"number":972,"kind":"junction_candidate"},"geometry":{"type":"Point","coordinates":[77.5677163121001,12.948183699699]}},{"type":"Feature","id":"kml_n_77.5677295458641_12.9472957278691","properties":{"id":"kml_n_77.5677295458641_12.9472957278691","degree":3,"number":973,"kind":"junction_candidate"},"geometry":{"type":"Point","coordinates":[77.5677295458641,12.9472957278691]}},{"type":"Feature","id":"kml_n_77.5677859532742_12.9934044987975","properties":{"id":"kml_n_77.5677859532742_12.9934044987975","degree":3,"number":974,"kind":"junction_candidate"},"geometry":{"type":"Point","coordinates":[77.5677859532742,12.9934044987975]}},{"type":"Feature","id":"kml_n_77.567830181052_12.9436188978751","properties":{"id":"kml_n_77.567830181052_12.9436188978751","degree":3,"number":975,"kind":"junction_candidate"},"geometry":{"type":"Point","coordinates":[77.567830181052,12.9436188978751]}},{"type":"Feature","id":"kml_n_77.5678524992607_12.9436194965026","properties":{"id":"kml_n_77.5678524992607_12.9436194965026","degree":3,"number":976,"kind":"junction_candidate"},"geometry":{"type":"Point","coordinates":[77.5678524992607,12.9436194965026]}},{"type":"Feature","id":"kml_n_77.5678683537485_12.9911717519678","properties":{"id":"kml_n_77.5678683537485_12.9911717519678","degree":1,"number":977,"kind":"endpoint"},"geometry":{"type":"Point","coordinates":[77.5678683537485,12.9911717519678]}},{"type":"Feature","id":"kml_n_77.5678684023858_12.9911813217389","properties":{"id":"kml_n_77.5678684023858_12.9911813217389","degree":1,"number":978,"kind":"endpoint"},"geometry":{"type":"Point","coordinates":[77.5678684023858,12.9911813217389]}},{"type":"Feature","id":"kml_n_77.5679701285833_13.0756353373761","properties":{"id":"kml_n_77.5679701285833_13.0756353373761","degree":3,"number":979,"kind":"junction_candidate"},"geometry":{"type":"Point","coordinates":[77.5679701285833,13.0756353373761]}},{"type":"Feature","id":"kml_n_77.5679713062689_12.9330417302162","properties":{"id":"kml_n_77.5679713062689_12.9330417302162","degree":3,"number":980,"kind":"junction_candidate"},"geometry":{"type":"Point","coordinates":[77.5679713062689,12.9330417302162]}},{"type":"Feature","id":"kml_n_77.5679836992124_12.9330386620325","properties":{"id":"kml_n_77.5679836992124_12.9330386620325","degree":1,"number":981,"kind":"endpoint"},"geometry":{"type":"Point","coordinates":[77.5679836992124,12.9330386620325]}},{"type":"Feature","id":"kml_n_77.5680667903514_12.9682001902578","properties":{"id":"kml_n_77.5680667903514_12.9682001902578","degree":3,"number":982,"kind":"junction_candidate"},"geometry":{"type":"Point","coordinates":[77.5680667903514,12.9682001902578]}},{"type":"Feature","id":"kml_n_77.5680972117942_12.9299543648507","properties":{"id":"kml_n_77.5680972117942_12.9299543648507","degree":3,"number":983,"kind":"junction_candidate"},"geometry":{"type":"Point","coordinates":[77.5680972117942,12.9299543648507]}},{"type":"Feature","id":"kml_n_77.5681209228516_12.8938264901082","properties":{"id":"kml_n_77.5681209228516_12.8938264901082","degree":3,"number":984,"kind":"junction_candidate"},"geometry":{"type":"Point","coordinates":[77.5681209228516,12.8938264901082]}},{"type":"Feature","id":"kml_n_77.5681335945401_13.0086215315202","properties":{"id":"kml_n_77.5681335945401_13.0086215315202","degree":4,"number":985,"kind":"junction_candidate"},"geometry":{"type":"Point","coordinates":[77.5681335945401,13.0086215315202]}},{"type":"Feature","id":"kml_n_77.5681657017121_13.0073213748437","properties":{"id":"kml_n_77.5681657017121_13.0073213748437","degree":4,"number":986,"kind":"junction_candidate"},"geometry":{"type":"Point","coordinates":[77.5681657017121,13.0073213748437]}},{"type":"Feature","id":"kml_n_77.5681981053815_12.9824387772012","properties":{"id":"kml_n_77.5681981053815_12.9824387772012","degree":3,"number":987,"kind":"junction_candidate"},"geometry":{"type":"Point","coordinates":[77.5681981053815,12.9824387772012]}},{"type":"Feature","id":"kml_n_77.5682766813015_12.9636161553977","properties":{"id":"kml_n_77.5682766813015_12.9636161553977","degree":3,"number":988,"kind":"junction_candidate"},"geometry":{"type":"Point","coordinates":[77.5682766813015,12.9636161553977]}},{"type":"Feature","id":"kml_n_77.5684960021997_12.9967688602843","properties":{"id":"kml_n_77.5684960021997_12.9967688602843","degree":3,"number":989,"kind":"junction_candidate"},"geometry":{"type":"Point","coordinates":[77.5684960021997,12.9967688602843]}},{"type":"Feature","id":"kml_n_77.5685471415082_13.0857966574787","properties":{"id":"kml_n_77.5685471415082_13.0857966574787","degree":1,"number":990,"kind":"endpoint"},"geometry":{"type":"Point","coordinates":[77.5685471415082,13.0857966574787]}},{"type":"Feature","id":"kml_n_77.5686087309392_12.960472983301","properties":{"id":"kml_n_77.5686087309392_12.960472983301","degree":3,"number":991,"kind":"junction_candidate"},"geometry":{"type":"Point","coordinates":[77.5686087309392,12.960472983301]}},{"type":"Feature","id":"kml_n_77.5687340489176_12.9934440296339","properties":{"id":"kml_n_77.5687340489176_12.9934440296339","degree":3,"number":992,"kind":"junction_candidate"},"geometry":{"type":"Point","coordinates":[77.5687340489176,12.9934440296339]}},{"type":"Feature","id":"kml_n_77.5689804797343_13.0121407583815","properties":{"id":"kml_n_77.5689804797343_13.0121407583815","degree":3,"number":993,"kind":"junction_candidate"},"geometry":{"type":"Point","coordinates":[77.5689804797343,13.0121407583815]}},{"type":"Feature","id":"kml_n_77.5690062484344_13.0119235335904","properties":{"id":"kml_n_77.5690062484344_13.0119235335904","degree":3,"number":994,"kind":"junction_candidate"},"geometry":{"type":"Point","coordinates":[77.5690062484344,13.0119235335904]}},{"type":"Feature","id":"kml_n_77.5690384490366_12.9826709719717","properties":{"id":"kml_n_77.5690384490366_12.9826709719717","degree":3,"number":995,"kind":"junction_candidate"},"geometry":{"type":"Point","coordinates":[77.5690384490366,12.9826709719717]}},{"type":"Feature","id":"kml_n_77.5690922593073_13.0118931984235","properties":{"id":"kml_n_77.5690922593073_13.0118931984235","degree":3,"number":996,"kind":"junction_candidate"},"geometry":{"type":"Point","coordinates":[77.5690922593073,13.0118931984235]}},{"type":"Feature","id":"kml_n_77.5690989121485_13.0692483753698","properties":{"id":"kml_n_77.5690989121485_13.0692483753698","degree":1,"number":997,"kind":"endpoint"},"geometry":{"type":"Point","coordinates":[77.5690989121485,13.0692483753698]}},{"type":"Feature","id":"kml_n_77.5691096471526_13.0692322170759","properties":{"id":"kml_n_77.5691096471526_13.0692322170759","degree":1,"number":998,"kind":"endpoint"},"geometry":{"type":"Point","coordinates":[77.5691096471526,13.0692322170759]}},{"type":"Feature","id":"kml_n_77.5691363098861_12.8720283604439","properties":{"id":"kml_n_77.5691363098861_12.8720283604439","degree":1,"number":999,"kind":"endpoint"},"geometry":{"type":"Point","coordinates":[77.5691363098861,12.8720283604439]}},{"type":"Feature","id":"kml_n_77.5691370964819_12.8720229563849","properties":{"id":"kml_n_77.5691370964819_12.8720229563849","degree":1,"number":1000,"kind":"endpoint"},"geometry":{"type":"Point","coordinates":[77.5691370964819,12.8720229563849]}},{"type":"Feature","id":"kml_n_77.5691619262804_12.9731956256917","properties":{"id":"kml_n_77.5691619262804_12.9731956256917","degree":3,"number":1001,"kind":"junction_candidate"},"geometry":{"type":"Point","coordinates":[77.5691619262804,12.9731956256917]}},{"type":"Feature","id":"kml_n_77.5691680742846_13.0085847500701","properties":{"id":"kml_n_77.5691680742846_13.0085847500701","degree":4,"number":1002,"kind":"junction_candidate"},"geometry":{"type":"Point","coordinates":[77.5691680742846,13.0085847500701]}},{"type":"Feature","id":"kml_n_77.5692006600944_12.9826514575237","properties":{"id":"kml_n_77.5692006600944_12.9826514575237","degree":1,"number":1003,"kind":"endpoint"},"geometry":{"type":"Point","coordinates":[77.5692006600944,12.9826514575237]}},{"type":"Feature","id":"kml_n_77.5692129049635_13.0072409897358","properties":{"id":"kml_n_77.5692129049635_13.0072409897358","degree":4,"number":1004,"kind":"junction_candidate"},"geometry":{"type":"Point","coordinates":[77.5692129049635,13.0072409897358]}},{"type":"Feature","id":"kml_n_77.5692205442576_13.0119511377942","properties":{"id":"kml_n_77.5692205442576_13.0119511377942","degree":3,"number":1005,"kind":"junction_candidate"},"geometry":{"type":"Point","coordinates":[77.5692205442576,13.0119511377942]}},{"type":"Feature","id":"kml_n_77.5693712630854_13.0544869168885","properties":{"id":"kml_n_77.5693712630854_13.0544869168885","degree":4,"number":1006,"kind":"junction_candidate"},"geometry":{"type":"Point","coordinates":[77.5693712630854,13.0544869168885]}},{"type":"Feature","id":"kml_n_77.569455969194_12.9967772135785","properties":{"id":"kml_n_77.569455969194_12.9967772135785","degree":3,"number":1007,"kind":"junction_candidate"},"geometry":{"type":"Point","coordinates":[77.569455969194,12.9967772135785]}},{"type":"Feature","id":"kml_n_77.5695203568823_12.9154846374896","properties":{"id":"kml_n_77.5695203568823_12.9154846374896","degree":3,"number":1008,"kind":"junction_candidate"},"geometry":{"type":"Point","coordinates":[77.5695203568823,12.9154846374896]}},{"type":"Feature","id":"kml_n_77.5696777233098_12.8646173709135","properties":{"id":"kml_n_77.5696777233098_12.8646173709135","degree":1,"number":1009,"kind":"endpoint"},"geometry":{"type":"Point","coordinates":[77.5696777233098,12.8646173709135]}},{"type":"Feature","id":"kml_n_77.5696799706469_12.8646093767813","properties":{"id":"kml_n_77.5696799706469_12.8646093767813","degree":1,"number":1010,"kind":"endpoint"},"geometry":{"type":"Point","coordinates":[77.5696799706469,12.8646093767813]}},{"type":"Feature","id":"kml_n_77.5697218382947_12.964113483815","properties":{"id":"kml_n_77.5697218382947_12.964113483815","degree":3,"number":1011,"kind":"junction_candidate"},"geometry":{"type":"Point","coordinates":[77.5697218382947,12.964113483815]}},{"type":"Feature","id":"kml_n_77.569721978613_12.9641136025884","properties":{"id":"kml_n_77.569721978613_12.9641136025884","degree":1,"number":1012,"kind":"endpoint"},"geometry":{"type":"Point","coordinates":[77.569721978613,12.9641136025884]}},{"type":"Feature","id":"kml_n_77.5698288833779_12.8682920684345","properties":{"id":"kml_n_77.5698288833779_12.8682920684345","degree":3,"number":1013,"kind":"junction_candidate"},"geometry":{"type":"Point","coordinates":[77.5698288833779,12.8682920684345]}},{"type":"Feature","id":"kml_n_77.5698893005177_13.0980377556852","properties":{"id":"kml_n_77.5698893005177_13.0980377556852","degree":3,"number":1014,"kind":"junction_candidate"},"geometry":{"type":"Point","coordinates":[77.5698893005177,13.0980377556852]}},{"type":"Feature","id":"kml_n_77.5699566970829_12.9823721460697","properties":{"id":"kml_n_77.5699566970829_12.9823721460697","degree":3,"number":1015,"kind":"junction_candidate"},"geometry":{"type":"Point","coordinates":[77.5699566970829,12.9823721460697]}},{"type":"Feature","id":"kml_n_77.5700559339029_12.9644701129143","properties":{"id":"kml_n_77.5700559339029_12.9644701129143","degree":4,"number":1016,"kind":"junction_candidate"},"geometry":{"type":"Point","coordinates":[77.5700559339029,12.9644701129143]}},{"type":"Feature","id":"kml_n_77.570072070982_12.9642022846008","properties":{"id":"kml_n_77.570072070982_12.9642022846008","degree":3,"number":1017,"kind":"junction_candidate"},"geometry":{"type":"Point","coordinates":[77.570072070982,12.9642022846008]}},{"type":"Feature","id":"kml_n_77.5701045019919_12.85931737783","properties":{"id":"kml_n_77.5701045019919_12.85931737783","degree":3,"number":1018,"kind":"junction_candidate"},"geometry":{"type":"Point","coordinates":[77.5701045019919,12.85931737783]}},{"type":"Feature","id":"kml_n_77.5701538311153_12.8718434234219","properties":{"id":"kml_n_77.5701538311153_12.8718434234219","degree":1,"number":1019,"kind":"endpoint"},"geometry":{"type":"Point","coordinates":[77.5701538311153,12.8718434234219]}},{"type":"Feature","id":"kml_n_77.5701539239452_12.8718462973072","properties":{"id":"kml_n_77.5701539239452_12.8718462973072","degree":3,"number":1020,"kind":"junction_candidate"},"geometry":{"type":"Point","coordinates":[77.5701539239452,12.8718462973072]}},{"type":"Feature","id":"kml_n_77.5702114547534_12.9087186838972","properties":{"id":"kml_n_77.5702114547534_12.9087186838972","degree":4,"number":1021,"kind":"junction_candidate"},"geometry":{"type":"Point","coordinates":[77.5702114547534,12.9087186838972]}},{"type":"Feature","id":"kml_n_77.5702378292211_12.9679420851622","properties":{"id":"kml_n_77.5702378292211_12.9679420851622","degree":3,"number":1022,"kind":"junction_candidate"},"geometry":{"type":"Point","coordinates":[77.5702378292211,12.9679420851622]}},{"type":"Feature","id":"kml_n_77.5702391151298_12.967990327548","properties":{"id":"kml_n_77.5702391151298_12.967990327548","degree":3,"number":1023,"kind":"junction_candidate"},"geometry":{"type":"Point","coordinates":[77.5702391151298,12.967990327548]}},{"type":"Feature","id":"kml_n_77.5702963980873_12.9642374483775","properties":{"id":"kml_n_77.5702963980873_12.9642374483775","degree":1,"number":1024,"kind":"endpoint"},"geometry":{"type":"Point","coordinates":[77.5702963980873,12.9642374483775]}},{"type":"Feature","id":"kml_n_77.5703078658571_12.9729643403376","properties":{"id":"kml_n_77.5703078658571_12.9729643403376","degree":4,"number":1025,"kind":"junction_candidate"},"geometry":{"type":"Point","coordinates":[77.5703078658571,12.9729643403376]}},{"type":"Feature","id":"kml_n_77.5703797212223_12.9818035144903","properties":{"id":"kml_n_77.5703797212223_12.9818035144903","degree":3,"number":1026,"kind":"junction_candidate"},"geometry":{"type":"Point","coordinates":[77.5703797212223,12.9818035144903]}},{"type":"Feature","id":"kml_n_77.5705304146178_12.9747116035776","properties":{"id":"kml_n_77.5705304146178_12.9747116035776","degree":3,"number":1027,"kind":"junction_candidate"},"geometry":{"type":"Point","coordinates":[77.5705304146178,12.9747116035776]}},{"type":"Feature","id":"kml_n_77.5705646626761_12.8858280251322","properties":{"id":"kml_n_77.5705646626761_12.8858280251322","degree":4,"number":1028,"kind":"junction_candidate"},"geometry":{"type":"Point","coordinates":[77.5705646626761,12.8858280251322]}},{"type":"Feature","id":"kml_n_77.5707265284609_12.97472441547","properties":{"id":"kml_n_77.5707265284609_12.97472441547","degree":3,"number":1029,"kind":"junction_candidate"},"geometry":{"type":"Point","coordinates":[77.5707265284609,12.97472441547]}},{"type":"Feature","id":"kml_n_77.5708173246668_12.9804652823453","properties":{"id":"kml_n_77.5708173246668_12.9804652823453","degree":3,"number":1030,"kind":"junction_candidate"},"geometry":{"type":"Point","coordinates":[77.5708173246668,12.9804652823453]}},{"type":"Feature","id":"kml_n_77.5708292159984_12.9824231623477","properties":{"id":"kml_n_77.5708292159984_12.9824231623477","degree":3,"number":1031,"kind":"junction_candidate"},"geometry":{"type":"Point","coordinates":[77.5708292159984,12.9824231623477]}},{"type":"Feature","id":"kml_n_77.5710249871207_12.979182620768","properties":{"id":"kml_n_77.5710249871207_12.979182620768","degree":3,"number":1032,"kind":"junction_candidate"},"geometry":{"type":"Point","coordinates":[77.5710249871207,12.979182620768]}},{"type":"Feature","id":"kml_n_77.5710389057597_13.1307126646818","properties":{"id":"kml_n_77.5710389057597_13.1307126646818","degree":1,"number":1033,"kind":"endpoint"},"geometry":{"type":"Point","coordinates":[77.5710389057597,13.1307126646818]}},{"type":"Feature","id":"kml_n_77.5710500755762_13.1306824060935","properties":{"id":"kml_n_77.5710500755762_13.1306824060935","degree":1,"number":1034,"kind":"endpoint"},"geometry":{"type":"Point","coordinates":[77.5710500755762,13.1306824060935]}},{"type":"Feature","id":"kml_n_77.5711000518103_12.9436362860709","properties":{"id":"kml_n_77.5711000518103_12.9436362860709","degree":4,"number":1035,"kind":"junction_candidate"},"geometry":{"type":"Point","coordinates":[77.5711000518103,12.9436362860709]}},{"type":"Feature","id":"kml_n_77.571177952757_13.0084661391336","properties":{"id":"kml_n_77.571177952757_13.0084661391336","degree":3,"number":1036,"kind":"junction_candidate"},"geometry":{"type":"Point","coordinates":[77.571177952757,13.0084661391336]}},{"type":"Feature","id":"kml_n_77.5711788757937_13.0084028443905","properties":{"id":"kml_n_77.5711788757937_13.0084028443905","degree":3,"number":1037,"kind":"junction_candidate"},"geometry":{"type":"Point","coordinates":[77.5711788757937,13.0084028443905]}},{"type":"Feature","id":"kml_n_77.571187335837_13.0071646534514","properties":{"id":"kml_n_77.571187335837_13.0071646534514","degree":3,"number":1038,"kind":"junction_candidate"},"geometry":{"type":"Point","coordinates":[77.571187335837,13.0071646534514]}},{"type":"Feature","id":"kml_n_77.5711970515705_12.8972235804221","properties":{"id":"kml_n_77.5711970515705_12.8972235804221","degree":3,"number":1039,"kind":"junction_candidate"},"geometry":{"type":"Point","coordinates":[77.5711970515705,12.8972235804221]}},{"type":"Feature","id":"kml_n_77.5711977495107_13.0093652182551","properties":{"id":"kml_n_77.5711977495107_13.0093652182551","degree":3,"number":1040,"kind":"junction_candidate"},"geometry":{"type":"Point","coordinates":[77.5711977495107,13.0093652182551]}},{"type":"Feature","id":"kml_n_77.5712337199214_13.0054347601648","properties":{"id":"kml_n_77.5712337199214_13.0054347601648","degree":3,"number":1041,"kind":"junction_candidate"},"geometry":{"type":"Point","coordinates":[77.5712337199214,13.0054347601648]}},{"type":"Feature","id":"kml_n_77.571293611575_13.0284404397923","properties":{"id":"kml_n_77.571293611575_13.0284404397923","degree":4,"number":1042,"kind":"junction_candidate"},"geometry":{"type":"Point","coordinates":[77.571293611575,13.0284404397923]}},{"type":"Feature","id":"kml_n_77.5713356324889_13.0018541523217","properties":{"id":"kml_n_77.5713356324889_13.0018541523217","degree":3,"number":1043,"kind":"junction_candidate"},"geometry":{"type":"Point","coordinates":[77.5713356324889,13.0018541523217]}},{"type":"Feature","id":"kml_n_77.5713744436368_13.130083864252","properties":{"id":"kml_n_77.5713744436368_13.130083864252","degree":3,"number":1044,"kind":"junction_candidate"},"geometry":{"type":"Point","coordinates":[77.5713744436368,13.130083864252]}},{"type":"Feature","id":"kml_n_77.5714430960011_12.9968147713046","properties":{"id":"kml_n_77.5714430960011_12.9968147713046","degree":4,"number":1045,"kind":"junction_candidate"},"geometry":{"type":"Point","coordinates":[77.5714430960011,12.9968147713046]}},{"type":"Feature","id":"kml_n_77.5714921828017_12.8976242689551","properties":{"id":"kml_n_77.5714921828017_12.8976242689551","degree":3,"number":1046,"kind":"junction_candidate"},"geometry":{"type":"Point","coordinates":[77.5714921828017,12.8976242689551]}},{"type":"Feature","id":"kml_n_77.5715095510867_12.8636232805633","properties":{"id":"kml_n_77.5715095510867_12.8636232805633","degree":3,"number":1047,"kind":"junction_candidate"},"geometry":{"type":"Point","coordinates":[77.5715095510867,12.8636232805633]}},{"type":"Feature","id":"kml_n_77.5715212716275_12.9934121312342","properties":{"id":"kml_n_77.5715212716275_12.9934121312342","degree":4,"number":1048,"kind":"junction_candidate"},"geometry":{"type":"Point","coordinates":[77.5715212716275,12.9934121312342]}},{"type":"Feature","id":"kml_n_77.5715248196837_12.9482335847956","properties":{"id":"kml_n_77.5715248196837_12.9482335847956","degree":3,"number":1049,"kind":"junction_candidate"},"geometry":{"type":"Point","coordinates":[77.5715248196837,12.9482335847956]}},{"type":"Feature","id":"kml_n_77.5715583158767_12.9461754004902","properties":{"id":"kml_n_77.5715583158767_12.9461754004902","degree":1,"number":1050,"kind":"endpoint"},"geometry":{"type":"Point","coordinates":[77.5715583158767,12.9461754004902]}},{"type":"Feature","id":"kml_n_77.5715586340316_12.9461622376873","properties":{"id":"kml_n_77.5715586340316_12.9461622376873","degree":1,"number":1051,"kind":"endpoint"},"geometry":{"type":"Point","coordinates":[77.5715586340316,12.9461622376873]}},{"type":"Feature","id":"kml_n_77.5716056922498_13.0275971513203","properties":{"id":"kml_n_77.5716056922498_13.0275971513203","degree":1,"number":1052,"kind":"endpoint"},"geometry":{"type":"Point","coordinates":[77.5716056922498,13.0275971513203]}},{"type":"Feature","id":"kml_n_77.5716408373208_12.9643471695938","properties":{"id":"kml_n_77.5716408373208_12.9643471695938","degree":3,"number":1053,"kind":"junction_candidate"},"geometry":{"type":"Point","coordinates":[77.5716408373208,12.9643471695938]}},{"type":"Feature","id":"kml_n_77.5716854396824_13.0085479786023","properties":{"id":"kml_n_77.5716854396824_13.0085479786023","degree":3,"number":1054,"kind":"junction_candidate"},"geometry":{"type":"Point","coordinates":[77.5716854396824,13.0085479786023]}},{"type":"Feature","id":"kml_n_77.5716984047895_12.9906647369816","properties":{"id":"kml_n_77.5716984047895_12.9906647369816","degree":3,"number":1055,"kind":"junction_candidate"},"geometry":{"type":"Point","coordinates":[77.5716984047895,12.9906647369816]}},{"type":"Feature","id":"kml_n_77.5717115077683_12.9605153150187","properties":{"id":"kml_n_77.5717115077683_12.9605153150187","degree":4,"number":1056,"kind":"junction_candidate"},"geometry":{"type":"Point","coordinates":[77.5717115077683,12.9605153150187]}},{"type":"Feature","id":"kml_n_77.5718337208573_12.9368885275817","properties":{"id":"kml_n_77.5718337208573_12.9368885275817","degree":3,"number":1057,"kind":"junction_candidate"},"geometry":{"type":"Point","coordinates":[77.5718337208573,12.9368885275817]}},{"type":"Feature","id":"kml_n_77.5718357924294_12.9369274341434","properties":{"id":"kml_n_77.5718357924294_12.9369274341434","degree":3,"number":1058,"kind":"junction_candidate"},"geometry":{"type":"Point","coordinates":[77.5718357924294,12.9369274341434]}},{"type":"Feature","id":"kml_n_77.5718855845892_12.9801884058373","properties":{"id":"kml_n_77.5718855845892_12.9801884058373","degree":3,"number":1059,"kind":"junction_candidate"},"geometry":{"type":"Point","coordinates":[77.5718855845892,12.9801884058373]}},{"type":"Feature","id":"kml_n_77.5718981680415_13.0636313904446","properties":{"id":"kml_n_77.5718981680415_13.0636313904446","degree":3,"number":1060,"kind":"junction_candidate"},"geometry":{"type":"Point","coordinates":[77.5718981680415,13.0636313904446]}},{"type":"Feature","id":"kml_n_77.5720303953466_12.957259439983","properties":{"id":"kml_n_77.5720303953466_12.957259439983","degree":4,"number":1061,"kind":"junction_candidate"},"geometry":{"type":"Point","coordinates":[77.5720303953466,12.957259439983]}},{"type":"Feature","id":"kml_n_77.5720495077526_12.8918690367478","properties":{"id":"kml_n_77.5720495077526_12.8918690367478","degree":3,"number":1062,"kind":"junction_candidate"},"geometry":{"type":"Point","coordinates":[77.5720495077526,12.8918690367478]}},{"type":"Feature","id":"kml_n_77.5722590156524_12.9482437175141","properties":{"id":"kml_n_77.5722590156524_12.9482437175141","degree":3,"number":1063,"kind":"junction_candidate"},"geometry":{"type":"Point","coordinates":[77.5722590156524,12.9482437175141]}},{"type":"Feature","id":"kml_n_77.5723522225156_12.9802950813741","properties":{"id":"kml_n_77.5723522225156_12.9802950813741","degree":4,"number":1064,"kind":"junction_candidate"},"geometry":{"type":"Point","coordinates":[77.5723522225156,12.9802950813741]}},{"type":"Feature","id":"kml_n_77.572676805949_12.9835119835606","properties":{"id":"kml_n_77.572676805949_12.9835119835606","degree":1,"number":1065,"kind":"endpoint"},"geometry":{"type":"Point","coordinates":[77.572676805949,12.9835119835606]}},{"type":"Feature","id":"kml_n_77.5727146127047_12.9833437622073","properties":{"id":"kml_n_77.5727146127047_12.9833437622073","degree":1,"number":1066,"kind":"endpoint"},"geometry":{"type":"Point","coordinates":[77.5727146127047,12.9833437622073]}},{"type":"Feature","id":"kml_n_77.5727625063991_13.1307568616152","properties":{"id":"kml_n_77.5727625063991_13.1307568616152","degree":1,"number":1067,"kind":"endpoint"},"geometry":{"type":"Point","coordinates":[77.5727625063991,13.1307568616152]}},{"type":"Feature","id":"kml_n_77.5727775274513_13.1307641448387","properties":{"id":"kml_n_77.5727775274513_13.1307641448387","degree":1,"number":1068,"kind":"endpoint"},"geometry":{"type":"Point","coordinates":[77.5727775274513,13.1307641448387]}},{"type":"Feature","id":"kml_n_77.5728553341625_13.0146143405598","properties":{"id":"kml_n_77.5728553341625_13.0146143405598","degree":3,"number":1069,"kind":"junction_candidate"},"geometry":{"type":"Point","coordinates":[77.5728553341625,13.0146143405598]}},{"type":"Feature","id":"kml_n_77.5728573545788_12.9436603223471","properties":{"id":"kml_n_77.5728573545788_12.9436603223471","degree":1,"number":1070,"kind":"endpoint"},"geometry":{"type":"Point","coordinates":[77.5728573545788,12.9436603223471]}},{"type":"Feature","id":"kml_n_77.5728591952277_12.9437160895032","properties":{"id":"kml_n_77.5728591952277_12.9437160895032","degree":1,"number":1071,"kind":"endpoint"},"geometry":{"type":"Point","coordinates":[77.5728591952277,12.9437160895032]}},{"type":"Feature","id":"kml_n_77.5728911507712_12.9109379605903","properties":{"id":"kml_n_77.5728911507712_12.9109379605903","degree":3,"number":1072,"kind":"junction_candidate"},"geometry":{"type":"Point","coordinates":[77.5728911507712,12.9109379605903]}},{"type":"Feature","id":"kml_n_77.5728996679157_12.9113015566976","properties":{"id":"kml_n_77.5728996679157_12.9113015566976","degree":3,"number":1073,"kind":"junction_candidate"},"geometry":{"type":"Point","coordinates":[77.5728996679157,12.9113015566976]}},{"type":"Feature","id":"kml_n_77.5731014944981_13.0018379670138","properties":{"id":"kml_n_77.5731014944981_13.0018379670138","degree":3,"number":1074,"kind":"junction_candidate"},"geometry":{"type":"Point","coordinates":[77.5731014944981,13.0018379670138]}},{"type":"Feature","id":"kml_n_77.5731738067233_12.998888480536","properties":{"id":"kml_n_77.5731738067233_12.998888480536","degree":3,"number":1075,"kind":"junction_candidate"},"geometry":{"type":"Point","coordinates":[77.5731738067233,12.998888480536]}},{"type":"Feature","id":"kml_n_77.5732317729548_12.9968443201708","properties":{"id":"kml_n_77.5732317729548_12.9968443201708","degree":4,"number":1076,"kind":"junction_candidate"},"geometry":{"type":"Point","coordinates":[77.5732317729548,12.9968443201708]}},{"type":"Feature","id":"kml_n_77.5732646637145_13.0425593612396","properties":{"id":"kml_n_77.5732646637145_13.0425593612396","degree":3,"number":1077,"kind":"junction_candidate"},"geometry":{"type":"Point","coordinates":[77.5732646637145,13.0425593612396]}},{"type":"Feature","id":"kml_n_77.5732691118825_12.906464026597","properties":{"id":"kml_n_77.5732691118825_12.906464026597","degree":4,"number":1078,"kind":"junction_candidate"},"geometry":{"type":"Point","coordinates":[77.5732691118825,12.906464026597]}},{"type":"Feature","id":"kml_n_77.5732755562402_12.9133877532842","properties":{"id":"kml_n_77.5732755562402_12.9133877532842","degree":1,"number":1079,"kind":"endpoint"},"geometry":{"type":"Point","coordinates":[77.5732755562402,12.9133877532842]}},{"type":"Feature","id":"kml_n_77.573281489805_12.9134033642853","properties":{"id":"kml_n_77.573281489805_12.9134033642853","degree":1,"number":1080,"kind":"endpoint"},"geometry":{"type":"Point","coordinates":[77.573281489805,12.9134033642853]}},{"type":"Feature","id":"kml_n_77.5735221451256_12.9176865442891","properties":{"id":"kml_n_77.5735221451256_12.9176865442891","degree":3,"number":1081,"kind":"junction_candidate"},"geometry":{"type":"Point","coordinates":[77.5735221451256,12.9176865442891]}},{"type":"Feature","id":"kml_n_77.5735510639912_12.9572696826823","properties":{"id":"kml_n_77.5735510639912_12.9572696826823","degree":3,"number":1082,"kind":"junction_candidate"},"geometry":{"type":"Point","coordinates":[77.5735510639912,12.9572696826823]}},{"type":"Feature","id":"kml_n_77.5735836072609_12.9482668689615","properties":{"id":"kml_n_77.5735836072609_12.9482668689615","degree":3,"number":1083,"kind":"junction_candidate"},"geometry":{"type":"Point","coordinates":[77.5735836072609,12.9482668689615]}},{"type":"Feature","id":"kml_n_77.5735879949813_12.9169502656887","properties":{"id":"kml_n_77.5735879949813_12.9169502656887","degree":3,"number":1084,"kind":"junction_candidate"},"geometry":{"type":"Point","coordinates":[77.5735879949813,12.9169502656887]}},{"type":"Feature","id":"kml_n_77.5736315445513_12.9572018178244","properties":{"id":"kml_n_77.5736315445513_12.9572018178244","degree":3,"number":1085,"kind":"junction_candidate"},"geometry":{"type":"Point","coordinates":[77.5736315445513,12.9572018178244]}},{"type":"Feature","id":"kml_n_77.5736561712997_12.9573473521699","properties":{"id":"kml_n_77.5736561712997_12.9573473521699","degree":3,"number":1086,"kind":"junction_candidate"},"geometry":{"type":"Point","coordinates":[77.5736561712997,12.9573473521699]}},{"type":"Feature","id":"kml_n_77.573699323618_12.9572553601715","properties":{"id":"kml_n_77.573699323618_12.9572553601715","degree":3,"number":1087,"kind":"junction_candidate"},"geometry":{"type":"Point","coordinates":[77.573699323618,12.9572553601715]}},{"type":"Feature","id":"kml_n_77.5737000428523_13.0146292681762","properties":{"id":"kml_n_77.5737000428523_13.0146292681762","degree":3,"number":1088,"kind":"junction_candidate"},"geometry":{"type":"Point","coordinates":[77.5737000428523,13.0146292681762]}},{"type":"Feature","id":"kml_n_77.5737069150479_12.9645166594937","properties":{"id":"kml_n_77.5737069150479_12.9645166594937","degree":3,"number":1089,"kind":"junction_candidate"},"geometry":{"type":"Point","coordinates":[77.5737069150479,12.9645166594937]}},{"type":"Feature","id":"kml_n_77.5737215710827_12.9481304015651","properties":{"id":"kml_n_77.5737215710827_12.9481304015651","degree":3,"number":1090,"kind":"junction_candidate"},"geometry":{"type":"Point","coordinates":[77.5737215710827,12.9481304015651]}},{"type":"Feature","id":"kml_n_77.57372322929_12.9484075850809","properties":{"id":"kml_n_77.57372322929_12.9484075850809","degree":3,"number":1091,"kind":"junction_candidate"},"geometry":{"type":"Point","coordinates":[77.57372322929,12.9484075850809]}},{"type":"Feature","id":"kml_n_77.5737406541696_12.943715461884","properties":{"id":"kml_n_77.5737406541696_12.943715461884","degree":4,"number":1092,"kind":"junction_candidate"},"geometry":{"type":"Point","coordinates":[77.5737406541696,12.943715461884]}},{"type":"Feature","id":"kml_n_77.5737479908623_12.857181138402","properties":{"id":"kml_n_77.5737479908623_12.857181138402","degree":1,"number":1093,"kind":"endpoint"},"geometry":{"type":"Point","coordinates":[77.5737479908623,12.857181138402]}},{"type":"Feature","id":"kml_n_77.5737585617508_12.974348843141","properties":{"id":"kml_n_77.5737585617508_12.974348843141","degree":3,"number":1094,"kind":"junction_candidate"},"geometry":{"type":"Point","coordinates":[77.5737585617508,12.974348843141]}},{"type":"Feature","id":"kml_n_77.5738049387495_12.9483841889222","properties":{"id":"kml_n_77.5738049387495_12.9483841889222","degree":3,"number":1095,"kind":"junction_candidate"},"geometry":{"type":"Point","coordinates":[77.5738049387495,12.9483841889222]}},{"type":"Feature","id":"kml_n_77.5738553839478_12.9368364351177","properties":{"id":"kml_n_77.5738553839478_12.9368364351177","degree":4,"number":1096,"kind":"junction_candidate"},"geometry":{"type":"Point","coordinates":[77.5738553839478,12.9368364351177]}},{"type":"Feature","id":"kml_n_77.5738673193647_12.9482694019686","properties":{"id":"kml_n_77.5738673193647_12.9482694019686","degree":3,"number":1097,"kind":"junction_candidate"},"geometry":{"type":"Point","coordinates":[77.5738673193647,12.9482694019686]}},{"type":"Feature","id":"kml_n_77.5738746518185_12.9710247915909","properties":{"id":"kml_n_77.5738746518185_12.9710247915909","degree":3,"number":1098,"kind":"junction_candidate"},"geometry":{"type":"Point","coordinates":[77.5738746518185,12.9710247915909]}},{"type":"Feature","id":"kml_n_77.5739456258339_12.9938848052488","properties":{"id":"kml_n_77.5739456258339_12.9938848052488","degree":3,"number":1099,"kind":"junction_candidate"},"geometry":{"type":"Point","coordinates":[77.5739456258339,12.9938848052488]}},{"type":"Feature","id":"kml_n_77.5740024342437_13.1076345808038","properties":{"id":"kml_n_77.5740024342437_13.1076345808038","degree":1,"number":1100,"kind":"endpoint"},"geometry":{"type":"Point","coordinates":[77.5740024342437,13.1076345808038]}},{"type":"Feature","id":"kml_n_77.5740170459034_13.1076299437889","properties":{"id":"kml_n_77.5740170459034_13.1076299437889","degree":1,"number":1101,"kind":"endpoint"},"geometry":{"type":"Point","coordinates":[77.5740170459034,13.1076299437889]}},{"type":"Feature","id":"kml_n_77.5741049455349_12.9889608308002","properties":{"id":"kml_n_77.5741049455349_12.9889608308002","degree":3,"number":1102,"kind":"junction_candidate"},"geometry":{"type":"Point","coordinates":[77.5741049455349,12.9889608308002]}},{"type":"Feature","id":"kml_n_77.574162365992_12.9891381387042","properties":{"id":"kml_n_77.574162365992_12.9891381387042","degree":3,"number":1103,"kind":"junction_candidate"},"geometry":{"type":"Point","coordinates":[77.574162365992,12.9891381387042]}},{"type":"Feature","id":"kml_n_77.5741776847259_13.0441270770128","properties":{"id":"kml_n_77.5741776847259_13.0441270770128","degree":3,"number":1104,"kind":"junction_candidate"},"geometry":{"type":"Point","coordinates":[77.5741776847259,13.0441270770128]}},{"type":"Feature","id":"kml_n_77.5742029429685_13.1252948926402","properties":{"id":"kml_n_77.5742029429685_13.1252948926402","degree":1,"number":1105,"kind":"endpoint"},"geometry":{"type":"Point","coordinates":[77.5742029429685,13.1252948926402]}},{"type":"Feature","id":"kml_n_77.574242939935_13.0616984488244","properties":{"id":"kml_n_77.574242939935_13.0616984488244","degree":4,"number":1106,"kind":"junction_candidate"},"geometry":{"type":"Point","coordinates":[77.574242939935,13.0616984488244]}},{"type":"Feature","id":"kml_n_77.5743671316239_12.9989105270601","properties":{"id":"kml_n_77.5743671316239_12.9989105270601","degree":3,"number":1107,"kind":"junction_candidate"},"geometry":{"type":"Point","coordinates":[77.5743671316239,12.9989105270601]}},{"type":"Feature","id":"kml_n_77.5744354539823_12.9207694324036","properties":{"id":"kml_n_77.5744354539823_12.9207694324036","degree":3,"number":1108,"kind":"junction_candidate"},"geometry":{"type":"Point","coordinates":[77.5744354539823,12.9207694324036]}},{"type":"Feature","id":"kml_n_77.5745436051569_12.9770097428405","properties":{"id":"kml_n_77.5745436051569_12.9770097428405","degree":3,"number":1109,"kind":"junction_candidate"},"geometry":{"type":"Point","coordinates":[77.5745436051569,12.9770097428405]}},{"type":"Feature","id":"kml_n_77.5745606467166_12.9597653234307","properties":{"id":"kml_n_77.5745606467166_12.9597653234307","degree":4,"number":1110,"kind":"junction_candidate"},"geometry":{"type":"Point","coordinates":[77.5745606467166,12.9597653234307]}},{"type":"Feature","id":"kml_n_77.5745621324675_13.0369845202112","properties":{"id":"kml_n_77.5745621324675_13.0369845202112","degree":4,"number":1111,"kind":"junction_candidate"},"geometry":{"type":"Point","coordinates":[77.5745621324675,13.0369845202112]}},{"type":"Feature","id":"kml_n_77.5746591736961_12.9749127005832","properties":{"id":"kml_n_77.5746591736961_12.9749127005832","degree":3,"number":1112,"kind":"junction_candidate"},"geometry":{"type":"Point","coordinates":[77.5746591736961,12.9749127005832]}},{"type":"Feature","id":"kml_n_77.5746717312391_12.9742581489536","properties":{"id":"kml_n_77.5746717312391_12.9742581489536","degree":3,"number":1113,"kind":"junction_candidate"},"geometry":{"type":"Point","coordinates":[77.5746717312391,12.9742581489536]}},{"type":"Feature","id":"kml_n_77.5746938989859_12.9646345594762","properties":{"id":"kml_n_77.5746938989859_12.9646345594762","degree":3,"number":1114,"kind":"junction_candidate"},"geometry":{"type":"Point","coordinates":[77.5746938989859,12.9646345594762]}},{"type":"Feature","id":"kml_n_77.5747469906872_12.9755189727734","properties":{"id":"kml_n_77.5747469906872_12.9755189727734","degree":3,"number":1115,"kind":"junction_candidate"},"geometry":{"type":"Point","coordinates":[77.5747469906872,12.9755189727734]}},{"type":"Feature","id":"kml_n_77.5747751134112_12.9807734150565","properties":{"id":"kml_n_77.5747751134112_12.9807734150565","degree":3,"number":1116,"kind":"junction_candidate"},"geometry":{"type":"Point","coordinates":[77.5747751134112,12.9807734150565]}},{"type":"Feature","id":"kml_n_77.5748027671759_12.9842146565706","properties":{"id":"kml_n_77.5748027671759_12.9842146565706","degree":3,"number":1117,"kind":"junction_candidate"},"geometry":{"type":"Point","coordinates":[77.5748027671759,12.9842146565706]}},{"type":"Feature","id":"kml_n_77.5749363910471_12.8626172758086","properties":{"id":"kml_n_77.5749363910471_12.8626172758086","degree":1,"number":1118,"kind":"endpoint"},"geometry":{"type":"Point","coordinates":[77.5749363910471,12.8626172758086]}},{"type":"Feature","id":"kml_n_77.5749380186553_12.8626174188288","properties":{"id":"kml_n_77.5749380186553_12.8626174188288","degree":3,"number":1119,"kind":"junction_candidate"},"geometry":{"type":"Point","coordinates":[77.5749380186553,12.8626174188288]}},{"type":"Feature","id":"kml_n_77.575067143809_12.9789990791973","properties":{"id":"kml_n_77.575067143809_12.9789990791973","degree":3,"number":1120,"kind":"junction_candidate"},"geometry":{"type":"Point","coordinates":[77.575067143809,12.9789990791973]}},{"type":"Feature","id":"kml_n_77.5750935277313_12.9788799134229","properties":{"id":"kml_n_77.5750935277313_12.9788799134229","degree":3,"number":1121,"kind":"junction_candidate"},"geometry":{"type":"Point","coordinates":[77.5750935277313,12.9788799134229]}},{"type":"Feature","id":"kml_n_77.5751908367269_13.0737500943016","properties":{"id":"kml_n_77.5751908367269_13.0737500943016","degree":3,"number":1122,"kind":"junction_candidate"},"geometry":{"type":"Point","coordinates":[77.5751908367269,13.0737500943016]}},{"type":"Feature","id":"kml_n_77.5752490820417_13.0534421141271","properties":{"id":"kml_n_77.5752490820417_13.0534421141271","degree":4,"number":1123,"kind":"junction_candidate"},"geometry":{"type":"Point","coordinates":[77.5752490820417,13.0534421141271]}},{"type":"Feature","id":"kml_n_77.575394670643_12.911134150172","properties":{"id":"kml_n_77.575394670643_12.911134150172","degree":1,"number":1124,"kind":"endpoint"},"geometry":{"type":"Point","coordinates":[77.575394670643,12.911134150172]}},{"type":"Feature","id":"kml_n_77.575405669951_12.9368213928093","properties":{"id":"kml_n_77.575405669951_12.9368213928093","degree":3,"number":1125,"kind":"junction_candidate"},"geometry":{"type":"Point","coordinates":[77.575405669951,12.9368213928093]}},{"type":"Feature","id":"kml_n_77.5754134066787_12.911130593778","properties":{"id":"kml_n_77.5754134066787_12.911130593778","degree":1,"number":1126,"kind":"endpoint"},"geometry":{"type":"Point","coordinates":[77.5754134066787,12.911130593778]}},{"type":"Feature","id":"kml_n_77.5754191159526_12.9919003851201","properties":{"id":"kml_n_77.5754191159526_12.9919003851201","degree":3,"number":1127,"kind":"junction_candidate"},"geometry":{"type":"Point","coordinates":[77.5754191159526,12.9919003851201]}},{"type":"Feature","id":"kml_n_77.575429418671_12.9968906144485","properties":{"id":"kml_n_77.575429418671_12.9968906144485","degree":3,"number":1128,"kind":"junction_candidate"},"geometry":{"type":"Point","coordinates":[77.575429418671,12.9968906144485]}},{"type":"Feature","id":"kml_n_77.5754759584236_12.9744275578411","properties":{"id":"kml_n_77.5754759584236_12.9744275578411","degree":3,"number":1129,"kind":"junction_candidate"},"geometry":{"type":"Point","coordinates":[77.5754759584236,12.9744275578411]}},{"type":"Feature","id":"kml_n_77.5756788913223_12.9771995611406","properties":{"id":"kml_n_77.5756788913223_12.9771995611406","degree":3,"number":1130,"kind":"junction_candidate"},"geometry":{"type":"Point","coordinates":[77.5756788913223,12.9771995611406]}},{"type":"Feature","id":"kml_n_77.5756962394151_12.9697952265888","properties":{"id":"kml_n_77.5756962394151_12.9697952265888","degree":4,"number":1131,"kind":"junction_candidate"},"geometry":{"type":"Point","coordinates":[77.5756962394151,12.9697952265888]}},{"type":"Feature","id":"kml_n_77.5757326502328_12.9770657340786","properties":{"id":"kml_n_77.5757326502328_12.9770657340786","degree":3,"number":1132,"kind":"junction_candidate"},"geometry":{"type":"Point","coordinates":[77.5757326502328,12.9770657340786]}},{"type":"Feature","id":"kml_n_77.5757496809674_13.0094009039201","properties":{"id":"kml_n_77.5757496809674_13.0094009039201","degree":3,"number":1133,"kind":"junction_candidate"},"geometry":{"type":"Point","coordinates":[77.5757496809674,13.0094009039201]}},{"type":"Feature","id":"kml_n_77.5759241543748_12.9622513824696","properties":{"id":"kml_n_77.5759241543748_12.9622513824696","degree":3,"number":1134,"kind":"junction_candidate"},"geometry":{"type":"Point","coordinates":[77.5759241543748,12.9622513824696]}},{"type":"Feature","id":"kml_n_77.5759763017313_13.0474385816012","properties":{"id":"kml_n_77.5759763017313_13.0474385816012","degree":4,"number":1135,"kind":"junction_candidate"},"geometry":{"type":"Point","coordinates":[77.5759763017313,13.0474385816012]}},{"type":"Feature","id":"kml_n_77.5760300852495_13.048418190467","properties":{"id":"kml_n_77.5760300852495_13.048418190467","degree":3,"number":1136,"kind":"junction_candidate"},"geometry":{"type":"Point","coordinates":[77.5760300852495,13.048418190467]}},{"type":"Feature","id":"kml_n_77.5761925977859_12.8715691024262","properties":{"id":"kml_n_77.5761925977859_12.8715691024262","degree":1,"number":1137,"kind":"endpoint"},"geometry":{"type":"Point","coordinates":[77.5761925977859,12.8715691024262]}},{"type":"Feature","id":"kml_n_77.5761929426585_12.8715713124917","properties":{"id":"kml_n_77.5761929426585_12.8715713124917","degree":3,"number":1138,"kind":"junction_candidate"},"geometry":{"type":"Point","coordinates":[77.5761929426585,12.8715713124917]}},{"type":"Feature","id":"kml_n_77.5762321239534_12.9753629707476","properties":{"id":"kml_n_77.5762321239534_12.9753629707476","degree":4,"number":1139,"kind":"junction_candidate"},"geometry":{"type":"Point","coordinates":[77.5762321239534,12.9753629707476]}},{"type":"Feature","id":"kml_n_77.5765005835128_12.8764120536942","properties":{"id":"kml_n_77.5765005835128_12.8764120536942","degree":3,"number":1140,"kind":"junction_candidate"},"geometry":{"type":"Point","coordinates":[77.5765005835128,12.8764120536942]}},{"type":"Feature","id":"kml_n_77.5765269634862_12.8780923472908","properties":{"id":"kml_n_77.5765269634862_12.8780923472908","degree":3,"number":1141,"kind":"junction_candidate"},"geometry":{"type":"Point","coordinates":[77.5765269634862,12.8780923472908]}},{"type":"Feature","id":"kml_n_77.5765280928145_12.9110253538593","properties":{"id":"kml_n_77.5765280928145_12.9110253538593","degree":1,"number":1142,"kind":"endpoint"},"geometry":{"type":"Point","coordinates":[77.5765280928145,12.9110253538593]}},{"type":"Feature","id":"kml_n_77.576529528996_12.8779939777634","properties":{"id":"kml_n_77.576529528996_12.8779939777634","degree":1,"number":1143,"kind":"endpoint"},"geometry":{"type":"Point","coordinates":[77.576529528996,12.8779939777634]}},{"type":"Feature","id":"kml_n_77.5765295317583_12.8779939777362","properties":{"id":"kml_n_77.5765295317583_12.8779939777362","degree":1,"number":1144,"kind":"endpoint"},"geometry":{"type":"Point","coordinates":[77.5765295317583,12.8779939777362]}},{"type":"Feature","id":"kml_n_77.5765386727102_12.9110247770034","properties":{"id":"kml_n_77.5765386727102_12.9110247770034","degree":1,"number":1145,"kind":"endpoint"},"geometry":{"type":"Point","coordinates":[77.5765386727102,12.9110247770034]}},{"type":"Feature","id":"kml_n_77.5765881496045_12.9518722360298","properties":{"id":"kml_n_77.5765881496045_12.9518722360298","degree":3,"number":1146,"kind":"junction_candidate"},"geometry":{"type":"Point","coordinates":[77.5765881496045,12.9518722360298]}},{"type":"Feature","id":"kml_n_77.5766581299874_13.0598808000205","properties":{"id":"kml_n_77.5766581299874_13.0598808000205","degree":3,"number":1147,"kind":"junction_candidate"},"geometry":{"type":"Point","coordinates":[77.5766581299874,13.0598808000205]}},{"type":"Feature","id":"kml_n_77.5766840645754_13.0992502614063","properties":{"id":"kml_n_77.5766840645754_13.0992502614063","degree":3,"number":1148,"kind":"junction_candidate"},"geometry":{"type":"Point","coordinates":[77.5766840645754,13.0992502614063]}},{"type":"Feature","id":"kml_n_77.5767406563587_12.9518067433894","properties":{"id":"kml_n_77.5767406563587_12.9518067433894","degree":3,"number":1149,"kind":"junction_candidate"},"geometry":{"type":"Point","coordinates":[77.5767406563587,12.9518067433894]}},{"type":"Feature","id":"kml_n_77.5767625230191_12.9527957816775","properties":{"id":"kml_n_77.5767625230191_12.9527957816775","degree":3,"number":1150,"kind":"junction_candidate"},"geometry":{"type":"Point","coordinates":[77.5767625230191,12.9527957816775]}},{"type":"Feature","id":"kml_n_77.5767882517508_12.9287790636985","properties":{"id":"kml_n_77.5767882517508_12.9287790636985","degree":3,"number":1151,"kind":"junction_candidate"},"geometry":{"type":"Point","coordinates":[77.5767882517508,12.9287790636985]}},{"type":"Feature","id":"kml_n_77.5768104372294_12.9483029377425","properties":{"id":"kml_n_77.5768104372294_12.9483029377425","degree":4,"number":1152,"kind":"junction_candidate"},"geometry":{"type":"Point","coordinates":[77.5768104372294,12.9483029377425]}},{"type":"Feature","id":"kml_n_77.576810892403_12.9641134469974","properties":{"id":"kml_n_77.576810892403_12.9641134469974","degree":4,"number":1153,"kind":"junction_candidate"},"geometry":{"type":"Point","coordinates":[77.576810892403,12.9641134469974]}},{"type":"Feature","id":"kml_n_77.5768293097708_12.9436431880427","properties":{"id":"kml_n_77.5768293097708_12.9436431880427","degree":3,"number":1154,"kind":"junction_candidate"},"geometry":{"type":"Point","coordinates":[77.5768293097708,12.9436431880427]}},{"type":"Feature","id":"kml_n_77.5769778718529_12.9805689275085","properties":{"id":"kml_n_77.5769778718529_12.9805689275085","degree":3,"number":1155,"kind":"junction_candidate"},"geometry":{"type":"Point","coordinates":[77.5769778718529,12.9805689275085]}},{"type":"Feature","id":"kml_n_77.5770203463321_12.9644835502675","properties":{"id":"kml_n_77.5770203463321_12.9644835502675","degree":3,"number":1156,"kind":"junction_candidate"},"geometry":{"type":"Point","coordinates":[77.5770203463321,12.9644835502675]}},{"type":"Feature","id":"kml_n_77.5770426210222_12.9526849923869","properties":{"id":"kml_n_77.5770426210222_12.9526849923869","degree":3,"number":1157,"kind":"junction_candidate"},"geometry":{"type":"Point","coordinates":[77.5770426210222,12.9526849923869]}},{"type":"Feature","id":"kml_n_77.5770521605072_12.98330676105","properties":{"id":"kml_n_77.5770521605072_12.98330676105","degree":3,"number":1158,"kind":"junction_candidate"},"geometry":{"type":"Point","coordinates":[77.5770521605072,12.98330676105]}},{"type":"Feature","id":"kml_n_77.577070210438_12.974826271224","properties":{"id":"kml_n_77.577070210438_12.974826271224","degree":3,"number":1159,"kind":"junction_candidate"},"geometry":{"type":"Point","coordinates":[77.577070210438,12.974826271224]}},{"type":"Feature","id":"kml_n_77.5771407760225_12.9936611329505","properties":{"id":"kml_n_77.5771407760225_12.9936611329505","degree":3,"number":1160,"kind":"junction_candidate"},"geometry":{"type":"Point","coordinates":[77.5771407760225,12.9936611329505]}},{"type":"Feature","id":"kml_n_77.5771728570331_12.9640210664606","properties":{"id":"kml_n_77.5771728570331_12.9640210664606","degree":3,"number":1161,"kind":"junction_candidate"},"geometry":{"type":"Point","coordinates":[77.5771728570331,12.9640210664606]}},{"type":"Feature","id":"kml_n_77.5771761068009_12.9590338564892","properties":{"id":"kml_n_77.5771761068009_12.9590338564892","degree":3,"number":1162,"kind":"junction_candidate"},"geometry":{"type":"Point","coordinates":[77.5771761068009,12.9590338564892]}},{"type":"Feature","id":"kml_n_77.5772565300526_12.9563116077748","properties":{"id":"kml_n_77.5772565300526_12.9563116077748","degree":3,"number":1163,"kind":"junction_candidate"},"geometry":{"type":"Point","coordinates":[77.5772565300526,12.9563116077748]}},{"type":"Feature","id":"kml_n_77.5772907614664_12.9562451429864","properties":{"id":"kml_n_77.5772907614664_12.9562451429864","degree":3,"number":1164,"kind":"junction_candidate"},"geometry":{"type":"Point","coordinates":[77.5772907614664,12.9562451429864]}},{"type":"Feature","id":"kml_n_77.5773200148909_12.956346069242","properties":{"id":"kml_n_77.5773200148909_12.956346069242","degree":3,"number":1165,"kind":"junction_candidate"},"geometry":{"type":"Point","coordinates":[77.5773200148909,12.956346069242]}},{"type":"Feature","id":"kml_n_77.5773291991665_12.9769765468834","properties":{"id":"kml_n_77.5773291991665_12.9769765468834","degree":4,"number":1166,"kind":"junction_candidate"},"geometry":{"type":"Point","coordinates":[77.5773291991665,12.9769765468834]}},{"type":"Feature","id":"kml_n_77.5773531898248_12.9562679767083","properties":{"id":"kml_n_77.5773531898248_12.9562679767083","degree":3,"number":1167,"kind":"junction_candidate"},"geometry":{"type":"Point","coordinates":[77.5773531898248,12.9562679767083]}},{"type":"Feature","id":"kml_n_77.5774254546781_12.9805328690537","properties":{"id":"kml_n_77.5774254546781_12.9805328690537","degree":3,"number":1168,"kind":"junction_candidate"},"geometry":{"type":"Point","coordinates":[77.5774254546781,12.9805328690537]}},{"type":"Feature","id":"kml_n_77.577518465917_12.9836341515432","properties":{"id":"kml_n_77.577518465917_12.9836341515432","degree":3,"number":1169,"kind":"junction_candidate"},"geometry":{"type":"Point","coordinates":[77.577518465917,12.9836341515432]}},{"type":"Feature","id":"kml_n_77.5776383410901_12.9588518260665","properties":{"id":"kml_n_77.5776383410901_12.9588518260665","degree":3,"number":1170,"kind":"junction_candidate"},"geometry":{"type":"Point","coordinates":[77.5776383410901,12.9588518260665]}},{"type":"Feature","id":"kml_n_77.577657214459_12.95879425591","properties":{"id":"kml_n_77.577657214459_12.95879425591","degree":3,"number":1171,"kind":"junction_candidate"},"geometry":{"type":"Point","coordinates":[77.577657214459,12.95879425591]}},{"type":"Feature","id":"kml_n_77.5776729242763_12.9590360838727","properties":{"id":"kml_n_77.5776729242763_12.9590360838727","degree":3,"number":1172,"kind":"junction_candidate"},"geometry":{"type":"Point","coordinates":[77.5776729242763,12.9590360838727]}},{"type":"Feature","id":"kml_n_77.5777302600379_12.9436264165056","properties":{"id":"kml_n_77.5777302600379_12.9436264165056","degree":1,"number":1173,"kind":"endpoint"},"geometry":{"type":"Point","coordinates":[77.5777302600379,12.9436264165056]}},{"type":"Feature","id":"kml_n_77.5777468755539_12.9436262087956","properties":{"id":"kml_n_77.5777468755539_12.9436262087956","degree":1,"number":1174,"kind":"endpoint"},"geometry":{"type":"Point","coordinates":[77.5777468755539,12.9436262087956]}},{"type":"Feature","id":"kml_n_77.5777625019898_12.9614378047651","properties":{"id":"kml_n_77.5777625019898_12.9614378047651","degree":4,"number":1175,"kind":"junction_candidate"},"geometry":{"type":"Point","coordinates":[77.5777625019898,12.9614378047651]}},{"type":"Feature","id":"kml_n_77.5778287872225_12.9878718978627","properties":{"id":"kml_n_77.5778287872225_12.9878718978627","degree":1,"number":1176,"kind":"endpoint"},"geometry":{"type":"Point","coordinates":[77.5778287872225,12.9878718978627]}},{"type":"Feature","id":"kml_n_77.5778952407424_12.9878249938429","properties":{"id":"kml_n_77.5778952407424_12.9878249938429","degree":1,"number":1177,"kind":"endpoint"},"geometry":{"type":"Point","coordinates":[77.5778952407424,12.9878249938429]}},{"type":"Feature","id":"kml_n_77.5781340570164_12.9992402273722","properties":{"id":"kml_n_77.5781340570164_12.9992402273722","degree":3,"number":1178,"kind":"junction_candidate"},"geometry":{"type":"Point","coordinates":[77.5781340570164,12.9992402273722]}},{"type":"Feature","id":"kml_n_77.5781479467877_12.9945060192777","properties":{"id":"kml_n_77.5781479467877_12.9945060192777","degree":3,"number":1179,"kind":"junction_candidate"},"geometry":{"type":"Point","coordinates":[77.5781479467877,12.9945060192777]}},{"type":"Feature","id":"kml_n_77.5781604767519_13.0476546948591","properties":{"id":"kml_n_77.5781604767519_13.0476546948591","degree":3,"number":1180,"kind":"junction_candidate"},"geometry":{"type":"Point","coordinates":[77.5781604767519,13.0476546948591]}},{"type":"Feature","id":"kml_n_77.5782523377669_12.9742972864754","properties":{"id":"kml_n_77.5782523377669_12.9742972864754","degree":4,"number":1181,"kind":"junction_candidate"},"geometry":{"type":"Point","coordinates":[77.5782523377669,12.9742972864754]}},{"type":"Feature","id":"kml_n_77.5782731412511_13.0482951910687","properties":{"id":"kml_n_77.5782731412511_13.0482951910687","degree":3,"number":1182,"kind":"junction_candidate"},"geometry":{"type":"Point","coordinates":[77.5782731412511,13.0482951910687]}},{"type":"Feature","id":"kml_n_77.5784158982576_12.9991515393976","properties":{"id":"kml_n_77.5784158982576_12.9991515393976","degree":3,"number":1183,"kind":"junction_candidate"},"geometry":{"type":"Point","coordinates":[77.5784158982576,12.9991515393976]}},{"type":"Feature","id":"kml_n_77.5785229725187_13.0017831066665","properties":{"id":"kml_n_77.5785229725187_13.0017831066665","degree":3,"number":1184,"kind":"junction_candidate"},"geometry":{"type":"Point","coordinates":[77.5785229725187,13.0017831066665]}},{"type":"Feature","id":"kml_n_77.578561207342_13.0053681832191","properties":{"id":"kml_n_77.578561207342_13.0053681832191","degree":3,"number":1185,"kind":"junction_candidate"},"geometry":{"type":"Point","coordinates":[77.578561207342,13.0053681832191]}},{"type":"Feature","id":"kml_n_77.5786563114314_13.0064838437174","properties":{"id":"kml_n_77.5786563114314_13.0064838437174","degree":3,"number":1186,"kind":"junction_candidate"},"geometry":{"type":"Point","coordinates":[77.5786563114314,13.0064838437174]}},{"type":"Feature","id":"kml_n_77.5786703840113_12.9679789866511","properties":{"id":"kml_n_77.5786703840113_12.9679789866511","degree":4,"number":1187,"kind":"junction_candidate"},"geometry":{"type":"Point","coordinates":[77.5786703840113,12.9679789866511]}},{"type":"Feature","id":"kml_n_77.5787429026415_13.0062872566952","properties":{"id":"kml_n_77.5787429026415_13.0062872566952","degree":3,"number":1188,"kind":"junction_candidate"},"geometry":{"type":"Point","coordinates":[77.5787429026415,13.0062872566952]}},{"type":"Feature","id":"kml_n_77.5788508604654_13.0065650899447","properties":{"id":"kml_n_77.5788508604654_13.0065650899447","degree":3,"number":1189,"kind":"junction_candidate"},"geometry":{"type":"Point","coordinates":[77.5788508604654,13.0065650899447]}},{"type":"Feature","id":"kml_n_77.5789023380002_13.0065318176133","properties":{"id":"kml_n_77.5789023380002_13.0065318176133","degree":3,"number":1190,"kind":"junction_candidate"},"geometry":{"type":"Point","coordinates":[77.5789023380002,13.0065318176133]}},{"type":"Feature","id":"kml_n_77.5789146833915_13.006334717296","properties":{"id":"kml_n_77.5789146833915_13.006334717296","degree":3,"number":1191,"kind":"junction_candidate"},"geometry":{"type":"Point","coordinates":[77.5789146833915,13.006334717296]}},{"type":"Feature","id":"kml_n_77.5790040009323_13.1147874681234","properties":{"id":"kml_n_77.5790040009323_13.1147874681234","degree":3,"number":1192,"kind":"junction_candidate"},"geometry":{"type":"Point","coordinates":[77.5790040009323,13.1147874681234]}},{"type":"Feature","id":"kml_n_77.5793634305342_13.0518596361687","properties":{"id":"kml_n_77.5793634305342_13.0518596361687","degree":3,"number":1193,"kind":"junction_candidate"},"geometry":{"type":"Point","coordinates":[77.5793634305342,13.0518596361687]}},{"type":"Feature","id":"kml_n_77.5795855469706_12.9552888001866","properties":{"id":"kml_n_77.5795855469706_12.9552888001866","degree":3,"number":1194,"kind":"junction_candidate"},"geometry":{"type":"Point","coordinates":[77.5795855469706,12.9552888001866]}},{"type":"Feature","id":"kml_n_77.5795969787633_12.8655754461834","properties":{"id":"kml_n_77.5795969787633_12.8655754461834","degree":3,"number":1195,"kind":"junction_candidate"},"geometry":{"type":"Point","coordinates":[77.5795969787633,12.8655754461834]}},{"type":"Feature","id":"kml_n_77.5796074718855_12.8711319784314","properties":{"id":"kml_n_77.5796074718855_12.8711319784314","degree":1,"number":1196,"kind":"endpoint"},"geometry":{"type":"Point","coordinates":[77.5796074718855,12.8711319784314]}},{"type":"Feature","id":"kml_n_77.5796226280359_12.8711332476103","properties":{"id":"kml_n_77.5796226280359_12.8711332476103","degree":1,"number":1197,"kind":"endpoint"},"geometry":{"type":"Point","coordinates":[77.5796226280359,12.8711332476103]}},{"type":"Feature","id":"kml_n_77.5797335287183_13.067244738078","properties":{"id":"kml_n_77.5797335287183_13.067244738078","degree":1,"number":1198,"kind":"endpoint"},"geometry":{"type":"Point","coordinates":[77.5797335287183,13.067244738078]}},{"type":"Feature","id":"kml_n_77.5797338699537_13.067222147798","properties":{"id":"kml_n_77.5797338699537_13.067222147798","degree":1,"number":1199,"kind":"endpoint"},"geometry":{"type":"Point","coordinates":[77.5797338699537,13.067222147798]}},{"type":"Feature","id":"kml_n_77.5798764583154_12.9483301862829","properties":{"id":"kml_n_77.5798764583154_12.9483301862829","degree":3,"number":1200,"kind":"junction_candidate"},"geometry":{"type":"Point","coordinates":[77.5798764583154,12.9483301862829]}},{"type":"Feature","id":"kml_n_77.5799176951655_12.9766952200761","properties":{"id":"kml_n_77.5799176951655_12.9766952200761","degree":4,"number":1201,"kind":"junction_candidate"},"geometry":{"type":"Point","coordinates":[77.5799176951655,12.9766952200761]}},{"type":"Feature","id":"kml_n_77.5799545857845_12.9551954229678","properties":{"id":"kml_n_77.5799545857845_12.9551954229678","degree":5,"number":1202,"kind":"junction_candidate"},"geometry":{"type":"Point","coordinates":[77.5799545857845,12.9551954229678]}},{"type":"Feature","id":"kml_n_77.5800096918325_12.9484655518196","properties":{"id":"kml_n_77.5800096918325_12.9484655518196","degree":3,"number":1203,"kind":"junction_candidate"},"geometry":{"type":"Point","coordinates":[77.5800096918325,12.9484655518196]}},{"type":"Feature","id":"kml_n_77.5800147864727_12.9481920104498","properties":{"id":"kml_n_77.5800147864727_12.9481920104498","degree":3,"number":1204,"kind":"junction_candidate"},"geometry":{"type":"Point","coordinates":[77.5800147864727,12.9481920104498]}},{"type":"Feature","id":"kml_n_77.5800473720581_12.9436488126195","properties":{"id":"kml_n_77.5800473720581_12.9436488126195","degree":4,"number":1205,"kind":"junction_candidate"},"geometry":{"type":"Point","coordinates":[77.5800473720581,12.9436488126195]}},{"type":"Feature","id":"kml_n_77.5800952260672_13.0265569778873","properties":{"id":"kml_n_77.5800952260672_13.0265569778873","degree":3,"number":1206,"kind":"junction_candidate"},"geometry":{"type":"Point","coordinates":[77.5800952260672,13.0265569778873]}},{"type":"Feature","id":"kml_n_77.5800959932711_12.9367344639545","properties":{"id":"kml_n_77.5800959932711_12.9367344639545","degree":4,"number":1207,"kind":"junction_candidate"},"geometry":{"type":"Point","coordinates":[77.5800959932711,12.9367344639545]}},{"type":"Feature","id":"kml_n_77.5801752164053_12.9588917158312","properties":{"id":"kml_n_77.5801752164053_12.9588917158312","degree":4,"number":1208,"kind":"junction_candidate"},"geometry":{"type":"Point","coordinates":[77.5801752164053,12.9588917158312]}},{"type":"Feature","id":"kml_n_77.5801785422067_12.8618808857441","properties":{"id":"kml_n_77.5801785422067_12.8618808857441","degree":3,"number":1209,"kind":"junction_candidate"},"geometry":{"type":"Point","coordinates":[77.5801785422067,12.8618808857441]}},{"type":"Feature","id":"kml_n_77.5801820329412_12.9287239367279","properties":{"id":"kml_n_77.5801820329412_12.9287239367279","degree":4,"number":1210,"kind":"junction_candidate"},"geometry":{"type":"Point","coordinates":[77.5801820329412,12.9287239367279]}},{"type":"Feature","id":"kml_n_77.58024681666_12.9171230884902","properties":{"id":"kml_n_77.58024681666_12.9171230884902","degree":3,"number":1211,"kind":"junction_candidate"},"geometry":{"type":"Point","coordinates":[77.58024681666,12.9171230884902]}},{"type":"Feature","id":"kml_n_77.5802488468688_12.8552499319309","properties":{"id":"kml_n_77.5802488468688_12.8552499319309","degree":3,"number":1212,"kind":"junction_candidate"},"geometry":{"type":"Point","coordinates":[77.5802488468688,12.8552499319309]}},{"type":"Feature","id":"kml_n_77.5804143859175_13.0515438243936","properties":{"id":"kml_n_77.5804143859175_13.0515438243936","degree":1,"number":1213,"kind":"endpoint"},"geometry":{"type":"Point","coordinates":[77.5804143859175,13.0515438243936]}},{"type":"Feature","id":"kml_n_77.5804627970987_13.0515545692822","properties":{"id":"kml_n_77.5804627970987_13.0515545692822","degree":1,"number":1214,"kind":"endpoint"},"geometry":{"type":"Point","coordinates":[77.5804627970987,13.0515545692822]}},{"type":"Feature","id":"kml_n_77.5805496417381_13.009075388178","properties":{"id":"kml_n_77.5805496417381_13.009075388178","degree":3,"number":1215,"kind":"junction_candidate"},"geometry":{"type":"Point","coordinates":[77.5805496417381,13.009075388178]}},{"type":"Feature","id":"kml_n_77.5808304971848_12.8656909433583","properties":{"id":"kml_n_77.5808304971848_12.8656909433583","degree":3,"number":1216,"kind":"junction_candidate"},"geometry":{"type":"Point","coordinates":[77.5808304971848,12.8656909433583]}},{"type":"Feature","id":"kml_n_77.5808306959864_13.0660048320085","properties":{"id":"kml_n_77.5808306959864_13.0660048320085","degree":4,"number":1217,"kind":"junction_candidate"},"geometry":{"type":"Point","coordinates":[77.5808306959864,13.0660048320085]}},{"type":"Feature","id":"kml_n_77.580986267903_13.0257383932159","properties":{"id":"kml_n_77.580986267903_13.0257383932159","degree":3,"number":1218,"kind":"junction_candidate"},"geometry":{"type":"Point","coordinates":[77.580986267903,13.0257383932159]}},{"type":"Feature","id":"kml_n_77.5811282972164_13.0588251153019","properties":{"id":"kml_n_77.5811282972164_13.0588251153019","degree":3,"number":1219,"kind":"junction_candidate"},"geometry":{"type":"Point","coordinates":[77.5811282972164,13.0588251153019]}},{"type":"Feature","id":"kml_n_77.5811295557064_12.9730607814476","properties":{"id":"kml_n_77.5811295557064_12.9730607814476","degree":4,"number":1220,"kind":"junction_candidate"},"geometry":{"type":"Point","coordinates":[77.5811295557064,12.9730607814476]}},{"type":"Feature","id":"kml_n_77.5813561930426_13.0511619456906","properties":{"id":"kml_n_77.5813561930426_13.0511619456906","degree":1,"number":1221,"kind":"endpoint"},"geometry":{"type":"Point","coordinates":[77.5813561930426,13.0511619456906]}},{"type":"Feature","id":"kml_n_77.5814878130027_13.0664430949465","properties":{"id":"kml_n_77.5814878130027_13.0664430949465","degree":3,"number":1222,"kind":"junction_candidate"},"geometry":{"type":"Point","coordinates":[77.5814878130027,13.0664430949465]}},{"type":"Feature","id":"kml_n_77.5815054480701_12.9728119735047","properties":{"id":"kml_n_77.5815054480701_12.9728119735047","degree":3,"number":1223,"kind":"junction_candidate"},"geometry":{"type":"Point","coordinates":[77.5815054480701,12.9728119735047]}},{"type":"Feature","id":"kml_n_77.5817453192338_12.8930808062481","properties":{"id":"kml_n_77.5817453192338_12.8930808062481","degree":3,"number":1224,"kind":"junction_candidate"},"geometry":{"type":"Point","coordinates":[77.5817453192338,12.8930808062481]}},{"type":"Feature","id":"kml_n_77.5818117012703_12.8921018190412","properties":{"id":"kml_n_77.5818117012703_12.8921018190412","degree":3,"number":1225,"kind":"junction_candidate"},"geometry":{"type":"Point","coordinates":[77.5818117012703,12.8921018190412]}},{"type":"Feature","id":"kml_n_77.5818195189626_12.8913234276217","properties":{"id":"kml_n_77.5818195189626_12.8913234276217","degree":3,"number":1226,"kind":"junction_candidate"},"geometry":{"type":"Point","coordinates":[77.5818195189626,12.8913234276217]}},{"type":"Feature","id":"kml_n_77.5818801203926_12.9795778890917","properties":{"id":"kml_n_77.5818801203926_12.9795778890917","degree":3,"number":1227,"kind":"junction_candidate"},"geometry":{"type":"Point","coordinates":[77.5818801203926,12.9795778890917]}},{"type":"Feature","id":"kml_n_77.5819128493199_12.8968555848904","properties":{"id":"kml_n_77.5819128493199_12.8968555848904","degree":3,"number":1228,"kind":"junction_candidate"},"geometry":{"type":"Point","coordinates":[77.5819128493199,12.8968555848904]}},{"type":"Feature","id":"kml_n_77.5819404750427_13.036682132724","properties":{"id":"kml_n_77.5819404750427_13.036682132724","degree":3,"number":1229,"kind":"junction_candidate"},"geometry":{"type":"Point","coordinates":[77.5819404750427,13.036682132724]}},{"type":"Feature","id":"kml_n_77.5820216332781_12.9984945563175","properties":{"id":"kml_n_77.5820216332781_12.9984945563175","degree":4,"number":1230,"kind":"junction_candidate"},"geometry":{"type":"Point","coordinates":[77.5820216332781,12.9984945563175]}},{"type":"Feature","id":"kml_n_77.5821350738182_12.9577319360819","properties":{"id":"kml_n_77.5821350738182_12.9577319360819","degree":4,"number":1231,"kind":"junction_candidate"},"geometry":{"type":"Point","coordinates":[77.5821350738182,12.9577319360819]}},{"type":"Feature","id":"kml_n_77.5823534995463_12.9843281708115","properties":{"id":"kml_n_77.5823534995463_12.9843281708115","degree":3,"number":1232,"kind":"junction_candidate"},"geometry":{"type":"Point","coordinates":[77.5823534995463,12.9843281708115]}},{"type":"Feature","id":"kml_n_77.5825131288728_12.943650538555","properties":{"id":"kml_n_77.5825131288728_12.943650538555","degree":3,"number":1233,"kind":"junction_candidate"},"geometry":{"type":"Point","coordinates":[77.5825131288728,12.943650538555]}},{"type":"Feature","id":"kml_n_77.5825157524136_12.9750210715088","properties":{"id":"kml_n_77.5825157524136_12.9750210715088","degree":3,"number":1234,"kind":"junction_candidate"},"geometry":{"type":"Point","coordinates":[77.5825157524136,12.9750210715088]}},{"type":"Feature","id":"kml_n_77.5825388547873_12.814353497029","properties":{"id":"kml_n_77.5825388547873_12.814353497029","degree":1,"number":1235,"kind":"endpoint"},"geometry":{"type":"Point","coordinates":[77.5825388547873,12.814353497029]}},{"type":"Feature","id":"kml_n_77.582658868893_12.9436512174124","properties":{"id":"kml_n_77.582658868893_12.9436512174124","degree":3,"number":1236,"kind":"junction_candidate"},"geometry":{"type":"Point","coordinates":[77.582658868893,12.9436512174124]}},{"type":"Feature","id":"kml_n_77.5826633623022_13.042187722256","properties":{"id":"kml_n_77.5826633623022_13.042187722256","degree":3,"number":1237,"kind":"junction_candidate"},"geometry":{"type":"Point","coordinates":[77.5826633623022,13.042187722256]}},{"type":"Feature","id":"kml_n_77.5826701238237_12.8144822211814","properties":{"id":"kml_n_77.5826701238237_12.8144822211814","degree":1,"number":1238,"kind":"endpoint"},"geometry":{"type":"Point","coordinates":[77.5826701238237,12.8144822211814]}},{"type":"Feature","id":"kml_n_77.5828649816701_13.0421661361066","properties":{"id":"kml_n_77.5828649816701_13.0421661361066","degree":3,"number":1239,"kind":"junction_candidate"},"geometry":{"type":"Point","coordinates":[77.5828649816701,13.0421661361066]}},{"type":"Feature","id":"kml_n_77.5829423862803_13.072896351886","properties":{"id":"kml_n_77.5829423862803_13.072896351886","degree":1,"number":1240,"kind":"endpoint"},"geometry":{"type":"Point","coordinates":[77.5829423862803,13.072896351886]}},{"type":"Feature","id":"kml_n_77.5829431886397_13.0728945487319","properties":{"id":"kml_n_77.5829431886397_13.0728945487319","degree":1,"number":1241,"kind":"endpoint"},"geometry":{"type":"Point","coordinates":[77.5829431886397,13.0728945487319]}},{"type":"Feature","id":"kml_n_77.5830635542433_13.043929388755","properties":{"id":"kml_n_77.5830635542433_13.043929388755","degree":1,"number":1242,"kind":"endpoint"},"geometry":{"type":"Point","coordinates":[77.5830635542433,13.043929388755]}},{"type":"Feature","id":"kml_n_77.5831462556461_12.8122233593644","properties":{"id":"kml_n_77.5831462556461_12.8122233593644","degree":1,"number":1243,"kind":"endpoint"},"geometry":{"type":"Point","coordinates":[77.5831462556461,12.8122233593644]}},{"type":"Feature","id":"kml_n_77.5831562346268_12.8122180692592","properties":{"id":"kml_n_77.5831562346268_12.8122180692592","degree":1,"number":1244,"kind":"endpoint"},"geometry":{"type":"Point","coordinates":[77.5831562346268,12.8122180692592]}},{"type":"Feature","id":"kml_n_77.5831672664325_12.8705968144497","properties":{"id":"kml_n_77.5831672664325_12.8705968144497","degree":3,"number":1245,"kind":"junction_candidate"},"geometry":{"type":"Point","coordinates":[77.5831672664325,12.8705968144497]}},{"type":"Feature","id":"kml_n_77.5832999262634_13.0676578542196","properties":{"id":"kml_n_77.5832999262634_13.0676578542196","degree":3,"number":1246,"kind":"junction_candidate"},"geometry":{"type":"Point","coordinates":[77.5832999262634,13.0676578542196]}},{"type":"Feature","id":"kml_n_77.5833187406525_12.8705566298629","properties":{"id":"kml_n_77.5833187406525_12.8705566298629","degree":3,"number":1247,"kind":"junction_candidate"},"geometry":{"type":"Point","coordinates":[77.5833187406525,12.8705566298629]}},{"type":"Feature","id":"kml_n_77.5834545823943_12.8822039515134","properties":{"id":"kml_n_77.5834545823943_12.8822039515134","degree":3,"number":1248,"kind":"junction_candidate"},"geometry":{"type":"Point","coordinates":[77.5834545823943,12.8822039515134]}},{"type":"Feature","id":"kml_n_77.5834972268456_13.0641300957447","properties":{"id":"kml_n_77.5834972268456_13.0641300957447","degree":3,"number":1249,"kind":"junction_candidate"},"geometry":{"type":"Point","coordinates":[77.5834972268456,13.0641300957447]}},{"type":"Feature","id":"kml_n_77.583510913926_13.0641202885039","properties":{"id":"kml_n_77.583510913926_13.0641202885039","degree":3,"number":1250,"kind":"junction_candidate"},"geometry":{"type":"Point","coordinates":[77.583510913926,13.0641202885039]}},{"type":"Feature","id":"kml_n_77.5835264062096_12.9603426710149","properties":{"id":"kml_n_77.5835264062096_12.9603426710149","degree":3,"number":1251,"kind":"junction_candidate"},"geometry":{"type":"Point","coordinates":[77.5835264062096,12.9603426710149]}},{"type":"Feature","id":"kml_n_77.5836709004034_13.0585137855521","properties":{"id":"kml_n_77.5836709004034_13.0585137855521","degree":3,"number":1252,"kind":"junction_candidate"},"geometry":{"type":"Point","coordinates":[77.5836709004034,13.0585137855521]}},{"type":"Feature","id":"kml_n_77.583888395973_13.0089622486148","properties":{"id":"kml_n_77.583888395973_13.0089622486148","degree":3,"number":1253,"kind":"junction_candidate"},"geometry":{"type":"Point","coordinates":[77.583888395973,13.0089622486148]}},{"type":"Feature","id":"kml_n_77.5839000047861_13.0192267469464","properties":{"id":"kml_n_77.5839000047861_13.0192267469464","degree":3,"number":1254,"kind":"junction_candidate"},"geometry":{"type":"Point","coordinates":[77.5839000047861,13.0192267469464]}},{"type":"Feature","id":"kml_n_77.5839149159786_13.0646709981755","properties":{"id":"kml_n_77.5839149159786_13.0646709981755","degree":4,"number":1255,"kind":"junction_candidate"},"geometry":{"type":"Point","coordinates":[77.5839149159786,13.0646709981755]}},{"type":"Feature","id":"kml_n_77.5839559489963_13.0172185586182","properties":{"id":"kml_n_77.5839559489963_13.0172185586182","degree":3,"number":1256,"kind":"junction_candidate"},"geometry":{"type":"Point","coordinates":[77.5839559489963,13.0172185586182]}},{"type":"Feature","id":"kml_n_77.5839763625613_12.8770735673205","properties":{"id":"kml_n_77.5839763625613_12.8770735673205","degree":3,"number":1257,"kind":"junction_candidate"},"geometry":{"type":"Point","coordinates":[77.5839763625613,12.8770735673205]}},{"type":"Feature","id":"kml_n_77.5839774045997_12.8776211016306","properties":{"id":"kml_n_77.5839774045997_12.8776211016306","degree":3,"number":1258,"kind":"junction_candidate"},"geometry":{"type":"Point","coordinates":[77.5839774045997,12.8776211016306]}},{"type":"Feature","id":"kml_n_77.5839818746931_13.0144852069954","properties":{"id":"kml_n_77.5839818746931_13.0144852069954","degree":4,"number":1259,"kind":"junction_candidate"},"geometry":{"type":"Point","coordinates":[77.5839818746931,13.0144852069954]}},{"type":"Feature","id":"kml_n_77.583990468103_13.0584675269742","properties":{"id":"kml_n_77.583990468103_13.0584675269742","degree":3,"number":1260,"kind":"junction_candidate"},"geometry":{"type":"Point","coordinates":[77.583990468103,13.0584675269742]}},{"type":"Feature","id":"kml_n_77.5841272596114_12.9994066314536","properties":{"id":"kml_n_77.5841272596114_12.9994066314536","degree":3,"number":1261,"kind":"junction_candidate"},"geometry":{"type":"Point","coordinates":[77.5841272596114,12.9994066314536]}},{"type":"Feature","id":"kml_n_77.5841499806231_13.0032714498154","properties":{"id":"kml_n_77.5841499806231_13.0032714498154","degree":3,"number":1262,"kind":"junction_candidate"},"geometry":{"type":"Point","coordinates":[77.5841499806231,13.0032714498154]}},{"type":"Feature","id":"kml_n_77.5841920123305_12.9653073094868","properties":{"id":"kml_n_77.5841920123305_12.9653073094868","degree":3,"number":1263,"kind":"junction_candidate"},"geometry":{"type":"Point","coordinates":[77.5841920123305,12.9653073094868]}},{"type":"Feature","id":"kml_n_77.5843932164704_12.977916808904","properties":{"id":"kml_n_77.5843932164704_12.977916808904","degree":4,"number":1264,"kind":"junction_candidate"},"geometry":{"type":"Point","coordinates":[77.5843932164704,12.977916808904]}},{"type":"Feature","id":"kml_n_77.5844111170415_12.997718765069","properties":{"id":"kml_n_77.5844111170415_12.997718765069","degree":4,"number":1265,"kind":"junction_candidate"},"geometry":{"type":"Point","coordinates":[77.5844111170415,12.997718765069]}},{"type":"Feature","id":"kml_n_77.5845770718647_12.9746309977637","properties":{"id":"kml_n_77.5845770718647_12.9746309977637","degree":3,"number":1266,"kind":"junction_candidate"},"geometry":{"type":"Point","coordinates":[77.5845770718647,12.9746309977637]}},{"type":"Feature","id":"kml_n_77.5845893408692_12.9746384222576","properties":{"id":"kml_n_77.5845893408692_12.9746384222576","degree":1,"number":1267,"kind":"endpoint"},"geometry":{"type":"Point","coordinates":[77.5845893408692,12.9746384222576]}},{"type":"Feature","id":"kml_n_77.5845996278453_13.0228730255542","properties":{"id":"kml_n_77.5845996278453_13.0228730255542","degree":3,"number":1268,"kind":"junction_candidate"},"geometry":{"type":"Point","coordinates":[77.5845996278453,13.0228730255542]}},{"type":"Feature","id":"kml_n_77.5849209205626_12.936254276415","properties":{"id":"kml_n_77.5849209205626_12.936254276415","degree":3,"number":1269,"kind":"junction_candidate"},"geometry":{"type":"Point","coordinates":[77.5849209205626,12.936254276415]}},{"type":"Feature","id":"kml_n_77.585039830278_12.9366468630364","properties":{"id":"kml_n_77.585039830278_12.9366468630364","degree":3,"number":1270,"kind":"junction_candidate"},"geometry":{"type":"Point","coordinates":[77.585039830278,12.9366468630364]}},{"type":"Feature","id":"kml_n_77.5850678849891_12.936744081706","properties":{"id":"kml_n_77.5850678849891_12.936744081706","degree":3,"number":1271,"kind":"junction_candidate"},"geometry":{"type":"Point","coordinates":[77.5850678849891,12.936744081706]}},{"type":"Feature","id":"kml_n_77.5850846733013_12.9436738717769","properties":{"id":"kml_n_77.5850846733013_12.9436738717769","degree":3,"number":1272,"kind":"junction_candidate"},"geometry":{"type":"Point","coordinates":[77.5850846733013,12.9436738717769]}},{"type":"Feature","id":"kml_n_77.5852021937802_12.9438034955319","properties":{"id":"kml_n_77.5852021937802_12.9438034955319","degree":3,"number":1273,"kind":"junction_candidate"},"geometry":{"type":"Point","coordinates":[77.5852021937802,12.9438034955319]}},{"type":"Feature","id":"kml_n_77.5852058222302_12.9435644738157","properties":{"id":"kml_n_77.5852058222302_12.9435644738157","degree":3,"number":1274,"kind":"junction_candidate"},"geometry":{"type":"Point","coordinates":[77.5852058222302,12.9435644738157]}},{"type":"Feature","id":"kml_n_77.5852364170219_12.9638602671515","properties":{"id":"kml_n_77.5852364170219_12.9638602671515","degree":3,"number":1275,"kind":"junction_candidate"},"geometry":{"type":"Point","coordinates":[77.5852364170219,12.9638602671515]}},{"type":"Feature","id":"kml_n_77.5852674728919_13.0254545922354","properties":{"id":"kml_n_77.5852674728919_13.0254545922354","degree":3,"number":1276,"kind":"junction_candidate"},"geometry":{"type":"Point","coordinates":[77.5852674728919,13.0254545922354]}},{"type":"Feature","id":"kml_n_77.5853103818848_13.0628378575171","properties":{"id":"kml_n_77.5853103818848_13.0628378575171","degree":4,"number":1277,"kind":"junction_candidate"},"geometry":{"type":"Point","coordinates":[77.5853103818848,13.0628378575171]}},{"type":"Feature","id":"kml_n_77.5853286637286_12.9436862209214","properties":{"id":"kml_n_77.5853286637286_12.9436862209214","degree":3,"number":1278,"kind":"junction_candidate"},"geometry":{"type":"Point","coordinates":[77.5853286637286,12.9436862209214]}},{"type":"Feature","id":"kml_n_77.5853692565557_12.9540573936961","properties":{"id":"kml_n_77.5853692565557_12.9540573936961","degree":3,"number":1279,"kind":"junction_candidate"},"geometry":{"type":"Point","coordinates":[77.5853692565557,12.9540573936961]}},{"type":"Feature","id":"kml_n_77.5855759274726_13.1244177372734","properties":{"id":"kml_n_77.5855759274726_13.1244177372734","degree":3,"number":1280,"kind":"junction_candidate"},"geometry":{"type":"Point","coordinates":[77.5855759274726,13.1244177372734]}},{"type":"Feature","id":"kml_n_77.5856343368045_13.0269920678487","properties":{"id":"kml_n_77.5856343368045_13.0269920678487","degree":3,"number":1281,"kind":"junction_candidate"},"geometry":{"type":"Point","coordinates":[77.5856343368045,13.0269920678487]}},{"type":"Feature","id":"kml_n_77.5856796711184_12.9911037606569","properties":{"id":"kml_n_77.5856796711184_12.9911037606569","degree":3,"number":1282,"kind":"junction_candidate"},"geometry":{"type":"Point","coordinates":[77.5856796711184,12.9911037606569]}},{"type":"Feature","id":"kml_n_77.5856862999026_13.0633707845361","properties":{"id":"kml_n_77.5856862999026_13.0633707845361","degree":3,"number":1283,"kind":"junction_candidate"},"geometry":{"type":"Point","coordinates":[77.5856862999026,13.0633707845361]}},{"type":"Feature","id":"kml_n_77.5856963254643_12.9104983619197","properties":{"id":"kml_n_77.5856963254643_12.9104983619197","degree":4,"number":1284,"kind":"junction_candidate"},"geometry":{"type":"Point","coordinates":[77.5856963254643,12.9104983619197]}},{"type":"Feature","id":"kml_n_77.5857003951376_12.9555051255316","properties":{"id":"kml_n_77.5857003951376_12.9555051255316","degree":4,"number":1285,"kind":"junction_candidate"},"geometry":{"type":"Point","coordinates":[77.5857003951376,12.9555051255316]}},{"type":"Feature","id":"kml_n_77.5857149459801_12.9063338804758","properties":{"id":"kml_n_77.5857149459801_12.9063338804758","degree":4,"number":1286,"kind":"junction_candidate"},"geometry":{"type":"Point","coordinates":[77.5857149459801,12.9063338804758]}},{"type":"Feature","id":"kml_n_77.5857167621808_12.9054752828089","properties":{"id":"kml_n_77.5857167621808_12.9054752828089","degree":3,"number":1287,"kind":"junction_candidate"},"geometry":{"type":"Point","coordinates":[77.5857167621808,12.9054752828089]}},{"type":"Feature","id":"kml_n_77.585827183046_12.9170109688136","properties":{"id":"kml_n_77.585827183046_12.9170109688136","degree":4,"number":1288,"kind":"junction_candidate"},"geometry":{"type":"Point","coordinates":[77.585827183046,12.9170109688136]}},{"type":"Feature","id":"kml_n_77.5860425409502_13.0631043379398","properties":{"id":"kml_n_77.5860425409502_13.0631043379398","degree":3,"number":1289,"kind":"junction_candidate"},"geometry":{"type":"Point","coordinates":[77.5860425409502,13.0631043379398]}},{"type":"Feature","id":"kml_n_77.5860528518487_12.9285992446979","properties":{"id":"kml_n_77.5860528518487_12.9285992446979","degree":4,"number":1290,"kind":"junction_candidate"},"geometry":{"type":"Point","coordinates":[77.5860528518487,12.9285992446979]}},{"type":"Feature","id":"kml_n_77.5860970142731_12.8969152078551","properties":{"id":"kml_n_77.5860970142731_12.8969152078551","degree":4,"number":1291,"kind":"junction_candidate"},"geometry":{"type":"Point","coordinates":[77.5860970142731,12.8969152078551]}},{"type":"Feature","id":"kml_n_77.5862931649582_12.8927082941722","properties":{"id":"kml_n_77.5862931649582_12.8927082941722","degree":3,"number":1292,"kind":"junction_candidate"},"geometry":{"type":"Point","coordinates":[77.5862931649582,12.8927082941722]}},{"type":"Feature","id":"kml_n_77.5864649839832_13.1306307017285","properties":{"id":"kml_n_77.5864649839832_13.1306307017285","degree":1,"number":1293,"kind":"endpoint"},"geometry":{"type":"Point","coordinates":[77.5864649839832,13.1306307017285]}},{"type":"Feature","id":"kml_n_77.5864717684371_13.1020394868349","properties":{"id":"kml_n_77.5864717684371_13.1020394868349","degree":3,"number":1294,"kind":"junction_candidate"},"geometry":{"type":"Point","coordinates":[77.5864717684371,13.1020394868349]}},{"type":"Feature","id":"kml_n_77.586601318697_12.9658314409054","properties":{"id":"kml_n_77.586601318697_12.9658314409054","degree":3,"number":1295,"kind":"junction_candidate"},"geometry":{"type":"Point","coordinates":[77.586601318697,12.9658314409054]}},{"type":"Feature","id":"kml_n_77.5867910801198_12.959039950694","properties":{"id":"kml_n_77.5867910801198_12.959039950694","degree":4,"number":1296,"kind":"junction_candidate"},"geometry":{"type":"Point","coordinates":[77.5867910801198,12.959039950694]}},{"type":"Feature","id":"kml_n_77.5868125764929_12.9654758951902","properties":{"id":"kml_n_77.5868125764929_12.9654758951902","degree":4,"number":1297,"kind":"junction_candidate"},"geometry":{"type":"Point","coordinates":[77.5868125764929,12.9654758951902]}},{"type":"Feature","id":"kml_n_77.5872131930002_12.9758425974204","properties":{"id":"kml_n_77.5872131930002_12.9758425974204","degree":5,"number":1298,"kind":"junction_candidate"},"geometry":{"type":"Point","coordinates":[77.5872131930002,12.9758425974204]}},{"type":"Feature","id":"kml_n_77.5873816349906_13.0570979737537","properties":{"id":"kml_n_77.5873816349906_13.0570979737537","degree":1,"number":1299,"kind":"endpoint"},"geometry":{"type":"Point","coordinates":[77.5873816349906,13.0570979737537]}},{"type":"Feature","id":"kml_n_77.5873831401421_13.0570765003149","properties":{"id":"kml_n_77.5873831401421_13.0570765003149","degree":3,"number":1300,"kind":"junction_candidate"},"geometry":{"type":"Point","coordinates":[77.5873831401421,13.0570765003149]}},{"type":"Feature","id":"kml_n_77.5873857556218_12.9678199066626","properties":{"id":"kml_n_77.5873857556218_12.9678199066626","degree":4,"number":1301,"kind":"junction_candidate"},"geometry":{"type":"Point","coordinates":[77.5873857556218,12.9678199066626]}},{"type":"Feature","id":"kml_n_77.5874059066302_13.0579860976979","properties":{"id":"kml_n_77.5874059066302_13.0579860976979","degree":1,"number":1302,"kind":"endpoint"},"geometry":{"type":"Point","coordinates":[77.5874059066302,13.0579860976979]}},{"type":"Feature","id":"kml_n_77.5877202642738_13.0184610512577","properties":{"id":"kml_n_77.5877202642738_13.0184610512577","degree":3,"number":1303,"kind":"junction_candidate"},"geometry":{"type":"Point","coordinates":[77.5877202642738,13.0184610512577]}},{"type":"Feature","id":"kml_n_77.5882698819378_12.9844944176479","properties":{"id":"kml_n_77.5882698819378_12.9844944176479","degree":5,"number":1304,"kind":"junction_candidate"},"geometry":{"type":"Point","coordinates":[77.5882698819378,12.9844944176479]}},{"type":"Feature","id":"kml_n_77.5883393433772_12.8931004363602","properties":{"id":"kml_n_77.5883393433772_12.8931004363602","degree":1,"number":1305,"kind":"endpoint"},"geometry":{"type":"Point","coordinates":[77.5883393433772,12.8931004363602]}},{"type":"Feature","id":"kml_n_77.5883407664607_12.8931003734919","properties":{"id":"kml_n_77.5883407664607_12.8931003734919","degree":1,"number":1306,"kind":"endpoint"},"geometry":{"type":"Point","coordinates":[77.5883407664607,12.8931003734919]}},{"type":"Feature","id":"kml_n_77.5885228306807_13.0727094419136","properties":{"id":"kml_n_77.5885228306807_13.0727094419136","degree":1,"number":1307,"kind":"endpoint"},"geometry":{"type":"Point","coordinates":[77.5885228306807,13.0727094419136]}},{"type":"Feature","id":"kml_n_77.5885301714936_12.9355107760726","properties":{"id":"kml_n_77.5885301714936_12.9355107760726","degree":1,"number":1308,"kind":"endpoint"},"geometry":{"type":"Point","coordinates":[77.5885301714936,12.9355107760726]}},{"type":"Feature","id":"kml_n_77.5885846147491_13.1421595704571","properties":{"id":"kml_n_77.5885846147491_13.1421595704571","degree":1,"number":1309,"kind":"endpoint"},"geometry":{"type":"Point","coordinates":[77.5885846147491,13.1421595704571]}},{"type":"Feature","id":"kml_n_77.5886672714145_12.9904530006053","properties":{"id":"kml_n_77.5886672714145_12.9904530006053","degree":4,"number":1310,"kind":"junction_candidate"},"geometry":{"type":"Point","coordinates":[77.5886672714145,12.9904530006053]}},{"type":"Feature","id":"kml_n_77.5886926966238_12.8552265827496","properties":{"id":"kml_n_77.5886926966238_12.8552265827496","degree":3,"number":1311,"kind":"junction_candidate"},"geometry":{"type":"Point","coordinates":[77.5886926966238,12.8552265827496]}},{"type":"Feature","id":"kml_n_77.5887388489303_12.9676368328076","properties":{"id":"kml_n_77.5887388489303_12.9676368328076","degree":6,"number":1312,"kind":"junction_candidate"},"geometry":{"type":"Point","coordinates":[77.5887388489303,12.9676368328076]}},{"type":"Feature","id":"kml_n_77.5888289733068_13.0727656840541","properties":{"id":"kml_n_77.5888289733068_13.0727656840541","degree":3,"number":1313,"kind":"junction_candidate"},"geometry":{"type":"Point","coordinates":[77.5888289733068,13.0727656840541]}},{"type":"Feature","id":"kml_n_77.5888309568677_12.8564753594746","properties":{"id":"kml_n_77.5888309568677_12.8564753594746","degree":3,"number":1314,"kind":"junction_candidate"},"geometry":{"type":"Point","coordinates":[77.5888309568677,12.8564753594746]}},{"type":"Feature","id":"kml_n_77.5888440826085_13.0167174939808","properties":{"id":"kml_n_77.5888440826085_13.0167174939808","degree":3,"number":1315,"kind":"junction_candidate"},"geometry":{"type":"Point","coordinates":[77.5888440826085,13.0167174939808]}},{"type":"Feature","id":"kml_n_77.588889846426_12.8574780224822","properties":{"id":"kml_n_77.588889846426_12.8574780224822","degree":3,"number":1316,"kind":"junction_candidate"},"geometry":{"type":"Point","coordinates":[77.588889846426,12.8574780224822]}},{"type":"Feature","id":"kml_n_77.5889522170705_12.9865673709573","properties":{"id":"kml_n_77.5889522170705_12.9865673709573","degree":4,"number":1317,"kind":"junction_candidate"},"geometry":{"type":"Point","coordinates":[77.5889522170705,12.9865673709573]}},{"type":"Feature","id":"kml_n_77.5892396166244_13.0375958742476","properties":{"id":"kml_n_77.5892396166244_13.0375958742476","degree":3,"number":1318,"kind":"junction_candidate"},"geometry":{"type":"Point","coordinates":[77.5892396166244,13.0375958742476]}},{"type":"Feature","id":"kml_n_77.589251305325_12.9633074250234","properties":{"id":"kml_n_77.589251305325_12.9633074250234","degree":3,"number":1319,"kind":"junction_candidate"},"geometry":{"type":"Point","coordinates":[77.589251305325,12.9633074250234]}},{"type":"Feature","id":"kml_n_77.5892795621403_12.9433961020823","properties":{"id":"kml_n_77.5892795621403_12.9433961020823","degree":1,"number":1320,"kind":"endpoint"},"geometry":{"type":"Point","coordinates":[77.5892795621403,12.9433961020823]}},{"type":"Feature","id":"kml_n_77.5892848473124_12.9433950241692","properties":{"id":"kml_n_77.5892848473124_12.9433950241692","degree":1,"number":1321,"kind":"endpoint"},"geometry":{"type":"Point","coordinates":[77.5892848473124,12.9433950241692]}},{"type":"Feature","id":"kml_n_77.589595099005_12.9859371606994","properties":{"id":"kml_n_77.589595099005_12.9859371606994","degree":4,"number":1322,"kind":"junction_candidate"},"geometry":{"type":"Point","coordinates":[77.589595099005,12.9859371606994]}},{"type":"Feature","id":"kml_n_77.5896410587159_12.9623021869467","properties":{"id":"kml_n_77.5896410587159_12.9623021869467","degree":3,"number":1323,"kind":"junction_candidate"},"geometry":{"type":"Point","coordinates":[77.5896410587159,12.9623021869467]}},{"type":"Feature","id":"kml_n_77.5896800268785_12.9629223121394","properties":{"id":"kml_n_77.5896800268785_12.9629223121394","degree":3,"number":1324,"kind":"junction_candidate"},"geometry":{"type":"Point","coordinates":[77.5896800268785,12.9629223121394]}},{"type":"Feature","id":"kml_n_77.5897725899685_12.8703091879369","properties":{"id":"kml_n_77.5897725899685_12.8703091879369","degree":3,"number":1325,"kind":"junction_candidate"},"geometry":{"type":"Point","coordinates":[77.5897725899685,12.8703091879369]}},{"type":"Feature","id":"kml_n_77.5898096898134_13.0245308195473","properties":{"id":"kml_n_77.5898096898134_13.0245308195473","degree":3,"number":1326,"kind":"junction_candidate"},"geometry":{"type":"Point","coordinates":[77.5898096898134,13.0245308195473]}},{"type":"Feature","id":"kml_n_77.5898373422863_12.995132919558","properties":{"id":"kml_n_77.5898373422863_12.995132919558","degree":3,"number":1327,"kind":"junction_candidate"},"geometry":{"type":"Point","coordinates":[77.5898373422863,12.995132919558]}},{"type":"Feature","id":"kml_n_77.5898672365327_13.0576320816211","properties":{"id":"kml_n_77.5898672365327_13.0576320816211","degree":3,"number":1328,"kind":"junction_candidate"},"geometry":{"type":"Point","coordinates":[77.5898672365327,13.0576320816211]}},{"type":"Feature","id":"kml_n_77.5899426166613_13.059537919834","properties":{"id":"kml_n_77.5899426166613_13.059537919834","degree":4,"number":1329,"kind":"junction_candidate"},"geometry":{"type":"Point","coordinates":[77.5899426166613,13.059537919834]}},{"type":"Feature","id":"kml_n_77.5899437302898_13.0411962098118","properties":{"id":"kml_n_77.5899437302898_13.0411962098118","degree":3,"number":1330,"kind":"junction_candidate"},"geometry":{"type":"Point","coordinates":[77.5899437302898,13.0411962098118]}},{"type":"Feature","id":"kml_n_77.5899473807067_13.0412078546767","properties":{"id":"kml_n_77.5899473807067_13.0412078546767","degree":3,"number":1331,"kind":"junction_candidate"},"geometry":{"type":"Point","coordinates":[77.5899473807067,13.0412078546767]}},{"type":"Feature","id":"kml_n_77.5901639684128_12.9728951587244","properties":{"id":"kml_n_77.5901639684128_12.9728951587244","degree":3,"number":1332,"kind":"junction_candidate"},"geometry":{"type":"Point","coordinates":[77.5901639684128,12.9728951587244]}},{"type":"Feature","id":"kml_n_77.5904531600832_13.0429091295228","properties":{"id":"kml_n_77.5904531600832_13.0429091295228","degree":4,"number":1333,"kind":"junction_candidate"},"geometry":{"type":"Point","coordinates":[77.5904531600832,13.0429091295228]}},{"type":"Feature","id":"kml_n_77.590501987218_12.9749231438069","properties":{"id":"kml_n_77.590501987218_12.9749231438069","degree":3,"number":1334,"kind":"junction_candidate"},"geometry":{"type":"Point","coordinates":[77.590501987218,12.9749231438069]}},{"type":"Feature","id":"kml_n_77.5905112214061_12.9515433641667","properties":{"id":"kml_n_77.5905112214061_12.9515433641667","degree":3,"number":1335,"kind":"junction_candidate"},"geometry":{"type":"Point","coordinates":[77.5905112214061,12.9515433641667]}},{"type":"Feature","id":"kml_n_77.5905417968771_12.9869371381979","properties":{"id":"kml_n_77.5905417968771_12.9869371381979","degree":3,"number":1336,"kind":"junction_candidate"},"geometry":{"type":"Point","coordinates":[77.5905417968771,12.9869371381979]}},{"type":"Feature","id":"kml_n_77.5906157626915_13.0099668349946","properties":{"id":"kml_n_77.5906157626915_13.0099668349946","degree":3,"number":1337,"kind":"junction_candidate"},"geometry":{"type":"Point","coordinates":[77.5906157626915,13.0099668349946]}},{"type":"Feature","id":"kml_n_77.5907610221586_12.9626117032671","properties":{"id":"kml_n_77.5907610221586_12.9626117032671","degree":3,"number":1338,"kind":"junction_candidate"},"geometry":{"type":"Point","coordinates":[77.5907610221586,12.9626117032671]}},{"type":"Feature","id":"kml_n_77.5909713410978_12.8836255662172","properties":{"id":"kml_n_77.5909713410978_12.8836255662172","degree":3,"number":1339,"kind":"junction_candidate"},"geometry":{"type":"Point","coordinates":[77.5909713410978,12.8836255662172]}},{"type":"Feature","id":"kml_n_77.5910743132506_12.9747204371427","properties":{"id":"kml_n_77.5910743132506_12.9747204371427","degree":3,"number":1340,"kind":"junction_candidate"},"geometry":{"type":"Point","coordinates":[77.5910743132506,12.9747204371427]}},{"type":"Feature","id":"kml_n_77.5913769011746_12.9538163736718","properties":{"id":"kml_n_77.5913769011746_12.9538163736718","degree":4,"number":1341,"kind":"junction_candidate"},"geometry":{"type":"Point","coordinates":[77.5913769011746,12.9538163736718]}},{"type":"Feature","id":"kml_n_77.5914190357496_13.0577057452099","properties":{"id":"kml_n_77.5914190357496_13.0577057452099","degree":3,"number":1342,"kind":"junction_candidate"},"geometry":{"type":"Point","coordinates":[77.5914190357496,13.0577057452099]}},{"type":"Feature","id":"kml_n_77.5914749412863_13.0162415674549","properties":{"id":"kml_n_77.5914749412863_13.0162415674549","degree":3,"number":1343,"kind":"junction_candidate"},"geometry":{"type":"Point","coordinates":[77.5914749412863,13.0162415674549]}},{"type":"Feature","id":"kml_n_77.5916382960136_12.9864538927437","properties":{"id":"kml_n_77.5916382960136_12.9864538927437","degree":3,"number":1344,"kind":"junction_candidate"},"geometry":{"type":"Point","coordinates":[77.5916382960136,12.9864538927437]}},{"type":"Feature","id":"kml_n_77.5916819558539_12.9904323367956","properties":{"id":"kml_n_77.5916819558539_12.9904323367956","degree":3,"number":1345,"kind":"junction_candidate"},"geometry":{"type":"Point","coordinates":[77.5916819558539,12.9904323367956]}},{"type":"Feature","id":"kml_n_77.5917261643425_12.8872957884543","properties":{"id":"kml_n_77.5917261643425_12.8872957884543","degree":3,"number":1346,"kind":"junction_candidate"},"geometry":{"type":"Point","coordinates":[77.5917261643425,12.8872957884543]}},{"type":"Feature","id":"kml_n_77.5917920175577_12.8882999955486","properties":{"id":"kml_n_77.5917920175577_12.8882999955486","degree":3,"number":1347,"kind":"junction_candidate"},"geometry":{"type":"Point","coordinates":[77.5917920175577,12.8882999955486]}},{"type":"Feature","id":"kml_n_77.5918629973814_12.8915591152503","properties":{"id":"kml_n_77.5918629973814_12.8915591152503","degree":3,"number":1348,"kind":"junction_candidate"},"geometry":{"type":"Point","coordinates":[77.5918629973814,12.8915591152503]}},{"type":"Feature","id":"kml_n_77.5920504347544_12.9555492937964","properties":{"id":"kml_n_77.5920504347544_12.9555492937964","degree":3,"number":1349,"kind":"junction_candidate"},"geometry":{"type":"Point","coordinates":[77.5920504347544,12.9555492937964]}},{"type":"Feature","id":"kml_n_77.5921673497849_13.0481969945448","properties":{"id":"kml_n_77.5921673497849_13.0481969945448","degree":3,"number":1350,"kind":"junction_candidate"},"geometry":{"type":"Point","coordinates":[77.5921673497849,13.0481969945448]}},{"type":"Feature","id":"kml_n_77.5922144658967_12.9559895300593","properties":{"id":"kml_n_77.5922144658967_12.9559895300593","degree":3,"number":1351,"kind":"junction_candidate"},"geometry":{"type":"Point","coordinates":[77.5922144658967,12.9559895300593]}},{"type":"Feature","id":"kml_n_77.5922333630406_12.9951335526131","properties":{"id":"kml_n_77.5922333630406_12.9951335526131","degree":3,"number":1352,"kind":"junction_candidate"},"geometry":{"type":"Point","coordinates":[77.5922333630406,12.9951335526131]}},{"type":"Feature","id":"kml_n_77.5923261175609_12.9829085533203","properties":{"id":"kml_n_77.5923261175609_12.9829085533203","degree":3,"number":1353,"kind":"junction_candidate"},"geometry":{"type":"Point","coordinates":[77.5923261175609,12.9829085533203]}},{"type":"Feature","id":"kml_n_77.5924748871372_13.0207348273903","properties":{"id":"kml_n_77.5924748871372_13.0207348273903","degree":3,"number":1354,"kind":"junction_candidate"},"geometry":{"type":"Point","coordinates":[77.5924748871372,13.0207348273903]}},{"type":"Feature","id":"kml_n_77.5924856765314_12.9285176689521","properties":{"id":"kml_n_77.5924856765314_12.9285176689521","degree":3,"number":1355,"kind":"junction_candidate"},"geometry":{"type":"Point","coordinates":[77.5924856765314,12.9285176689521]}},{"type":"Feature","id":"kml_n_77.5925919181311_12.9168580788196","properties":{"id":"kml_n_77.5925919181311_12.9168580788196","degree":1,"number":1356,"kind":"endpoint"},"geometry":{"type":"Point","coordinates":[77.5925919181311,12.9168580788196]}},{"type":"Feature","id":"kml_n_77.5926332410929_12.9168572457132","properties":{"id":"kml_n_77.5926332410929_12.9168572457132","degree":1,"number":1357,"kind":"endpoint"},"geometry":{"type":"Point","coordinates":[77.5926332410929,12.9168572457132]}},{"type":"Feature","id":"kml_n_77.5926730675996_12.9344144812376","properties":{"id":"kml_n_77.5926730675996_12.9344144812376","degree":3,"number":1358,"kind":"junction_candidate"},"geometry":{"type":"Point","coordinates":[77.5926730675996,12.9344144812376]}},{"type":"Feature","id":"kml_n_77.5927700301358_13.0495560454254","properties":{"id":"kml_n_77.5927700301358_13.0495560454254","degree":3,"number":1359,"kind":"junction_candidate"},"geometry":{"type":"Point","coordinates":[77.5927700301358,13.0495560454254]}},{"type":"Feature","id":"kml_n_77.5927706538624_13.0735868416306","properties":{"id":"kml_n_77.5927706538624_13.0735868416306","degree":1,"number":1360,"kind":"endpoint"},"geometry":{"type":"Point","coordinates":[77.5927706538624,13.0735868416306]}},{"type":"Feature","id":"kml_n_77.5927736271218_13.0734588915052","properties":{"id":"kml_n_77.5927736271218_13.0734588915052","degree":3,"number":1361,"kind":"junction_candidate"},"geometry":{"type":"Point","coordinates":[77.5927736271218,13.0734588915052]}},{"type":"Feature","id":"kml_n_77.5928710270392_12.9896356712203","properties":{"id":"kml_n_77.5928710270392_12.9896356712203","degree":4,"number":1362,"kind":"junction_candidate"},"geometry":{"type":"Point","coordinates":[77.5928710270392,12.9896356712203]}},{"type":"Feature","id":"kml_n_77.5929610469295_13.0249392285874","properties":{"id":"kml_n_77.5929610469295_13.0249392285874","degree":4,"number":1363,"kind":"junction_candidate"},"geometry":{"type":"Point","coordinates":[77.5929610469295,13.0249392285874]}},{"type":"Feature","id":"kml_n_77.5929837130125_12.9580118938929","properties":{"id":"kml_n_77.5929837130125_12.9580118938929","degree":3,"number":1364,"kind":"junction_candidate"},"geometry":{"type":"Point","coordinates":[77.5929837130125,12.9580118938929]}},{"type":"Feature","id":"kml_n_77.5929869158389_13.1211102389533","properties":{"id":"kml_n_77.5929869158389_13.1211102389533","degree":3,"number":1365,"kind":"junction_candidate"},"geometry":{"type":"Point","coordinates":[77.5929869158389,13.1211102389533]}},{"type":"Feature","id":"kml_n_77.5930746010318_13.006115087625","properties":{"id":"kml_n_77.5930746010318_13.006115087625","degree":3,"number":1366,"kind":"junction_candidate"},"geometry":{"type":"Point","coordinates":[77.5930746010318,13.006115087625]}},{"type":"Feature","id":"kml_n_77.5930928663131_13.0671965637314","properties":{"id":"kml_n_77.5930928663131_13.0671965637314","degree":3,"number":1367,"kind":"junction_candidate"},"geometry":{"type":"Point","coordinates":[77.5930928663131,13.0671965637314]}},{"type":"Feature","id":"kml_n_77.5932416362665_13.0263884620614","properties":{"id":"kml_n_77.5932416362665_13.0263884620614","degree":3,"number":1368,"kind":"junction_candidate"},"geometry":{"type":"Point","coordinates":[77.5932416362665,13.0263884620614]}},{"type":"Feature","id":"kml_n_77.5932999844377_13.0054880673321","properties":{"id":"kml_n_77.5932999844377_13.0054880673321","degree":3,"number":1369,"kind":"junction_candidate"},"geometry":{"type":"Point","coordinates":[77.5932999844377,13.0054880673321]}},{"type":"Feature","id":"kml_n_77.5933439457654_13.1019539169165","properties":{"id":"kml_n_77.5933439457654_13.1019539169165","degree":1,"number":1370,"kind":"endpoint"},"geometry":{"type":"Point","coordinates":[77.5933439457654,13.1019539169165]}},{"type":"Feature","id":"kml_n_77.5933531455239_13.0623302390059","properties":{"id":"kml_n_77.5933531455239_13.0623302390059","degree":3,"number":1371,"kind":"junction_candidate"},"geometry":{"type":"Point","coordinates":[77.5933531455239,13.0623302390059]}},{"type":"Feature","id":"kml_n_77.5933911405409_13.0820014853523","properties":{"id":"kml_n_77.5933911405409_13.0820014853523","degree":3,"number":1372,"kind":"junction_candidate"},"geometry":{"type":"Point","coordinates":[77.5933911405409,13.0820014853523]}},{"type":"Feature","id":"kml_n_77.5934098907137_13.0559183790199","properties":{"id":"kml_n_77.5934098907137_13.0559183790199","degree":3,"number":1373,"kind":"junction_candidate"},"geometry":{"type":"Point","coordinates":[77.5934098907137,13.0559183790199]}},{"type":"Feature","id":"kml_n_77.5934313686233_13.0573034550201","properties":{"id":"kml_n_77.5934313686233_13.0573034550201","degree":3,"number":1374,"kind":"junction_candidate"},"geometry":{"type":"Point","coordinates":[77.5934313686233,13.0573034550201]}},{"type":"Feature","id":"kml_n_77.5934619504841_13.0596245713451","properties":{"id":"kml_n_77.5934619504841_13.0596245713451","degree":1,"number":1375,"kind":"endpoint"},"geometry":{"type":"Point","coordinates":[77.5934619504841,13.0596245713451]}},{"type":"Feature","id":"kml_n_77.5934870803925_12.9488026522095","properties":{"id":"kml_n_77.5934870803925_12.9488026522095","degree":3,"number":1376,"kind":"junction_candidate"},"geometry":{"type":"Point","coordinates":[77.5934870803925,12.9488026522095]}},{"type":"Feature","id":"kml_n_77.5935106773454_13.0834263936727","properties":{"id":"kml_n_77.5935106773454_13.0834263936727","degree":1,"number":1377,"kind":"endpoint"},"geometry":{"type":"Point","coordinates":[77.5935106773454,13.0834263936727]}},{"type":"Feature","id":"kml_n_77.5935468109975_12.8710352595682","properties":{"id":"kml_n_77.5935468109975_12.8710352595682","degree":3,"number":1378,"kind":"junction_candidate"},"geometry":{"type":"Point","coordinates":[77.5935468109975,12.8710352595682]}},{"type":"Feature","id":"kml_n_77.593554660096_13.0536693369829","properties":{"id":"kml_n_77.593554660096_13.0536693369829","degree":3,"number":1379,"kind":"junction_candidate"},"geometry":{"type":"Point","coordinates":[77.593554660096,13.0536693369829]}},{"type":"Feature","id":"kml_n_77.5935735309756_12.988888909687","properties":{"id":"kml_n_77.5935735309756_12.988888909687","degree":3,"number":1380,"kind":"junction_candidate"},"geometry":{"type":"Point","coordinates":[77.5935735309756,12.988888909687]}},{"type":"Feature","id":"kml_n_77.5936201784872_13.0848187606705","properties":{"id":"kml_n_77.5936201784872_13.0848187606705","degree":3,"number":1381,"kind":"junction_candidate"},"geometry":{"type":"Point","coordinates":[77.5936201784872,13.0848187606705]}},{"type":"Feature","id":"kml_n_77.5936534776363_12.9417501551042","properties":{"id":"kml_n_77.5936534776363_12.9417501551042","degree":3,"number":1382,"kind":"junction_candidate"},"geometry":{"type":"Point","coordinates":[77.5936534776363,12.9417501551042]}},{"type":"Feature","id":"kml_n_77.5937171513205_12.9886909787942","properties":{"id":"kml_n_77.5937171513205_12.9886909787942","degree":3,"number":1383,"kind":"junction_candidate"},"geometry":{"type":"Point","coordinates":[77.5937171513205,12.9886909787942]}},{"type":"Feature","id":"kml_n_77.5938755118409_13.0295421609609","properties":{"id":"kml_n_77.5938755118409_13.0295421609609","degree":1,"number":1384,"kind":"endpoint"},"geometry":{"type":"Point","coordinates":[77.5938755118409,13.0295421609609]}},{"type":"Feature","id":"kml_n_77.5939893057985_12.9720880205562","properties":{"id":"kml_n_77.5939893057985_12.9720880205562","degree":5,"number":1385,"kind":"junction_candidate"},"geometry":{"type":"Point","coordinates":[77.5939893057985,12.9720880205562]}},{"type":"Feature","id":"kml_n_77.5940057156602_12.8912217086932","properties":{"id":"kml_n_77.5940057156602_12.8912217086932","degree":3,"number":1386,"kind":"junction_candidate"},"geometry":{"type":"Point","coordinates":[77.5940057156602,12.8912217086932]}},{"type":"Feature","id":"kml_n_77.5940068585556_13.0076799053615","properties":{"id":"kml_n_77.5940068585556_13.0076799053615","degree":3,"number":1387,"kind":"junction_candidate"},"geometry":{"type":"Point","coordinates":[77.5940068585556,13.0076799053615]}},{"type":"Feature","id":"kml_n_77.5941761907886_13.0118510427565","properties":{"id":"kml_n_77.5941761907886_13.0118510427565","degree":3,"number":1388,"kind":"junction_candidate"},"geometry":{"type":"Point","coordinates":[77.5941761907886,13.0118510427565]}},{"type":"Feature","id":"kml_n_77.594256327664_12.8731456416444","properties":{"id":"kml_n_77.594256327664_12.8731456416444","degree":3,"number":1389,"kind":"junction_candidate"},"geometry":{"type":"Point","coordinates":[77.594256327664,12.8731456416444]}},{"type":"Feature","id":"kml_n_77.594361056231_13.0950606480386","properties":{"id":"kml_n_77.594361056231_13.0950606480386","degree":3,"number":1390,"kind":"junction_candidate"},"geometry":{"type":"Point","coordinates":[77.594361056231,13.0950606480386]}},{"type":"Feature","id":"kml_n_77.5946046934406_12.9622538586005","properties":{"id":"kml_n_77.5946046934406_12.9622538586005","degree":3,"number":1391,"kind":"junction_candidate"},"geometry":{"type":"Point","coordinates":[77.5946046934406,12.9622538586005]}},{"type":"Feature","id":"kml_n_77.5947028257989_12.9818793297704","properties":{"id":"kml_n_77.5947028257989_12.9818793297704","degree":1,"number":1392,"kind":"endpoint"},"geometry":{"type":"Point","coordinates":[77.5947028257989,12.9818793297704]}},{"type":"Feature","id":"kml_n_77.5947199177344_12.9818334751932","properties":{"id":"kml_n_77.5947199177344_12.9818334751932","degree":1,"number":1393,"kind":"endpoint"},"geometry":{"type":"Point","coordinates":[77.5947199177344,12.9818334751932]}},{"type":"Feature","id":"kml_n_77.5948278637056_12.9819363528917","properties":{"id":"kml_n_77.5948278637056_12.9819363528917","degree":1,"number":1394,"kind":"endpoint"},"geometry":{"type":"Point","coordinates":[77.5948278637056,12.9819363528917]}},{"type":"Feature","id":"kml_n_77.5948369286747_12.9818376769856","properties":{"id":"kml_n_77.5948369286747_12.9818376769856","degree":1,"number":1395,"kind":"endpoint"},"geometry":{"type":"Point","coordinates":[77.5948369286747,12.9818376769856]}},{"type":"Feature","id":"kml_n_77.5948377441594_12.8942227993156","properties":{"id":"kml_n_77.5948377441594_12.8942227993156","degree":1,"number":1396,"kind":"endpoint"},"geometry":{"type":"Point","coordinates":[77.5948377441594,12.8942227993156]}},{"type":"Feature","id":"kml_n_77.5948377441873_12.8942228020256","properties":{"id":"kml_n_77.5948377441873_12.8942228020256","degree":1,"number":1397,"kind":"endpoint"},"geometry":{"type":"Point","coordinates":[77.5948377441873,12.8942228020256]}},{"type":"Feature","id":"kml_n_77.5948969879648_12.9668760583612","properties":{"id":"kml_n_77.5948969879648_12.9668760583612","degree":3,"number":1398,"kind":"junction_candidate"},"geometry":{"type":"Point","coordinates":[77.5948969879648,12.9668760583612]}},{"type":"Feature","id":"kml_n_77.5949594397222_12.9017144577732","properties":{"id":"kml_n_77.5949594397222_12.9017144577732","degree":4,"number":1399,"kind":"junction_candidate"},"geometry":{"type":"Point","coordinates":[77.5949594397222,12.9017144577732]}},{"type":"Feature","id":"kml_n_77.5949754104326_12.9999500342865","properties":{"id":"kml_n_77.5949754104326_12.9999500342865","degree":3,"number":1400,"kind":"junction_candidate"},"geometry":{"type":"Point","coordinates":[77.5949754104326,12.9999500342865]}},{"type":"Feature","id":"kml_n_77.5950202212547_12.9624368993445","properties":{"id":"kml_n_77.5950202212547_12.9624368993445","degree":3,"number":1401,"kind":"junction_candidate"},"geometry":{"type":"Point","coordinates":[77.5950202212547,12.9624368993445]}},{"type":"Feature","id":"kml_n_77.595021097611_12.9062865053684","properties":{"id":"kml_n_77.595021097611_12.9062865053684","degree":4,"number":1402,"kind":"junction_candidate"},"geometry":{"type":"Point","coordinates":[77.595021097611,12.9062865053684]}},{"type":"Feature","id":"kml_n_77.5950469719468_12.8943994244302","properties":{"id":"kml_n_77.5950469719468_12.8943994244302","degree":1,"number":1403,"kind":"endpoint"},"geometry":{"type":"Point","coordinates":[77.5950469719468,12.8943994244302]}},{"type":"Feature","id":"kml_n_77.5950469719748_12.8943994271403","properties":{"id":"kml_n_77.5950469719748_12.8943994271403","degree":1,"number":1404,"kind":"endpoint"},"geometry":{"type":"Point","coordinates":[77.5950469719748,12.8943994271403]}},{"type":"Feature","id":"kml_n_77.5950528649834_12.9168100519854","properties":{"id":"kml_n_77.5950528649834_12.9168100519854","degree":4,"number":1405,"kind":"junction_candidate"},"geometry":{"type":"Point","coordinates":[77.5950528649834,12.9168100519854]}},{"type":"Feature","id":"kml_n_77.5951552485211_12.920524004472","properties":{"id":"kml_n_77.5951552485211_12.920524004472","degree":3,"number":1406,"kind":"junction_candidate"},"geometry":{"type":"Point","coordinates":[77.5951552485211,12.920524004472]}},{"type":"Feature","id":"kml_n_77.5951562182205_12.8768903240186","properties":{"id":"kml_n_77.5951562182205_12.8768903240186","degree":3,"number":1407,"kind":"junction_candidate"},"geometry":{"type":"Point","coordinates":[77.5951562182205,12.8768903240186]}},{"type":"Feature","id":"kml_n_77.5951809774529_12.9102497834472","properties":{"id":"kml_n_77.5951809774529_12.9102497834472","degree":4,"number":1408,"kind":"junction_candidate"},"geometry":{"type":"Point","coordinates":[77.5951809774529,12.9102497834472]}},{"type":"Feature","id":"kml_n_77.5952233103647_13.0870158333235","properties":{"id":"kml_n_77.5952233103647_13.0870158333235","degree":1,"number":1409,"kind":"endpoint"},"geometry":{"type":"Point","coordinates":[77.5952233103647,13.0870158333235]}},{"type":"Feature","id":"kml_n_77.5952233121794_13.087015830595","properties":{"id":"kml_n_77.5952233121794_13.087015830595","degree":1,"number":1410,"kind":"endpoint"},"geometry":{"type":"Point","coordinates":[77.5952233121794,13.087015830595]}},{"type":"Feature","id":"kml_n_77.5953852855543_12.9284442009717","properties":{"id":"kml_n_77.5953852855543_12.9284442009717","degree":3,"number":1411,"kind":"junction_candidate"},"geometry":{"type":"Point","coordinates":[77.5953852855543,12.9284442009717]}},{"type":"Feature","id":"kml_n_77.5954801378578_13.0731197893836","properties":{"id":"kml_n_77.5954801378578_13.0731197893836","degree":3,"number":1412,"kind":"junction_candidate"},"geometry":{"type":"Point","coordinates":[77.5954801378578,13.0731197893836]}},{"type":"Feature","id":"kml_n_77.5955531234458_12.9459187999776","properties":{"id":"kml_n_77.5955531234458_12.9459187999776","degree":4,"number":1413,"kind":"junction_candidate"},"geometry":{"type":"Point","coordinates":[77.5955531234458,12.9459187999776]}},{"type":"Feature","id":"kml_n_77.5957677026333_13.1737119614154","properties":{"id":"kml_n_77.5957677026333_13.1737119614154","degree":1,"number":1414,"kind":"endpoint"},"geometry":{"type":"Point","coordinates":[77.5957677026333,13.1737119614154]}},{"type":"Feature","id":"kml_n_77.5958071895514_12.9935613648311","properties":{"id":"kml_n_77.5958071895514_12.9935613648311","degree":4,"number":1415,"kind":"junction_candidate"},"geometry":{"type":"Point","coordinates":[77.5958071895514,12.9935613648311]}},{"type":"Feature","id":"kml_n_77.5958570187023_12.9831894527045","properties":{"id":"kml_n_77.5958570187023_12.9831894527045","degree":4,"number":1416,"kind":"junction_candidate"},"geometry":{"type":"Point","coordinates":[77.5958570187023,12.9831894527045]}},{"type":"Feature","id":"kml_n_77.5959798110544_12.8816363331403","properties":{"id":"kml_n_77.5959798110544_12.8816363331403","degree":3,"number":1417,"kind":"junction_candidate"},"geometry":{"type":"Point","coordinates":[77.5959798110544,12.8816363331403]}},{"type":"Feature","id":"kml_n_77.5963054635324_12.9941391180186","properties":{"id":"kml_n_77.5963054635324_12.9941391180186","degree":1,"number":1418,"kind":"endpoint"},"geometry":{"type":"Point","coordinates":[77.5963054635324,12.9941391180186]}},{"type":"Feature","id":"kml_n_77.5963373323688_12.994175086629","properties":{"id":"kml_n_77.5963373323688_12.994175086629","degree":4,"number":1419,"kind":"junction_candidate"},"geometry":{"type":"Point","coordinates":[77.5963373323688,12.994175086629]}},{"type":"Feature","id":"kml_n_77.5965151906418_12.9453023679433","properties":{"id":"kml_n_77.5965151906418_12.9453023679433","degree":3,"number":1420,"kind":"junction_candidate"},"geometry":{"type":"Point","coordinates":[77.5965151906418,12.9453023679433]}},{"type":"Feature","id":"kml_n_77.5965174588841_13.1267861157103","properties":{"id":"kml_n_77.5965174588841_13.1267861157103","degree":3,"number":1421,"kind":"junction_candidate"},"geometry":{"type":"Point","coordinates":[77.5965174588841,13.1267861157103]}},{"type":"Feature","id":"kml_n_77.5966852863058_12.9947487728904","properties":{"id":"kml_n_77.5966852863058_12.9947487728904","degree":3,"number":1422,"kind":"junction_candidate"},"geometry":{"type":"Point","coordinates":[77.5966852863058,12.9947487728904]}},{"type":"Feature","id":"kml_n_77.596847005014_13.0914831939362","properties":{"id":"kml_n_77.596847005014_13.0914831939362","degree":1,"number":1423,"kind":"endpoint"},"geometry":{"type":"Point","coordinates":[77.596847005014,13.0914831939362]}},{"type":"Feature","id":"kml_n_77.5968634524431_12.9649483174999","properties":{"id":"kml_n_77.5968634524431_12.9649483174999","degree":4,"number":1424,"kind":"junction_candidate"},"geometry":{"type":"Point","coordinates":[77.5968634524431,12.9649483174999]}},{"type":"Feature","id":"kml_n_77.5968925878887_12.8871176310008","properties":{"id":"kml_n_77.5968925878887_12.8871176310008","degree":3,"number":1425,"kind":"junction_candidate"},"geometry":{"type":"Point","coordinates":[77.5968925878887,12.8871176310008]}},{"type":"Feature","id":"kml_n_77.5969868198411_13.0920545943317","properties":{"id":"kml_n_77.5969868198411_13.0920545943317","degree":1,"number":1426,"kind":"endpoint"},"geometry":{"type":"Point","coordinates":[77.5969868198411,13.0920545943317]}},{"type":"Feature","id":"kml_n_77.5969947101708_12.8875011846655","properties":{"id":"kml_n_77.5969947101708_12.8875011846655","degree":3,"number":1427,"kind":"junction_candidate"},"geometry":{"type":"Point","coordinates":[77.5969947101708,12.8875011846655]}},{"type":"Feature","id":"kml_n_77.5971917157016_12.9826739668615","properties":{"id":"kml_n_77.5971917157016_12.9826739668615","degree":4,"number":1428,"kind":"junction_candidate"},"geometry":{"type":"Point","coordinates":[77.5971917157016,12.9826739668615]}},{"type":"Feature","id":"kml_n_77.5972342174151_12.9843955984288","properties":{"id":"kml_n_77.5972342174151_12.9843955984288","degree":5,"number":1429,"kind":"junction_candidate"},"geometry":{"type":"Point","coordinates":[77.5972342174151,12.9843955984288]}},{"type":"Feature","id":"kml_n_77.5974535926091_12.9808635486285","properties":{"id":"kml_n_77.5974535926091_12.9808635486285","degree":4,"number":1430,"kind":"junction_candidate"},"geometry":{"type":"Point","coordinates":[77.5974535926091,12.9808635486285]}},{"type":"Feature","id":"kml_n_77.597460465428_12.9914206606671","properties":{"id":"kml_n_77.597460465428_12.9914206606671","degree":3,"number":1431,"kind":"junction_candidate"},"geometry":{"type":"Point","coordinates":[77.597460465428,12.9914206606671]}},{"type":"Feature","id":"kml_n_77.5975046577304_13.0500061799215","properties":{"id":"kml_n_77.5975046577304_13.0500061799215","degree":3,"number":1432,"kind":"junction_candidate"},"geometry":{"type":"Point","coordinates":[77.5975046577304,13.0500061799215]}},{"type":"Feature","id":"kml_n_77.5976537809779_13.055773262443","properties":{"id":"kml_n_77.5976537809779_13.055773262443","degree":1,"number":1433,"kind":"endpoint"},"geometry":{"type":"Point","coordinates":[77.5976537809779,13.055773262443]}},{"type":"Feature","id":"kml_n_77.597783283257_12.9490038879849","properties":{"id":"kml_n_77.597783283257_12.9490038879849","degree":1,"number":1434,"kind":"endpoint"},"geometry":{"type":"Point","coordinates":[77.597783283257,12.9490038879849]}},{"type":"Feature","id":"kml_n_77.5978011154391_12.9489884638176","properties":{"id":"kml_n_77.5978011154391_12.9489884638176","degree":3,"number":1435,"kind":"junction_candidate"},"geometry":{"type":"Point","coordinates":[77.5978011154391,12.9489884638176]}},{"type":"Feature","id":"kml_n_77.5978538325117_12.9839532485275","properties":{"id":"kml_n_77.5978538325117_12.9839532485275","degree":3,"number":1436,"kind":"junction_candidate"},"geometry":{"type":"Point","coordinates":[77.5978538325117,12.9839532485275]}},{"type":"Feature","id":"kml_n_77.5979824797147_13.0558129238369","properties":{"id":"kml_n_77.5979824797147_13.0558129238369","degree":3,"number":1437,"kind":"junction_candidate"},"geometry":{"type":"Point","coordinates":[77.5979824797147,13.0558129238369]}},{"type":"Feature","id":"kml_n_77.5981026884788_12.8905686401729","properties":{"id":"kml_n_77.5981026884788_12.8905686401729","degree":3,"number":1438,"kind":"junction_candidate"},"geometry":{"type":"Point","coordinates":[77.5981026884788,12.8905686401729]}},{"type":"Feature","id":"kml_n_77.5981127864782_12.8905941107575","properties":{"id":"kml_n_77.5981127864782_12.8905941107575","degree":3,"number":1439,"kind":"junction_candidate"},"geometry":{"type":"Point","coordinates":[77.5981127864782,12.8905941107575]}},{"type":"Feature","id":"kml_n_77.5982903368209_12.8654264364277","properties":{"id":"kml_n_77.5982903368209_12.8654264364277","degree":3,"number":1440,"kind":"junction_candidate"},"geometry":{"type":"Point","coordinates":[77.5982903368209,12.8654264364277]}},{"type":"Feature","id":"kml_n_77.5984181860203_12.9805728072281","properties":{"id":"kml_n_77.5984181860203_12.9805728072281","degree":3,"number":1441,"kind":"junction_candidate"},"geometry":{"type":"Point","coordinates":[77.5984181860203,12.9805728072281]}},{"type":"Feature","id":"kml_n_77.5985078184109_12.9928385450884","properties":{"id":"kml_n_77.5985078184109_12.9928385450884","degree":3,"number":1442,"kind":"junction_candidate"},"geometry":{"type":"Point","coordinates":[77.5985078184109,12.9928385450884]}},{"type":"Feature","id":"kml_n_77.5985315568154_13.1483516912492","properties":{"id":"kml_n_77.5985315568154_13.1483516912492","degree":3,"number":1443,"kind":"junction_candidate"},"geometry":{"type":"Point","coordinates":[77.5985315568154,13.1483516912492]}},{"type":"Feature","id":"kml_n_77.5985427819195_12.9840774533403","properties":{"id":"kml_n_77.5985427819195_12.9840774533403","degree":3,"number":1444,"kind":"junction_candidate"},"geometry":{"type":"Point","coordinates":[77.5985427819195,12.9840774533403]}},{"type":"Feature","id":"kml_n_77.5985573562933_12.9617413685795","properties":{"id":"kml_n_77.5985573562933_12.9617413685795","degree":3,"number":1445,"kind":"junction_candidate"},"geometry":{"type":"Point","coordinates":[77.5985573562933,12.9617413685795]}},{"type":"Feature","id":"kml_n_77.5986597647107_12.9499026294691","properties":{"id":"kml_n_77.5986597647107_12.9499026294691","degree":3,"number":1446,"kind":"junction_candidate"},"geometry":{"type":"Point","coordinates":[77.5986597647107,12.9499026294691]}},{"type":"Feature","id":"kml_n_77.5986680969373_12.9482365471094","properties":{"id":"kml_n_77.5986680969373_12.9482365471094","degree":3,"number":1447,"kind":"junction_candidate"},"geometry":{"type":"Point","coordinates":[77.5986680969373,12.9482365471094]}},{"type":"Feature","id":"kml_n_77.5987896879628_13.0020164982699","properties":{"id":"kml_n_77.5987896879628_13.0020164982699","degree":3,"number":1448,"kind":"junction_candidate"},"geometry":{"type":"Point","coordinates":[77.5987896879628,13.0020164982699]}},{"type":"Feature","id":"kml_n_77.5988128850081_13.0589798652003","properties":{"id":"kml_n_77.5988128850081_13.0589798652003","degree":3,"number":1449,"kind":"junction_candidate"},"geometry":{"type":"Point","coordinates":[77.5988128850081,13.0589798652003]}},{"type":"Feature","id":"kml_n_77.5988323478499_13.0239706966628","properties":{"id":"kml_n_77.5988323478499_13.0239706966628","degree":3,"number":1450,"kind":"junction_candidate"},"geometry":{"type":"Point","coordinates":[77.5988323478499,13.0239706966628]}},{"type":"Feature","id":"kml_n_77.5988820111695_12.9821118600802","properties":{"id":"kml_n_77.5988820111695_12.9821118600802","degree":4,"number":1451,"kind":"junction_candidate"},"geometry":{"type":"Point","coordinates":[77.5988820111695,12.9821118600802]}},{"type":"Feature","id":"kml_n_77.5988821111015_13.0978418257346","properties":{"id":"kml_n_77.5988821111015_13.0978418257346","degree":3,"number":1452,"kind":"junction_candidate"},"geometry":{"type":"Point","coordinates":[77.5988821111015,13.0978418257346]}},{"type":"Feature","id":"kml_n_77.5988953995875_12.8927648179058","properties":{"id":"kml_n_77.5988953995875_12.8927648179058","degree":3,"number":1453,"kind":"junction_candidate"},"geometry":{"type":"Point","coordinates":[77.5988953995875,12.8927648179058]}},{"type":"Feature","id":"kml_n_77.5989796808771_13.0553854553127","properties":{"id":"kml_n_77.5989796808771_13.0553854553127","degree":3,"number":1454,"kind":"junction_candidate"},"geometry":{"type":"Point","coordinates":[77.5989796808771,13.0553854553127]}},{"type":"Feature","id":"kml_n_77.5990017699558_13.0552648967816","properties":{"id":"kml_n_77.5990017699558_13.0552648967816","degree":1,"number":1455,"kind":"endpoint"},"geometry":{"type":"Point","coordinates":[77.5990017699558,13.0552648967816]}},{"type":"Feature","id":"kml_n_77.5992833544124_12.8577716045271","properties":{"id":"kml_n_77.5992833544124_12.8577716045271","degree":3,"number":1456,"kind":"junction_candidate"},"geometry":{"type":"Point","coordinates":[77.5992833544124,12.8577716045271]}},{"type":"Feature","id":"kml_n_77.5993027471849_12.9766557770715","properties":{"id":"kml_n_77.5993027471849_12.9766557770715","degree":3,"number":1457,"kind":"junction_candidate"},"geometry":{"type":"Point","coordinates":[77.5993027471849,12.9766557770715]}},{"type":"Feature","id":"kml_n_77.5993635264577_13.0589280266191","properties":{"id":"kml_n_77.5993635264577_13.0589280266191","degree":3,"number":1458,"kind":"junction_candidate"},"geometry":{"type":"Point","coordinates":[77.5993635264577,13.0589280266191]}},{"type":"Feature","id":"kml_n_77.5994382422772_13.058917819952","properties":{"id":"kml_n_77.5994382422772_13.058917819952","degree":3,"number":1459,"kind":"junction_candidate"},"geometry":{"type":"Point","coordinates":[77.5994382422772,13.058917819952]}},{"type":"Feature","id":"kml_n_77.5994569850954_13.0589982315538","properties":{"id":"kml_n_77.5994569850954_13.0589982315538","degree":1,"number":1460,"kind":"endpoint"},"geometry":{"type":"Point","coordinates":[77.5994569850954,13.0589982315538]}},{"type":"Feature","id":"kml_n_77.5994648828506_12.8553926348992","properties":{"id":"kml_n_77.5994648828506_12.8553926348992","degree":3,"number":1461,"kind":"junction_candidate"},"geometry":{"type":"Point","coordinates":[77.5994648828506,12.8553926348992]}},{"type":"Feature","id":"kml_n_77.5994734558906_13.0011028354824","properties":{"id":"kml_n_77.5994734558906_13.0011028354824","degree":3,"number":1462,"kind":"junction_candidate"},"geometry":{"type":"Point","coordinates":[77.5994734558906,13.0011028354824]}},{"type":"Feature","id":"kml_n_77.5995104997922_12.9491326578451","properties":{"id":"kml_n_77.5995104997922_12.9491326578451","degree":3,"number":1463,"kind":"junction_candidate"},"geometry":{"type":"Point","coordinates":[77.5995104997922,12.9491326578451]}},{"type":"Feature","id":"kml_n_77.5995905410536_12.990496723772","properties":{"id":"kml_n_77.5995905410536_12.990496723772","degree":5,"number":1464,"kind":"junction_candidate"},"geometry":{"type":"Point","coordinates":[77.5995905410536,12.990496723772]}},{"type":"Feature","id":"kml_n_77.5997409449217_12.9843115074543","properties":{"id":"kml_n_77.5997409449217_12.9843115074543","degree":3,"number":1465,"kind":"junction_candidate"},"geometry":{"type":"Point","coordinates":[77.5997409449217,12.9843115074543]}},{"type":"Feature","id":"kml_n_77.5998143425399_12.8539050744599","properties":{"id":"kml_n_77.5998143425399_12.8539050744599","degree":1,"number":1466,"kind":"endpoint"},"geometry":{"type":"Point","coordinates":[77.5998143425399,12.8539050744599]}},{"type":"Feature","id":"kml_n_77.5998548756441_12.9997535944054","properties":{"id":"kml_n_77.5998548756441_12.9997535944054","degree":3,"number":1467,"kind":"junction_candidate"},"geometry":{"type":"Point","coordinates":[77.5998548756441,12.9997535944054]}},{"type":"Feature","id":"kml_n_77.5998787324384_12.9167180191614","properties":{"id":"kml_n_77.5998787324384_12.9167180191614","degree":4,"number":1468,"kind":"junction_candidate"},"geometry":{"type":"Point","coordinates":[77.5998787324384,12.9167180191614]}},{"type":"Feature","id":"kml_n_77.5999889922796_12.9106167396675","properties":{"id":"kml_n_77.5999889922796_12.9106167396675","degree":3,"number":1469,"kind":"junction_candidate"},"geometry":{"type":"Point","coordinates":[77.5999889922796,12.9106167396675]}},{"type":"Feature","id":"kml_n_77.5999962220873_13.0046386966159","properties":{"id":"kml_n_77.5999962220873_13.0046386966159","degree":3,"number":1470,"kind":"junction_candidate"},"geometry":{"type":"Point","coordinates":[77.5999962220873,13.0046386966159]}},{"type":"Feature","id":"kml_n_77.600013004331_12.9918600982904","properties":{"id":"kml_n_77.600013004331_12.9918600982904","degree":3,"number":1471,"kind":"junction_candidate"},"geometry":{"type":"Point","coordinates":[77.600013004331,12.9918600982904]}},{"type":"Feature","id":"kml_n_77.6000365535131_13.1579426629018","properties":{"id":"kml_n_77.6000365535131_13.1579426629018","degree":1,"number":1472,"kind":"endpoint"},"geometry":{"type":"Point","coordinates":[77.6000365535131,13.1579426629018]}},{"type":"Feature","id":"kml_n_77.6000884918229_12.9205397674749","properties":{"id":"kml_n_77.6000884918229_12.9205397674749","degree":3,"number":1473,"kind":"junction_candidate"},"geometry":{"type":"Point","coordinates":[77.6000884918229,12.9205397674749]}},{"type":"Feature","id":"kml_n_77.6001294705595_12.9922588716184","properties":{"id":"kml_n_77.6001294705595_12.9922588716184","degree":3,"number":1474,"kind":"junction_candidate"},"geometry":{"type":"Point","coordinates":[77.6001294705595,12.9922588716184]}},{"type":"Feature","id":"kml_n_77.6001493959105_12.9991724494792","properties":{"id":"kml_n_77.6001493959105_12.9991724494792","degree":3,"number":1475,"kind":"junction_candidate"},"geometry":{"type":"Point","coordinates":[77.6001493959105,12.9991724494792]}},{"type":"Feature","id":"kml_n_77.6001790850908_13.1036859865935","properties":{"id":"kml_n_77.6001790850908_13.1036859865935","degree":3,"number":1476,"kind":"junction_candidate"},"geometry":{"type":"Point","coordinates":[77.6001790850908,13.1036859865935]}},{"type":"Feature","id":"kml_n_77.6002222223781_13.103770720603","properties":{"id":"kml_n_77.6002222223781_13.103770720603","degree":3,"number":1477,"kind":"junction_candidate"},"geometry":{"type":"Point","coordinates":[77.6002222223781,13.103770720603]}},{"type":"Feature","id":"kml_n_77.600239725898_13.0045991924479","properties":{"id":"kml_n_77.600239725898_13.0045991924479","degree":3,"number":1478,"kind":"junction_candidate"},"geometry":{"type":"Point","coordinates":[77.600239725898,13.0045991924479]}},{"type":"Feature","id":"kml_n_77.6002553900655_13.1578128829974","properties":{"id":"kml_n_77.6002553900655_13.1578128829974","degree":3,"number":1479,"kind":"junction_candidate"},"geometry":{"type":"Point","coordinates":[77.6002553900655,13.1578128829974]}},{"type":"Feature","id":"kml_n_77.600300778014_12.9242367396161","properties":{"id":"kml_n_77.600300778014_12.9242367396161","degree":1,"number":1480,"kind":"endpoint"},"geometry":{"type":"Point","coordinates":[77.600300778014,12.9242367396161]}},{"type":"Feature","id":"kml_n_77.6003608139185_12.9679820915023","properties":{"id":"kml_n_77.6003608139185_12.9679820915023","degree":4,"number":1481,"kind":"junction_candidate"},"geometry":{"type":"Point","coordinates":[77.6003608139185,12.9679820915023]}},{"type":"Feature","id":"kml_n_77.6005002822699_12.9283815079693","properties":{"id":"kml_n_77.6005002822699_12.9283815079693","degree":3,"number":1482,"kind":"junction_candidate"},"geometry":{"type":"Point","coordinates":[77.6005002822699,12.9283815079693]}},{"type":"Feature","id":"kml_n_77.6005209153401_12.9072974003827","properties":{"id":"kml_n_77.6005209153401_12.9072974003827","degree":3,"number":1483,"kind":"junction_candidate"},"geometry":{"type":"Point","coordinates":[77.6005209153401,12.9072974003827]}},{"type":"Feature","id":"kml_n_77.6005905123401_13.0701900057675","properties":{"id":"kml_n_77.6005905123401_13.0701900057675","degree":1,"number":1484,"kind":"endpoint"},"geometry":{"type":"Point","coordinates":[77.6005905123401,13.0701900057675]}},{"type":"Feature","id":"kml_n_77.6006387160028_13.1044381787166","properties":{"id":"kml_n_77.6006387160028_13.1044381787166","degree":1,"number":1485,"kind":"endpoint"},"geometry":{"type":"Point","coordinates":[77.6006387160028,13.1044381787166]}},{"type":"Feature","id":"kml_n_77.6006619960323_12.9312197341455","properties":{"id":"kml_n_77.6006619960323_12.9312197341455","degree":3,"number":1486,"kind":"junction_candidate"},"geometry":{"type":"Point","coordinates":[77.6006619960323,12.9312197341455]}},{"type":"Feature","id":"kml_n_77.6007701829216_12.9703289128044","properties":{"id":"kml_n_77.6007701829216_12.9703289128044","degree":3,"number":1487,"kind":"junction_candidate"},"geometry":{"type":"Point","coordinates":[77.6007701829216,12.9703289128044]}},{"type":"Feature","id":"kml_n_77.6008366323_12.8999029027392","properties":{"id":"kml_n_77.6008366323_12.8999029027392","degree":3,"number":1488,"kind":"junction_candidate"},"geometry":{"type":"Point","coordinates":[77.6008366323,12.8999029027392]}},{"type":"Feature","id":"kml_n_77.600853762733_13.0657220931642","properties":{"id":"kml_n_77.600853762733_13.0657220931642","degree":3,"number":1489,"kind":"junction_candidate"},"geometry":{"type":"Point","coordinates":[77.600853762733,13.0657220931642]}},{"type":"Feature","id":"kml_n_77.6008847247046_13.0436729716476","properties":{"id":"kml_n_77.6008847247046_13.0436729716476","degree":3,"number":1490,"kind":"junction_candidate"},"geometry":{"type":"Point","coordinates":[77.6008847247046,13.0436729716476]}},{"type":"Feature","id":"kml_n_77.6008991581277_13.064848519945","properties":{"id":"kml_n_77.6008991581277_13.064848519945","degree":3,"number":1491,"kind":"junction_candidate"},"geometry":{"type":"Point","coordinates":[77.6008991581277,13.064848519945]}},{"type":"Feature","id":"kml_n_77.6009232587488_13.0229845756277","properties":{"id":"kml_n_77.6009232587488_13.0229845756277","degree":3,"number":1492,"kind":"junction_candidate"},"geometry":{"type":"Point","coordinates":[77.6009232587488,13.0229845756277]}},{"type":"Feature","id":"kml_n_77.6010724883799_12.9653791636222","properties":{"id":"kml_n_77.6010724883799_12.9653791636222","degree":3,"number":1493,"kind":"junction_candidate"},"geometry":{"type":"Point","coordinates":[77.6010724883799,12.9653791636222]}},{"type":"Feature","id":"kml_n_77.6010742755302_12.9829222429322","properties":{"id":"kml_n_77.6010742755302_12.9829222429322","degree":3,"number":1494,"kind":"junction_candidate"},"geometry":{"type":"Point","coordinates":[77.6010742755302,12.9829222429322]}},{"type":"Feature","id":"kml_n_77.601104905315_12.9837818622161","properties":{"id":"kml_n_77.601104905315_12.9837818622161","degree":3,"number":1495,"kind":"junction_candidate"},"geometry":{"type":"Point","coordinates":[77.601104905315,12.9837818622161]}},{"type":"Feature","id":"kml_n_77.6011058888273_12.9020779997594","properties":{"id":"kml_n_77.6011058888273_12.9020779997594","degree":3,"number":1496,"kind":"junction_candidate"},"geometry":{"type":"Point","coordinates":[77.6011058888273,12.9020779997594]}},{"type":"Feature","id":"kml_n_77.6011757297825_12.9633272835723","properties":{"id":"kml_n_77.6011757297825_12.9633272835723","degree":3,"number":1497,"kind":"junction_candidate"},"geometry":{"type":"Point","coordinates":[77.6011757297825,12.9633272835723]}},{"type":"Feature","id":"kml_n_77.601216663069_13.0729063590207","properties":{"id":"kml_n_77.601216663069_13.0729063590207","degree":4,"number":1498,"kind":"junction_candidate"},"geometry":{"type":"Point","coordinates":[77.601216663069,13.0729063590207]}},{"type":"Feature","id":"kml_n_77.6012423252896_13.0496190931854","properties":{"id":"kml_n_77.6012423252896_13.0496190931854","degree":3,"number":1499,"kind":"junction_candidate"},"geometry":{"type":"Point","coordinates":[77.6012423252896,13.0496190931854]}},{"type":"Feature","id":"kml_n_77.6012428689485_12.9900512600088","properties":{"id":"kml_n_77.6012428689485_12.9900512600088","degree":3,"number":1500,"kind":"junction_candidate"},"geometry":{"type":"Point","coordinates":[77.6012428689485,12.9900512600088]}},{"type":"Feature","id":"kml_n_77.6013824266782_12.9559019178321","properties":{"id":"kml_n_77.6013824266782_12.9559019178321","degree":3,"number":1501,"kind":"junction_candidate"},"geometry":{"type":"Point","coordinates":[77.6013824266782,12.9559019178321]}},{"type":"Feature","id":"kml_n_77.6014358920421_12.9033767887686","properties":{"id":"kml_n_77.6014358920421_12.9033767887686","degree":3,"number":1502,"kind":"junction_candidate"},"geometry":{"type":"Point","coordinates":[77.6014358920421,12.9033767887686]}},{"type":"Feature","id":"kml_n_77.6015121942781_12.9654464613447","properties":{"id":"kml_n_77.6015121942781_12.9654464613447","degree":3,"number":1503,"kind":"junction_candidate"},"geometry":{"type":"Point","coordinates":[77.6015121942781,12.9654464613447]}},{"type":"Feature","id":"kml_n_77.6015734408735_12.9601474065893","properties":{"id":"kml_n_77.6015734408735_12.9601474065893","degree":3,"number":1504,"kind":"junction_candidate"},"geometry":{"type":"Point","coordinates":[77.6015734408735,12.9601474065893]}},{"type":"Feature","id":"kml_n_77.6015741309148_12.9059889116515","properties":{"id":"kml_n_77.6015741309148_12.9059889116515","degree":3,"number":1505,"kind":"junction_candidate"},"geometry":{"type":"Point","coordinates":[77.6015741309148,12.9059889116515]}},{"type":"Feature","id":"kml_n_77.6016884430016_12.989893544211","properties":{"id":"kml_n_77.6016884430016_12.989893544211","degree":3,"number":1506,"kind":"junction_candidate"},"geometry":{"type":"Point","coordinates":[77.6016884430016,12.989893544211]}},{"type":"Feature","id":"kml_n_77.6016897060713_12.937141575052","properties":{"id":"kml_n_77.6016897060713_12.937141575052","degree":4,"number":1507,"kind":"junction_candidate"},"geometry":{"type":"Point","coordinates":[77.6016897060713,12.937141575052]}},{"type":"Feature","id":"kml_n_77.601724607994_13.0695328382916","properties":{"id":"kml_n_77.601724607994_13.0695328382916","degree":3,"number":1508,"kind":"junction_candidate"},"geometry":{"type":"Point","coordinates":[77.601724607994,13.0695328382916]}},{"type":"Feature","id":"kml_n_77.601745202749_12.9845971455004","properties":{"id":"kml_n_77.601745202749_12.9845971455004","degree":4,"number":1509,"kind":"junction_candidate"},"geometry":{"type":"Point","coordinates":[77.601745202749,12.9845971455004]}},{"type":"Feature","id":"kml_n_77.6018093018373_13.0759914709615","properties":{"id":"kml_n_77.6018093018373_13.0759914709615","degree":1,"number":1510,"kind":"endpoint"},"geometry":{"type":"Point","coordinates":[77.6018093018373,13.0759914709615]}},{"type":"Feature","id":"kml_n_77.6018105639435_12.9765690456213","properties":{"id":"kml_n_77.6018105639435_12.9765690456213","degree":4,"number":1511,"kind":"junction_candidate"},"geometry":{"type":"Point","coordinates":[77.6018105639435,12.9765690456213]}},{"type":"Feature","id":"kml_n_77.6019449231673_12.9599206628065","properties":{"id":"kml_n_77.6019449231673_12.9599206628065","degree":3,"number":1512,"kind":"junction_candidate"},"geometry":{"type":"Point","coordinates":[77.6019449231673,12.9599206628065]}},{"type":"Feature","id":"kml_n_77.6019922730695_12.9239509313176","properties":{"id":"kml_n_77.6019922730695_12.9239509313176","degree":3,"number":1513,"kind":"junction_candidate"},"geometry":{"type":"Point","coordinates":[77.6019922730695,12.9239509313176]}},{"type":"Feature","id":"kml_n_77.6019924370813_12.923950849277","properties":{"id":"kml_n_77.6019924370813_12.923950849277","degree":1,"number":1514,"kind":"endpoint"},"geometry":{"type":"Point","coordinates":[77.6019924370813,12.923950849277]}},{"type":"Feature","id":"kml_n_77.6020785136254_12.9954234388522","properties":{"id":"kml_n_77.6020785136254_12.9954234388522","degree":3,"number":1515,"kind":"junction_candidate"},"geometry":{"type":"Point","coordinates":[77.6020785136254,12.9954234388522]}},{"type":"Feature","id":"kml_n_77.6021376641952_12.880455343719","properties":{"id":"kml_n_77.6021376641952_12.880455343719","degree":3,"number":1516,"kind":"junction_candidate"},"geometry":{"type":"Point","coordinates":[77.6021376641952,12.880455343719]}},{"type":"Feature","id":"kml_n_77.6021765941156_13.0076983002575","properties":{"id":"kml_n_77.6021765941156_13.0076983002575","degree":3,"number":1517,"kind":"junction_candidate"},"geometry":{"type":"Point","coordinates":[77.6021765941156,13.0076983002575]}},{"type":"Feature","id":"kml_n_77.6022003467216_12.8804354413907","properties":{"id":"kml_n_77.6022003467216_12.8804354413907","degree":3,"number":1518,"kind":"junction_candidate"},"geometry":{"type":"Point","coordinates":[77.6022003467216,12.8804354413907]}},{"type":"Feature","id":"kml_n_77.6024325710235_13.0220998750816","properties":{"id":"kml_n_77.6024325710235_13.0220998750816","degree":3,"number":1519,"kind":"junction_candidate"},"geometry":{"type":"Point","coordinates":[77.6024325710235,13.0220998750816]}},{"type":"Feature","id":"kml_n_77.6024837659584_12.9792574326938","properties":{"id":"kml_n_77.6024837659584_12.9792574326938","degree":4,"number":1520,"kind":"junction_candidate"},"geometry":{"type":"Point","coordinates":[77.6024837659584,12.9792574326938]}},{"type":"Feature","id":"kml_n_77.6025067882307_12.946070882676","properties":{"id":"kml_n_77.6025067882307_12.946070882676","degree":1,"number":1521,"kind":"endpoint"},"geometry":{"type":"Point","coordinates":[77.6025067882307,12.946070882676]}},{"type":"Feature","id":"kml_n_77.6025080207493_12.9460592694115","properties":{"id":"kml_n_77.6025080207493_12.9460592694115","degree":1,"number":1522,"kind":"endpoint"},"geometry":{"type":"Point","coordinates":[77.6025080207493,12.9460592694115]}},{"type":"Feature","id":"kml_n_77.6026271555329_12.9483485832169","properties":{"id":"kml_n_77.6026271555329_12.9483485832169","degree":3,"number":1523,"kind":"junction_candidate"},"geometry":{"type":"Point","coordinates":[77.6026271555329,12.9483485832169]}},{"type":"Feature","id":"kml_n_77.602818275556_12.9444104406067","properties":{"id":"kml_n_77.602818275556_12.9444104406067","degree":3,"number":1524,"kind":"junction_candidate"},"geometry":{"type":"Point","coordinates":[77.602818275556,12.9444104406067]}},{"type":"Feature","id":"kml_n_77.6029439171535_12.9807403503996","properties":{"id":"kml_n_77.6029439171535_12.9807403503996","degree":4,"number":1525,"kind":"junction_candidate"},"geometry":{"type":"Point","coordinates":[77.6029439171535,12.9807403503996]}},{"type":"Feature","id":"kml_n_77.6029447586591_12.8865752510151","properties":{"id":"kml_n_77.6029447586591_12.8865752510151","degree":3,"number":1526,"kind":"junction_candidate"},"geometry":{"type":"Point","coordinates":[77.6029447586591,12.8865752510151]}},{"type":"Feature","id":"kml_n_77.603084515609_12.8888482539178","properties":{"id":"kml_n_77.603084515609_12.8888482539178","degree":3,"number":1527,"kind":"junction_candidate"},"geometry":{"type":"Point","coordinates":[77.603084515609,12.8888482539178]}},{"type":"Feature","id":"kml_n_77.6031613814553_12.8872642228694","properties":{"id":"kml_n_77.6031613814553_12.8872642228694","degree":3,"number":1528,"kind":"junction_candidate"},"geometry":{"type":"Point","coordinates":[77.6031613814553,12.8872642228694]}},{"type":"Feature","id":"kml_n_77.6033562690565_13.0217468502001","properties":{"id":"kml_n_77.6033562690565_13.0217468502001","degree":3,"number":1529,"kind":"junction_candidate"},"geometry":{"type":"Point","coordinates":[77.6033562690565,13.0217468502001]}},{"type":"Feature","id":"kml_n_77.60339296543_13.0688395045293","properties":{"id":"kml_n_77.60339296543_13.0688395045293","degree":3,"number":1530,"kind":"junction_candidate"},"geometry":{"type":"Point","coordinates":[77.60339296543,13.0688395045293]}},{"type":"Feature","id":"kml_n_77.6034180197264_13.0809837088204","properties":{"id":"kml_n_77.6034180197264_13.0809837088204","degree":1,"number":1531,"kind":"endpoint"},"geometry":{"type":"Point","coordinates":[77.6034180197264,13.0809837088204]}},{"type":"Feature","id":"kml_n_77.603424441487_13.0878616472393","properties":{"id":"kml_n_77.603424441487_13.0878616472393","degree":1,"number":1532,"kind":"endpoint"},"geometry":{"type":"Point","coordinates":[77.603424441487,13.0878616472393]}},{"type":"Feature","id":"kml_n_77.6034313122284_12.9505137545985","properties":{"id":"kml_n_77.6034313122284_12.9505137545985","degree":3,"number":1533,"kind":"junction_candidate"},"geometry":{"type":"Point","coordinates":[77.6034313122284,12.9505137545985]}},{"type":"Feature","id":"kml_n_77.6034449313274_12.9821773927141","properties":{"id":"kml_n_77.6034449313274_12.9821773927141","degree":4,"number":1534,"kind":"junction_candidate"},"geometry":{"type":"Point","coordinates":[77.6034449313274,12.9821773927141]}},{"type":"Feature","id":"kml_n_77.6036156829506_13.0030834230337","properties":{"id":"kml_n_77.6036156829506_13.0030834230337","degree":3,"number":1535,"kind":"junction_candidate"},"geometry":{"type":"Point","coordinates":[77.6036156829506,13.0030834230337]}},{"type":"Feature","id":"kml_n_77.6036343175797_12.984114241971","properties":{"id":"kml_n_77.6036343175797_12.984114241971","degree":3,"number":1536,"kind":"junction_candidate"},"geometry":{"type":"Point","coordinates":[77.6036343175797,12.984114241971]}},{"type":"Feature","id":"kml_n_77.6036938677486_13.0492805733411","properties":{"id":"kml_n_77.6036938677486_13.0492805733411","degree":3,"number":1537,"kind":"junction_candidate"},"geometry":{"type":"Point","coordinates":[77.6036938677486,13.0492805733411]}},{"type":"Feature","id":"kml_n_77.6040309242763_13.072570317164","properties":{"id":"kml_n_77.6040309242763_13.072570317164","degree":3,"number":1538,"kind":"junction_candidate"},"geometry":{"type":"Point","coordinates":[77.6040309242763,13.072570317164]}},{"type":"Feature","id":"kml_n_77.6040545878128_13.0843888912435","properties":{"id":"kml_n_77.6040545878128_13.0843888912435","degree":1,"number":1539,"kind":"endpoint"},"geometry":{"type":"Point","coordinates":[77.6040545878128,13.0843888912435]}},{"type":"Feature","id":"kml_n_77.6040718689022_13.058176896257","properties":{"id":"kml_n_77.6040718689022_13.058176896257","degree":3,"number":1540,"kind":"junction_candidate"},"geometry":{"type":"Point","coordinates":[77.6040718689022,13.058176896257]}},{"type":"Feature","id":"kml_n_77.6042412942961_13.0684928103371","properties":{"id":"kml_n_77.6042412942961_13.0684928103371","degree":3,"number":1541,"kind":"junction_candidate"},"geometry":{"type":"Point","coordinates":[77.6042412942961,13.0684928103371]}},{"type":"Feature","id":"kml_n_77.6044669029193_12.8916769240885","properties":{"id":"kml_n_77.6044669029193_12.8916769240885","degree":3,"number":1542,"kind":"junction_candidate"},"geometry":{"type":"Point","coordinates":[77.6044669029193,12.8916769240885]}},{"type":"Feature","id":"kml_n_77.6046496451513_13.0348031837279","properties":{"id":"kml_n_77.6046496451513_13.0348031837279","degree":3,"number":1543,"kind":"junction_candidate"},"geometry":{"type":"Point","coordinates":[77.6046496451513,13.0348031837279]}},{"type":"Feature","id":"kml_n_77.6047721060063_13.0843201514349","properties":{"id":"kml_n_77.6047721060063_13.0843201514349","degree":1,"number":1544,"kind":"endpoint"},"geometry":{"type":"Point","coordinates":[77.6047721060063,13.0843201514349]}},{"type":"Feature","id":"kml_n_77.6048086482728_13.0554712430588","properties":{"id":"kml_n_77.6048086482728_13.0554712430588","degree":3,"number":1545,"kind":"junction_candidate"},"geometry":{"type":"Point","coordinates":[77.6048086482728,13.0554712430588]}},{"type":"Feature","id":"kml_n_77.6050726339234_12.9841020906358","properties":{"id":"kml_n_77.6050726339234_12.9841020906358","degree":1,"number":1546,"kind":"endpoint"},"geometry":{"type":"Point","coordinates":[77.6050726339234,12.9841020906358]}},{"type":"Feature","id":"kml_n_77.6051949198899_12.952006875157","properties":{"id":"kml_n_77.6051949198899_12.952006875157","degree":3,"number":1547,"kind":"junction_candidate"},"geometry":{"type":"Point","coordinates":[77.6051949198899,12.952006875157]}},{"type":"Feature","id":"kml_n_77.6052037421971_13.0579741025154","properties":{"id":"kml_n_77.6052037421971_13.0579741025154","degree":3,"number":1548,"kind":"junction_candidate"},"geometry":{"type":"Point","coordinates":[77.6052037421971,13.0579741025154]}},{"type":"Feature","id":"kml_n_77.6052240501098_13.0554768911796","properties":{"id":"kml_n_77.6052240501098_13.0554768911796","degree":3,"number":1549,"kind":"junction_candidate"},"geometry":{"type":"Point","coordinates":[77.6052240501098,13.0554768911796]}},{"type":"Feature","id":"kml_n_77.6052357816728_12.9527261656816","properties":{"id":"kml_n_77.6052357816728_12.9527261656816","degree":3,"number":1550,"kind":"junction_candidate"},"geometry":{"type":"Point","coordinates":[77.6052357816728,12.9527261656816]}},{"type":"Feature","id":"kml_n_77.6052740803332_12.9251715356287","properties":{"id":"kml_n_77.6052740803332_12.9251715356287","degree":1,"number":1551,"kind":"endpoint"},"geometry":{"type":"Point","coordinates":[77.6052740803332,12.9251715356287]}},{"type":"Feature","id":"kml_n_77.605287562775_12.9251486896966","properties":{"id":"kml_n_77.605287562775_12.9251486896966","degree":1,"number":1552,"kind":"endpoint"},"geometry":{"type":"Point","coordinates":[77.605287562775,12.9251486896966]}},{"type":"Feature","id":"kml_n_77.6054636227121_12.9815555129256","properties":{"id":"kml_n_77.6054636227121_12.9815555129256","degree":3,"number":1553,"kind":"junction_candidate"},"geometry":{"type":"Point","coordinates":[77.6054636227121,12.9815555129256]}},{"type":"Feature","id":"kml_n_77.605475616696_12.9548630523569","properties":{"id":"kml_n_77.605475616696_12.9548630523569","degree":3,"number":1554,"kind":"junction_candidate"},"geometry":{"type":"Point","coordinates":[77.605475616696,12.9548630523569]}},{"type":"Feature","id":"kml_n_77.6054993003273_12.9855165252392","properties":{"id":"kml_n_77.6054993003273_12.9855165252392","degree":1,"number":1555,"kind":"endpoint"},"geometry":{"type":"Point","coordinates":[77.6054993003273,12.9855165252392]}},{"type":"Feature","id":"kml_n_77.6055124061892_12.985555868139","properties":{"id":"kml_n_77.6055124061892_12.985555868139","degree":1,"number":1556,"kind":"endpoint"},"geometry":{"type":"Point","coordinates":[77.6055124061892,12.985555868139]}},{"type":"Feature","id":"kml_n_77.6055329180316_12.9166295018724","properties":{"id":"kml_n_77.6055329180316_12.9166295018724","degree":1,"number":1557,"kind":"endpoint"},"geometry":{"type":"Point","coordinates":[77.6055329180316,12.9166295018724]}},{"type":"Feature","id":"kml_n_77.6056892666315_12.9501777688913","properties":{"id":"kml_n_77.6056892666315_12.9501777688913","degree":3,"number":1558,"kind":"junction_candidate"},"geometry":{"type":"Point","coordinates":[77.6056892666315,12.9501777688913]}},{"type":"Feature","id":"kml_n_77.6058321139944_12.9497534550486","properties":{"id":"kml_n_77.6058321139944_12.9497534550486","degree":3,"number":1559,"kind":"junction_candidate"},"geometry":{"type":"Point","coordinates":[77.6058321139944,12.9497534550486]}},{"type":"Feature","id":"kml_n_77.605841349275_12.9941320617021","properties":{"id":"kml_n_77.605841349275_12.9941320617021","degree":3,"number":1560,"kind":"junction_candidate"},"geometry":{"type":"Point","coordinates":[77.605841349275,12.9941320617021]}},{"type":"Feature","id":"kml_n_77.6059063551125_12.9166205227505","properties":{"id":"kml_n_77.6059063551125_12.9166205227505","degree":1,"number":1561,"kind":"endpoint"},"geometry":{"type":"Point","coordinates":[77.6059063551125,12.9166205227505]}},{"type":"Feature","id":"kml_n_77.6060378294828_12.9580177644183","properties":{"id":"kml_n_77.6060378294828_12.9580177644183","degree":3,"number":1562,"kind":"junction_candidate"},"geometry":{"type":"Point","coordinates":[77.6060378294828,12.9580177644183]}},{"type":"Feature","id":"kml_n_77.6060718769394_12.9824356777446","properties":{"id":"kml_n_77.6060718769394_12.9824356777446","degree":3,"number":1563,"kind":"junction_candidate"},"geometry":{"type":"Point","coordinates":[77.6060718769394,12.9824356777446]}},{"type":"Feature","id":"kml_n_77.6061570407116_12.9714895231431","properties":{"id":"kml_n_77.6061570407116_12.9714895231431","degree":3,"number":1564,"kind":"junction_candidate"},"geometry":{"type":"Point","coordinates":[77.6061570407116,12.9714895231431]}},{"type":"Feature","id":"kml_n_77.6063322042595_12.9956417337682","properties":{"id":"kml_n_77.6063322042595_12.9956417337682","degree":3,"number":1565,"kind":"junction_candidate"},"geometry":{"type":"Point","coordinates":[77.6063322042595,12.9956417337682]}},{"type":"Feature","id":"kml_n_77.6064293022698_12.897797061984","properties":{"id":"kml_n_77.6064293022698_12.897797061984","degree":3,"number":1566,"kind":"junction_candidate"},"geometry":{"type":"Point","coordinates":[77.6064293022698,12.897797061984]}},{"type":"Feature","id":"kml_n_77.6064378464024_13.0347478834101","properties":{"id":"kml_n_77.6064378464024_13.0347478834101","degree":3,"number":1567,"kind":"junction_candidate"},"geometry":{"type":"Point","coordinates":[77.6064378464024,13.0347478834101]}},{"type":"Feature","id":"kml_n_77.6065671760807_13.075441621455","properties":{"id":"kml_n_77.6065671760807_13.075441621455","degree":3,"number":1568,"kind":"junction_candidate"},"geometry":{"type":"Point","coordinates":[77.6065671760807,13.075441621455]}},{"type":"Feature","id":"kml_n_77.6066461599695_12.9837285950418","properties":{"id":"kml_n_77.6066461599695_12.9837285950418","degree":3,"number":1569,"kind":"junction_candidate"},"geometry":{"type":"Point","coordinates":[77.6066461599695,12.9837285950418]}},{"type":"Feature","id":"kml_n_77.6066716606589_12.97787992616","properties":{"id":"kml_n_77.6066716606589_12.97787992616","degree":3,"number":1570,"kind":"junction_candidate"},"geometry":{"type":"Point","coordinates":[77.6066716606589,12.97787992616]}},{"type":"Feature","id":"kml_n_77.6067713259336_12.9662447849388","properties":{"id":"kml_n_77.6067713259336_12.9662447849388","degree":3,"number":1571,"kind":"junction_candidate"},"geometry":{"type":"Point","coordinates":[77.6067713259336,12.9662447849388]}},{"type":"Feature","id":"kml_n_77.6067785226854_12.9644092285082","properties":{"id":"kml_n_77.6067785226854_12.9644092285082","degree":3,"number":1572,"kind":"junction_candidate"},"geometry":{"type":"Point","coordinates":[77.6067785226854,12.9644092285082]}},{"type":"Feature","id":"kml_n_77.606795033313_12.9662504612494","properties":{"id":"kml_n_77.606795033313_12.9662504612494","degree":3,"number":1573,"kind":"junction_candidate"},"geometry":{"type":"Point","coordinates":[77.606795033313,12.9662504612494]}},{"type":"Feature","id":"kml_n_77.6068705343892_12.9842085477987","properties":{"id":"kml_n_77.6068705343892_12.9842085477987","degree":3,"number":1574,"kind":"junction_candidate"},"geometry":{"type":"Point","coordinates":[77.6068705343892,12.9842085477987]}},{"type":"Feature","id":"kml_n_77.6069517530446_12.9853708936187","properties":{"id":"kml_n_77.6069517530446_12.9853708936187","degree":4,"number":1575,"kind":"junction_candidate"},"geometry":{"type":"Point","coordinates":[77.6069517530446,12.9853708936187]}},{"type":"Feature","id":"kml_n_77.6069518293738_13.0749543505193","properties":{"id":"kml_n_77.6069518293738_13.0749543505193","degree":1,"number":1576,"kind":"endpoint"},"geometry":{"type":"Point","coordinates":[77.6069518293738,13.0749543505193]}},{"type":"Feature","id":"kml_n_77.6069750868816_12.9793366818651","properties":{"id":"kml_n_77.6069750868816_12.9793366818651","degree":3,"number":1577,"kind":"junction_candidate"},"geometry":{"type":"Point","coordinates":[77.6069750868816,12.9793366818651]}},{"type":"Feature","id":"kml_n_77.6070375993729_12.9714413504051","properties":{"id":"kml_n_77.6070375993729_12.9714413504051","degree":4,"number":1578,"kind":"junction_candidate"},"geometry":{"type":"Point","coordinates":[77.6070375993729,12.9714413504051]}},{"type":"Feature","id":"kml_n_77.6070905280284_12.9719346426504","properties":{"id":"kml_n_77.6070905280284_12.9719346426504","degree":4,"number":1579,"kind":"junction_candidate"},"geometry":{"type":"Point","coordinates":[77.6070905280284,12.9719346426504]}},{"type":"Feature","id":"kml_n_77.6071214625555_12.9791993846329","properties":{"id":"kml_n_77.6071214625555_12.9791993846329","degree":3,"number":1580,"kind":"junction_candidate"},"geometry":{"type":"Point","coordinates":[77.6071214625555,12.9791993846329]}},{"type":"Feature","id":"kml_n_77.6071736885435_12.990326061994","properties":{"id":"kml_n_77.6071736885435_12.990326061994","degree":4,"number":1581,"kind":"junction_candidate"},"geometry":{"type":"Point","coordinates":[77.6071736885435,12.990326061994]}},{"type":"Feature","id":"kml_n_77.6071760079029_12.979381187756","properties":{"id":"kml_n_77.6071760079029_12.979381187756","degree":3,"number":1582,"kind":"junction_candidate"},"geometry":{"type":"Point","coordinates":[77.6071760079029,12.979381187756]}},{"type":"Feature","id":"kml_n_77.6072043992576_12.9963514916177","properties":{"id":"kml_n_77.6072043992576_12.9963514916177","degree":3,"number":1583,"kind":"junction_candidate"},"geometry":{"type":"Point","coordinates":[77.6072043992576,12.9963514916177]}},{"type":"Feature","id":"kml_n_77.6073783087679_13.1530108650592","properties":{"id":"kml_n_77.6073783087679_13.1530108650592","degree":3,"number":1584,"kind":"junction_candidate"},"geometry":{"type":"Point","coordinates":[77.6073783087679,13.1530108650592]}},{"type":"Feature","id":"kml_n_77.6074100994364_13.039487054958","properties":{"id":"kml_n_77.6074100994364_13.039487054958","degree":3,"number":1585,"kind":"junction_candidate"},"geometry":{"type":"Point","coordinates":[77.6074100994364,13.039487054958]}},{"type":"Feature","id":"kml_n_77.6074434889496_12.9935255942531","properties":{"id":"kml_n_77.6074434889496_12.9935255942531","degree":4,"number":1586,"kind":"junction_candidate"},"geometry":{"type":"Point","coordinates":[77.6074434889496,12.9935255942531]}},{"type":"Feature","id":"kml_n_77.6074498787231_13.0394863326033","properties":{"id":"kml_n_77.6074498787231_13.0394863326033","degree":3,"number":1587,"kind":"junction_candidate"},"geometry":{"type":"Point","coordinates":[77.6074498787231,13.0394863326033]}},{"type":"Feature","id":"kml_n_77.6075003261027_13.0212995616512","properties":{"id":"kml_n_77.6075003261027_13.0212995616512","degree":3,"number":1588,"kind":"junction_candidate"},"geometry":{"type":"Point","coordinates":[77.6075003261027,13.0212995616512]}},{"type":"Feature","id":"kml_n_77.607572220057_12.944016924002","properties":{"id":"kml_n_77.607572220057_12.944016924002","degree":4,"number":1589,"kind":"junction_candidate"},"geometry":{"type":"Point","coordinates":[77.607572220057,12.944016924002]}},{"type":"Feature","id":"kml_n_77.6075833463055_13.0724567920399","properties":{"id":"kml_n_77.6075833463055_13.0724567920399","degree":4,"number":1590,"kind":"junction_candidate"},"geometry":{"type":"Point","coordinates":[77.6075833463055,13.0724567920399]}},{"type":"Feature","id":"kml_n_77.6075860859017_12.9808846649405","properties":{"id":"kml_n_77.6075860859017_12.9808846649405","degree":3,"number":1591,"kind":"junction_candidate"},"geometry":{"type":"Point","coordinates":[77.6075860859017,12.9808846649405]}},{"type":"Feature","id":"kml_n_77.6076647633258_12.980721951937","properties":{"id":"kml_n_77.6076647633258_12.980721951937","degree":3,"number":1592,"kind":"junction_candidate"},"geometry":{"type":"Point","coordinates":[77.6076647633258,12.980721951937]}},{"type":"Feature","id":"kml_n_77.607746568824_12.9809390121135","properties":{"id":"kml_n_77.607746568824_12.9809390121135","degree":3,"number":1593,"kind":"junction_candidate"},"geometry":{"type":"Point","coordinates":[77.607746568824,12.9809390121135]}},{"type":"Feature","id":"kml_n_77.6078821505238_12.9358935074594","properties":{"id":"kml_n_77.6078821505238_12.9358935074594","degree":3,"number":1594,"kind":"junction_candidate"},"geometry":{"type":"Point","coordinates":[77.6078821505238,12.9358935074594]}},{"type":"Feature","id":"kml_n_77.6079486914442_12.9814565936741","properties":{"id":"kml_n_77.6079486914442_12.9814565936741","degree":3,"number":1595,"kind":"junction_candidate"},"geometry":{"type":"Point","coordinates":[77.6079486914442,12.9814565936741]}},{"type":"Feature","id":"kml_n_77.6079762869129_13.042093717238","properties":{"id":"kml_n_77.6079762869129_13.042093717238","degree":3,"number":1596,"kind":"junction_candidate"},"geometry":{"type":"Point","coordinates":[77.6079762869129,13.042093717238]}},{"type":"Feature","id":"kml_n_77.6079866992318_12.9751129905126","properties":{"id":"kml_n_77.6079866992318_12.9751129905126","degree":4,"number":1597,"kind":"junction_candidate"},"geometry":{"type":"Point","coordinates":[77.6079866992318,12.9751129905126]}},{"type":"Feature","id":"kml_n_77.6080163261172_13.0226151559051","properties":{"id":"kml_n_77.6080163261172_13.0226151559051","degree":3,"number":1598,"kind":"junction_candidate"},"geometry":{"type":"Point","coordinates":[77.6080163261172,13.0226151559051]}},{"type":"Feature","id":"kml_n_77.6080781716834_12.9816939422881","properties":{"id":"kml_n_77.6080781716834_12.9816939422881","degree":3,"number":1599,"kind":"junction_candidate"},"geometry":{"type":"Point","coordinates":[77.6080781716834,12.9816939422881]}},{"type":"Feature","id":"kml_n_77.6081042776155_13.0671693183663","properties":{"id":"kml_n_77.6081042776155_13.0671693183663","degree":3,"number":1600,"kind":"junction_candidate"},"geometry":{"type":"Point","coordinates":[77.6081042776155,13.0671693183663]}},{"type":"Feature","id":"kml_n_77.6082150695981_13.0434338558841","properties":{"id":"kml_n_77.6082150695981_13.0434338558841","degree":3,"number":1601,"kind":"junction_candidate"},"geometry":{"type":"Point","coordinates":[77.6082150695981,13.0434338558841]}},{"type":"Feature","id":"kml_n_77.6082523789358_13.0049477993986","properties":{"id":"kml_n_77.6082523789358_13.0049477993986","degree":1,"number":1602,"kind":"endpoint"},"geometry":{"type":"Point","coordinates":[77.6082523789358,13.0049477993986]}},{"type":"Feature","id":"kml_n_77.6082527918349_13.0049475495167","properties":{"id":"kml_n_77.6082527918349_13.0049475495167","degree":1,"number":1603,"kind":"endpoint"},"geometry":{"type":"Point","coordinates":[77.6082527918349,13.0049475495167]}},{"type":"Feature","id":"kml_n_77.608269066419_13.1169758564733","properties":{"id":"kml_n_77.608269066419_13.1169758564733","degree":4,"number":1604,"kind":"junction_candidate"},"geometry":{"type":"Point","coordinates":[77.608269066419,13.1169758564733]}},{"type":"Feature","id":"kml_n_77.6083314452653_12.9815773440659","properties":{"id":"kml_n_77.6083314452653_12.9815773440659","degree":3,"number":1605,"kind":"junction_candidate"},"geometry":{"type":"Point","coordinates":[77.6083314452653,12.9815773440659]}},{"type":"Feature","id":"kml_n_77.6084518773239_12.9955502774116","properties":{"id":"kml_n_77.6084518773239_12.9955502774116","degree":4,"number":1606,"kind":"junction_candidate"},"geometry":{"type":"Point","coordinates":[77.6084518773239,12.9955502774116]}},{"type":"Feature","id":"kml_n_77.6084902714136_12.9982643919081","properties":{"id":"kml_n_77.6084902714136_12.9982643919081","degree":3,"number":1607,"kind":"junction_candidate"},"geometry":{"type":"Point","coordinates":[77.6084902714136,12.9982643919081]}},{"type":"Feature","id":"kml_n_77.6085466859452_13.16285031009","properties":{"id":"kml_n_77.6085466859452_13.16285031009","degree":3,"number":1608,"kind":"junction_candidate"},"geometry":{"type":"Point","coordinates":[77.6085466859452,13.16285031009]}},{"type":"Feature","id":"kml_n_77.6086975794891_12.9836822707489","properties":{"id":"kml_n_77.6086975794891_12.9836822707489","degree":1,"number":1609,"kind":"endpoint"},"geometry":{"type":"Point","coordinates":[77.6086975794891,12.9836822707489]}},{"type":"Feature","id":"kml_n_77.6087003701011_12.9836913799714","properties":{"id":"kml_n_77.6087003701011_12.9836913799714","degree":3,"number":1610,"kind":"junction_candidate"},"geometry":{"type":"Point","coordinates":[77.6087003701011,12.9836913799714]}},{"type":"Feature","id":"kml_n_77.6087017997611_13.1612478693636","properties":{"id":"kml_n_77.6087017997611_13.1612478693636","degree":1,"number":1611,"kind":"endpoint"},"geometry":{"type":"Point","coordinates":[77.6087017997611,13.1612478693636]}},{"type":"Feature","id":"kml_n_77.6087295261281_12.9250633712606","properties":{"id":"kml_n_77.6087295261281_12.9250633712606","degree":3,"number":1612,"kind":"junction_candidate"},"geometry":{"type":"Point","coordinates":[77.6087295261281,12.9250633712606]}},{"type":"Feature","id":"kml_n_77.6087377296486_12.966636180233","properties":{"id":"kml_n_77.6087377296486_12.966636180233","degree":3,"number":1613,"kind":"junction_candidate"},"geometry":{"type":"Point","coordinates":[77.6087377296486,12.966636180233]}},{"type":"Feature","id":"kml_n_77.6087606391678_13.1611998437084","properties":{"id":"kml_n_77.6087606391678_13.1611998437084","degree":3,"number":1614,"kind":"junction_candidate"},"geometry":{"type":"Point","coordinates":[77.6087606391678,13.1611998437084]}},{"type":"Feature","id":"kml_n_77.6087626779024_12.9771908768809","properties":{"id":"kml_n_77.6087626779024_12.9771908768809","degree":4,"number":1615,"kind":"junction_candidate"},"geometry":{"type":"Point","coordinates":[77.6087626779024,12.9771908768809]}},{"type":"Feature","id":"kml_n_77.608941273593_12.8511621995066","properties":{"id":"kml_n_77.608941273593_12.8511621995066","degree":1,"number":1616,"kind":"endpoint"},"geometry":{"type":"Point","coordinates":[77.608941273593,12.8511621995066]}},{"type":"Feature","id":"kml_n_77.6089482265692_12.9030158555395","properties":{"id":"kml_n_77.6089482265692_12.9030158555395","degree":1,"number":1617,"kind":"endpoint"},"geometry":{"type":"Point","coordinates":[77.6089482265692,12.9030158555395]}},{"type":"Feature","id":"kml_n_77.6091655950748_13.0342381621403","properties":{"id":"kml_n_77.6091655950748_13.0342381621403","degree":4,"number":1618,"kind":"junction_candidate"},"geometry":{"type":"Point","coordinates":[77.6091655950748,13.0342381621403]}},{"type":"Feature","id":"kml_n_77.6091778024108_13.0629674186189","properties":{"id":"kml_n_77.6091778024108_13.0629674186189","degree":3,"number":1619,"kind":"junction_candidate"},"geometry":{"type":"Point","coordinates":[77.6091778024108,13.0629674186189]}},{"type":"Feature","id":"kml_n_77.6092063866616_12.990012037647","properties":{"id":"kml_n_77.6092063866616_12.990012037647","degree":4,"number":1620,"kind":"junction_candidate"},"geometry":{"type":"Point","coordinates":[77.6092063866616,12.990012037647]}},{"type":"Feature","id":"kml_n_77.6092424234038_13.1471608539497","properties":{"id":"kml_n_77.6092424234038_13.1471608539497","degree":1,"number":1621,"kind":"endpoint"},"geometry":{"type":"Point","coordinates":[77.6092424234038,13.1471608539497]}},{"type":"Feature","id":"kml_n_77.6092953431483_13.1472283643157","properties":{"id":"kml_n_77.6092953431483_13.1472283643157","degree":1,"number":1622,"kind":"endpoint"},"geometry":{"type":"Point","coordinates":[77.6092953431483,13.1472283643157]}},{"type":"Feature","id":"kml_n_77.6094038735024_13.1607303044973","properties":{"id":"kml_n_77.6094038735024_13.1607303044973","degree":1,"number":1623,"kind":"endpoint"},"geometry":{"type":"Point","coordinates":[77.6094038735024,13.1607303044973]}},{"type":"Feature","id":"kml_n_77.6094164348921_13.06413412715","properties":{"id":"kml_n_77.6094164348921_13.06413412715","degree":3,"number":1624,"kind":"junction_candidate"},"geometry":{"type":"Point","coordinates":[77.6094164348921,13.06413412715]}},{"type":"Feature","id":"kml_n_77.6094198727672_12.9397522134668","properties":{"id":"kml_n_77.6094198727672_12.9397522134668","degree":3,"number":1625,"kind":"junction_candidate"},"geometry":{"type":"Point","coordinates":[77.6094198727672,12.9397522134668]}},{"type":"Feature","id":"kml_n_77.6094623059246_12.9054096696429","properties":{"id":"kml_n_77.6094623059246_12.9054096696429","degree":3,"number":1626,"kind":"junction_candidate"},"geometry":{"type":"Point","coordinates":[77.6094623059246,12.9054096696429]}},{"type":"Feature","id":"kml_n_77.6094960212894_13.1606964506565","properties":{"id":"kml_n_77.6094960212894_13.1606964506565","degree":1,"number":1627,"kind":"endpoint"},"geometry":{"type":"Point","coordinates":[77.6094960212894,13.1606964506565]}},{"type":"Feature","id":"kml_n_77.609567162947_13.1194403037308","properties":{"id":"kml_n_77.609567162947_13.1194403037308","degree":3,"number":1628,"kind":"junction_candidate"},"geometry":{"type":"Point","coordinates":[77.609567162947,13.1194403037308]}},{"type":"Feature","id":"kml_n_77.60969920461_13.0665830433285","properties":{"id":"kml_n_77.60969920461_13.0665830433285","degree":3,"number":1629,"kind":"junction_candidate"},"geometry":{"type":"Point","coordinates":[77.60969920461,13.0665830433285]}},{"type":"Feature","id":"kml_n_77.6097185691367_12.934712425251","properties":{"id":"kml_n_77.6097185691367_12.934712425251","degree":3,"number":1630,"kind":"junction_candidate"},"geometry":{"type":"Point","coordinates":[77.6097185691367,12.934712425251]}},{"type":"Feature","id":"kml_n_77.609757371582_12.8790163657216","properties":{"id":"kml_n_77.609757371582_12.8790163657216","degree":3,"number":1631,"kind":"junction_candidate"},"geometry":{"type":"Point","coordinates":[77.609757371582,12.8790163657216]}},{"type":"Feature","id":"kml_n_77.6097652407379_12.9976223186396","properties":{"id":"kml_n_77.6097652407379_12.9976223186396","degree":4,"number":1632,"kind":"junction_candidate"},"geometry":{"type":"Point","coordinates":[77.6097652407379,12.9976223186396]}},{"type":"Feature","id":"kml_n_77.6097808245724_12.9309291056727","properties":{"id":"kml_n_77.6097808245724_12.9309291056727","degree":3,"number":1633,"kind":"junction_candidate"},"geometry":{"type":"Point","coordinates":[77.6097808245724,12.9309291056727]}},{"type":"Feature","id":"kml_n_77.6097854889796_12.9926983053149","properties":{"id":"kml_n_77.6097854889796_12.9926983053149","degree":4,"number":1634,"kind":"junction_candidate"},"geometry":{"type":"Point","coordinates":[77.6097854889796,12.9926983053149]}},{"type":"Feature","id":"kml_n_77.6098427552157_12.9311492094773","properties":{"id":"kml_n_77.6098427552157_12.9311492094773","degree":3,"number":1635,"kind":"junction_candidate"},"geometry":{"type":"Point","coordinates":[77.6098427552157,12.9311492094773]}},{"type":"Feature","id":"kml_n_77.6099329463325_12.9650546192513","properties":{"id":"kml_n_77.6099329463325_12.9650546192513","degree":4,"number":1636,"kind":"junction_candidate"},"geometry":{"type":"Point","coordinates":[77.6099329463325,12.9650546192513]}},{"type":"Feature","id":"kml_n_77.6100280268841_13.0796785558192","properties":{"id":"kml_n_77.6100280268841_13.0796785558192","degree":1,"number":1637,"kind":"endpoint"},"geometry":{"type":"Point","coordinates":[77.6100280268841,13.0796785558192]}},{"type":"Feature","id":"kml_n_77.6100702955815_12.9165328890954","properties":{"id":"kml_n_77.6100702955815_12.9165328890954","degree":4,"number":1638,"kind":"junction_candidate"},"geometry":{"type":"Point","coordinates":[77.6100702955815,12.9165328890954]}},{"type":"Feature","id":"kml_n_77.6100845684958_13.0790891430728","properties":{"id":"kml_n_77.6100845684958_13.0790891430728","degree":1,"number":1639,"kind":"endpoint"},"geometry":{"type":"Point","coordinates":[77.6100845684958,13.0790891430728]}},{"type":"Feature","id":"kml_n_77.6101242303914_12.9809588272361","properties":{"id":"kml_n_77.6101242303914_12.9809588272361","degree":4,"number":1640,"kind":"junction_candidate"},"geometry":{"type":"Point","coordinates":[77.6101242303914,12.9809588272361]}},{"type":"Feature","id":"kml_n_77.6101814225227_13.0008960515426","properties":{"id":"kml_n_77.6101814225227_13.0008960515426","degree":3,"number":1641,"kind":"junction_candidate"},"geometry":{"type":"Point","coordinates":[77.6101814225227,13.0008960515426]}},{"type":"Feature","id":"kml_n_77.6102972190433_12.994339068044","properties":{"id":"kml_n_77.6102972190433_12.994339068044","degree":4,"number":1642,"kind":"junction_candidate"},"geometry":{"type":"Point","coordinates":[77.6102972190433,12.994339068044]}},{"type":"Feature","id":"kml_n_77.6103049641502_12.970372929632","properties":{"id":"kml_n_77.6103049641502_12.970372929632","degree":4,"number":1643,"kind":"junction_candidate"},"geometry":{"type":"Point","coordinates":[77.6103049641502,12.970372929632]}},{"type":"Feature","id":"kml_n_77.6104144262535_12.892813552343","properties":{"id":"kml_n_77.6104144262535_12.892813552343","degree":3,"number":1644,"kind":"junction_candidate"},"geometry":{"type":"Point","coordinates":[77.6104144262535,12.892813552343]}},{"type":"Feature","id":"kml_n_77.610440615611_12.8928415249197","properties":{"id":"kml_n_77.610440615611_12.8928415249197","degree":3,"number":1645,"kind":"junction_candidate"},"geometry":{"type":"Point","coordinates":[77.610440615611,12.8928415249197]}},{"type":"Feature","id":"kml_n_77.6104876205705_12.8868801244013","properties":{"id":"kml_n_77.6104876205705_12.8868801244013","degree":3,"number":1646,"kind":"junction_candidate"},"geometry":{"type":"Point","coordinates":[77.6104876205705,12.8868801244013]}},{"type":"Feature","id":"kml_n_77.6105058538738_13.0572734555259","properties":{"id":"kml_n_77.6105058538738_13.0572734555259","degree":3,"number":1647,"kind":"junction_candidate"},"geometry":{"type":"Point","coordinates":[77.6105058538738,13.0572734555259]}},{"type":"Feature","id":"kml_n_77.6106664676298_12.983038900093","properties":{"id":"kml_n_77.6106664676298_12.983038900093","degree":4,"number":1648,"kind":"junction_candidate"},"geometry":{"type":"Point","coordinates":[77.6106664676298,12.983038900093]}},{"type":"Feature","id":"kml_n_77.6107611231438_13.1218854258321","properties":{"id":"kml_n_77.6107611231438_13.1218854258321","degree":3,"number":1649,"kind":"junction_candidate"},"geometry":{"type":"Point","coordinates":[77.6107611231438,13.1218854258321]}},{"type":"Feature","id":"kml_n_77.610842648087_12.898014201331","properties":{"id":"kml_n_77.610842648087_12.898014201331","degree":1,"number":1650,"kind":"endpoint"},"geometry":{"type":"Point","coordinates":[77.610842648087,12.898014201331]}},{"type":"Feature","id":"kml_n_77.610880396823_13.0393654595157","properties":{"id":"kml_n_77.610880396823_13.0393654595157","degree":3,"number":1651,"kind":"junction_candidate"},"geometry":{"type":"Point","coordinates":[77.610880396823,13.0393654595157]}},{"type":"Feature","id":"kml_n_77.6108972542979_12.9737338136474","properties":{"id":"kml_n_77.6108972542979_12.9737338136474","degree":3,"number":1652,"kind":"junction_candidate"},"geometry":{"type":"Point","coordinates":[77.6108972542979,12.9737338136474]}},{"type":"Feature","id":"kml_n_77.6109361192226_12.9999807506171","properties":{"id":"kml_n_77.6109361192226_12.9999807506171","degree":3,"number":1653,"kind":"junction_candidate"},"geometry":{"type":"Point","coordinates":[77.6109361192226,12.9999807506171]}},{"type":"Feature","id":"kml_n_77.6109967349177_12.9807024914714","properties":{"id":"kml_n_77.6109967349177_12.9807024914714","degree":3,"number":1654,"kind":"junction_candidate"},"geometry":{"type":"Point","coordinates":[77.6109967349177,12.9807024914714]}},{"type":"Feature","id":"kml_n_77.611074642427_12.8979773872881","properties":{"id":"kml_n_77.611074642427_12.8979773872881","degree":1,"number":1655,"kind":"endpoint"},"geometry":{"type":"Point","coordinates":[77.611074642427,12.8979773872881]}},{"type":"Feature","id":"kml_n_77.6110980805253_12.9738116797771","properties":{"id":"kml_n_77.6110980805253_12.9738116797771","degree":3,"number":1656,"kind":"junction_candidate"},"geometry":{"type":"Point","coordinates":[77.6110980805253,12.9738116797771]}},{"type":"Feature","id":"kml_n_77.6111033831265_13.097284164509","properties":{"id":"kml_n_77.6111033831265_13.097284164509","degree":3,"number":1657,"kind":"junction_candidate"},"geometry":{"type":"Point","coordinates":[77.6111033831265,13.097284164509]}},{"type":"Feature","id":"kml_n_77.6111144076286_12.9743911108687","properties":{"id":"kml_n_77.6111144076286_12.9743911108687","degree":3,"number":1658,"kind":"junction_candidate"},"geometry":{"type":"Point","coordinates":[77.6111144076286,12.9743911108687]}},{"type":"Feature","id":"kml_n_77.6111209137661_13.0003938605831","properties":{"id":"kml_n_77.6111209137661_13.0003938605831","degree":3,"number":1659,"kind":"junction_candidate"},"geometry":{"type":"Point","coordinates":[77.6111209137661,13.0003938605831]}},{"type":"Feature","id":"kml_n_77.6111308302628_12.9215800341795","properties":{"id":"kml_n_77.6111308302628_12.9215800341795","degree":3,"number":1660,"kind":"junction_candidate"},"geometry":{"type":"Point","coordinates":[77.6111308302628,12.9215800341795]}},{"type":"Feature","id":"kml_n_77.6111688604939_12.9672075980787","properties":{"id":"kml_n_77.6111688604939_12.9672075980787","degree":5,"number":1661,"kind":"junction_candidate"},"geometry":{"type":"Point","coordinates":[77.6111688604939,12.9672075980787]}},{"type":"Feature","id":"kml_n_77.6112890471041_13.0349123637793","properties":{"id":"kml_n_77.6112890471041_13.0349123637793","degree":1,"number":1662,"kind":"endpoint"},"geometry":{"type":"Point","coordinates":[77.6112890471041,13.0349123637793]}},{"type":"Feature","id":"kml_n_77.6114244590344_12.9050905886872","properties":{"id":"kml_n_77.6114244590344_12.9050905886872","degree":3,"number":1663,"kind":"junction_candidate"},"geometry":{"type":"Point","coordinates":[77.6114244590344,12.9050905886872]}},{"type":"Feature","id":"kml_n_77.6114502403634_12.8581508087896","properties":{"id":"kml_n_77.6114502403634_12.8581508087896","degree":3,"number":1664,"kind":"junction_candidate"},"geometry":{"type":"Point","coordinates":[77.6114502403634,12.8581508087896]}},{"type":"Feature","id":"kml_n_77.6114694031831_12.9968262316982","properties":{"id":"kml_n_77.6114694031831_12.9968262316982","degree":3,"number":1665,"kind":"junction_candidate"},"geometry":{"type":"Point","coordinates":[77.6114694031831,12.9968262316982]}},{"type":"Feature","id":"kml_n_77.6116652515655_12.8921607626468","properties":{"id":"kml_n_77.6116652515655_12.8921607626468","degree":3,"number":1666,"kind":"junction_candidate"},"geometry":{"type":"Point","coordinates":[77.6116652515655,12.8921607626468]}},{"type":"Feature","id":"kml_n_77.6117379731345_13.0412699384614","properties":{"id":"kml_n_77.6117379731345_13.0412699384614","degree":3,"number":1667,"kind":"junction_candidate"},"geometry":{"type":"Point","coordinates":[77.6117379731345,13.0412699384614]}},{"type":"Feature","id":"kml_n_77.6117724127593_12.9559682473038","properties":{"id":"kml_n_77.6117724127593_12.9559682473038","degree":3,"number":1668,"kind":"junction_candidate"},"geometry":{"type":"Point","coordinates":[77.6117724127593,12.9559682473038]}},{"type":"Feature","id":"kml_n_77.6117826037043_12.9966508770804","properties":{"id":"kml_n_77.6117826037043_12.9966508770804","degree":3,"number":1669,"kind":"junction_candidate"},"geometry":{"type":"Point","coordinates":[77.6117826037043,12.9966508770804]}},{"type":"Feature","id":"kml_n_77.6119123407256_13.0490831033496","properties":{"id":"kml_n_77.6119123407256_13.0490831033496","degree":3,"number":1670,"kind":"junction_candidate"},"geometry":{"type":"Point","coordinates":[77.6119123407256,13.0490831033496]}},{"type":"Feature","id":"kml_n_77.6119367921145_13.0973324112211","properties":{"id":"kml_n_77.6119367921145_13.0973324112211","degree":1,"number":1671,"kind":"endpoint"},"geometry":{"type":"Point","coordinates":[77.6119367921145,13.0973324112211]}},{"type":"Feature","id":"kml_n_77.6119367921336_13.0973324130278","properties":{"id":"kml_n_77.6119367921336_13.0973324130278","degree":1,"number":1672,"kind":"endpoint"},"geometry":{"type":"Point","coordinates":[77.6119367921336,13.0973324130278]}},{"type":"Feature","id":"kml_n_77.6119806477057_13.0018765422801","properties":{"id":"kml_n_77.6119806477057_13.0018765422801","degree":3,"number":1673,"kind":"junction_candidate"},"geometry":{"type":"Point","coordinates":[77.6119806477057,13.0018765422801]}},{"type":"Feature","id":"kml_n_77.611994406939_13.0425372688748","properties":{"id":"kml_n_77.611994406939_13.0425372688748","degree":3,"number":1674,"kind":"junction_candidate"},"geometry":{"type":"Point","coordinates":[77.611994406939,13.0425372688748]}},{"type":"Feature","id":"kml_n_77.6120270907654_13.0331180379889","properties":{"id":"kml_n_77.6120270907654_13.0331180379889","degree":3,"number":1675,"kind":"junction_candidate"},"geometry":{"type":"Point","coordinates":[77.6120270907654,13.0331180379889]}},{"type":"Feature","id":"kml_n_77.6121396931294_13.0019423792105","properties":{"id":"kml_n_77.6121396931294_13.0019423792105","degree":3,"number":1676,"kind":"junction_candidate"},"geometry":{"type":"Point","coordinates":[77.6121396931294,13.0019423792105]}},{"type":"Feature","id":"kml_n_77.6121417049596_12.9819814413268","properties":{"id":"kml_n_77.6121417049596_12.9819814413268","degree":3,"number":1677,"kind":"junction_candidate"},"geometry":{"type":"Point","coordinates":[77.6121417049596,12.9819814413268]}},{"type":"Feature","id":"kml_n_77.6122124413475_12.9741327282556","properties":{"id":"kml_n_77.6122124413475_12.9741327282556","degree":3,"number":1678,"kind":"junction_candidate"},"geometry":{"type":"Point","coordinates":[77.6122124413475,12.9741327282556]}},{"type":"Feature","id":"kml_n_77.6123159138032_12.9343465762282","properties":{"id":"kml_n_77.6123159138032_12.9343465762282","degree":3,"number":1679,"kind":"junction_candidate"},"geometry":{"type":"Point","coordinates":[77.6123159138032,12.9343465762282]}},{"type":"Feature","id":"kml_n_77.6123326675294_12.9164958031477","properties":{"id":"kml_n_77.6123326675294_12.9164958031477","degree":3,"number":1680,"kind":"junction_candidate"},"geometry":{"type":"Point","coordinates":[77.6123326675294,12.9164958031477]}},{"type":"Feature","id":"kml_n_77.6124253451505_13.0322620000245","properties":{"id":"kml_n_77.6124253451505_13.0322620000245","degree":3,"number":1681,"kind":"junction_candidate"},"geometry":{"type":"Point","coordinates":[77.6124253451505,13.0322620000245]}},{"type":"Feature","id":"kml_n_77.6124565975536_12.7978649537841","properties":{"id":"kml_n_77.6124565975536_12.7978649537841","degree":1,"number":1682,"kind":"endpoint"},"geometry":{"type":"Point","coordinates":[77.6124565975536,12.7978649537841]}},{"type":"Feature","id":"kml_n_77.6124636321933_12.9823470420924","properties":{"id":"kml_n_77.6124636321933_12.9823470420924","degree":4,"number":1683,"kind":"junction_candidate"},"geometry":{"type":"Point","coordinates":[77.6124636321933,12.9823470420924]}},{"type":"Feature","id":"kml_n_77.6124992116088_12.9617502142317","properties":{"id":"kml_n_77.6124992116088_12.9617502142317","degree":3,"number":1684,"kind":"junction_candidate"},"geometry":{"type":"Point","coordinates":[77.6124992116088,12.9617502142317]}},{"type":"Feature","id":"kml_n_77.6125949944303_12.9986901865849","properties":{"id":"kml_n_77.6125949944303_12.9986901865849","degree":4,"number":1685,"kind":"junction_candidate"},"geometry":{"type":"Point","coordinates":[77.6125949944303,12.9986901865849]}},{"type":"Feature","id":"kml_n_77.6126126624873_13.0329825630417","properties":{"id":"kml_n_77.6126126624873_13.0329825630417","degree":3,"number":1686,"kind":"junction_candidate"},"geometry":{"type":"Point","coordinates":[77.6126126624873,13.0329825630417]}},{"type":"Feature","id":"kml_n_77.6127253690082_13.0213673520024","properties":{"id":"kml_n_77.6127253690082_13.0213673520024","degree":3,"number":1687,"kind":"junction_candidate"},"geometry":{"type":"Point","coordinates":[77.6127253690082,13.0213673520024]}},{"type":"Feature","id":"kml_n_77.61273179893_13.0209370343204","properties":{"id":"kml_n_77.61273179893_13.0209370343204","degree":3,"number":1688,"kind":"junction_candidate"},"geometry":{"type":"Point","coordinates":[77.61273179893,13.0209370343204]}},{"type":"Feature","id":"kml_n_77.6129157692848_12.9816408331811","properties":{"id":"kml_n_77.6129157692848_12.9816408331811","degree":3,"number":1689,"kind":"junction_candidate"},"geometry":{"type":"Point","coordinates":[77.6129157692848,12.9816408331811]}},{"type":"Feature","id":"kml_n_77.6129269476513_12.9196315580735","properties":{"id":"kml_n_77.6129269476513_12.9196315580735","degree":3,"number":1690,"kind":"junction_candidate"},"geometry":{"type":"Point","coordinates":[77.6129269476513,12.9196315580735]}},{"type":"Feature","id":"kml_n_77.6129946267771_12.9829076967379","properties":{"id":"kml_n_77.6129946267771_12.9829076967379","degree":3,"number":1691,"kind":"junction_candidate"},"geometry":{"type":"Point","coordinates":[77.6129946267771,12.9829076967379]}},{"type":"Feature","id":"kml_n_77.6131981873629_13.0084487315123","properties":{"id":"kml_n_77.6131981873629_13.0084487315123","degree":4,"number":1692,"kind":"junction_candidate"},"geometry":{"type":"Point","coordinates":[77.6131981873629,13.0084487315123]}},{"type":"Feature","id":"kml_n_77.6132345543841_13.0676725346026","properties":{"id":"kml_n_77.6132345543841_13.0676725346026","degree":3,"number":1693,"kind":"junction_candidate"},"geometry":{"type":"Point","coordinates":[77.6132345543841,13.0676725346026]}},{"type":"Feature","id":"kml_n_77.6132656592805_12.9891863838005","properties":{"id":"kml_n_77.6132656592805_12.9891863838005","degree":3,"number":1694,"kind":"junction_candidate"},"geometry":{"type":"Point","coordinates":[77.6132656592805,12.9891863838005]}},{"type":"Feature","id":"kml_n_77.6134248650135_12.9958425971579","properties":{"id":"kml_n_77.6134248650135_12.9958425971579","degree":3,"number":1695,"kind":"junction_candidate"},"geometry":{"type":"Point","coordinates":[77.6134248650135,12.9958425971579]}},{"type":"Feature","id":"kml_n_77.6134350179835_13.0677500803574","properties":{"id":"kml_n_77.6134350179835_13.0677500803574","degree":1,"number":1696,"kind":"endpoint"},"geometry":{"type":"Point","coordinates":[77.6134350179835,13.0677500803574]}},{"type":"Feature","id":"kml_n_77.6134667668254_13.0345213796111","properties":{"id":"kml_n_77.6134667668254_13.0345213796111","degree":3,"number":1697,"kind":"junction_candidate"},"geometry":{"type":"Point","coordinates":[77.6134667668254,13.0345213796111]}},{"type":"Feature","id":"kml_n_77.6134802583411_13.0345646536047","properties":{"id":"kml_n_77.6134802583411_13.0345646536047","degree":3,"number":1698,"kind":"junction_candidate"},"geometry":{"type":"Point","coordinates":[77.6134802583411,13.0345646536047]}},{"type":"Feature","id":"kml_n_77.613493054747_13.0760283774294","properties":{"id":"kml_n_77.613493054747_13.0760283774294","degree":3,"number":1699,"kind":"junction_candidate"},"geometry":{"type":"Point","coordinates":[77.613493054747,13.0760283774294]}},{"type":"Feature","id":"kml_n_77.6135038149365_13.0740283609329","properties":{"id":"kml_n_77.6135038149365_13.0740283609329","degree":4,"number":1700,"kind":"junction_candidate"},"geometry":{"type":"Point","coordinates":[77.6135038149365,13.0740283609329]}},{"type":"Feature","id":"kml_n_77.6135089661999_13.0740278092006","properties":{"id":"kml_n_77.6135089661999_13.0740278092006","degree":1,"number":1701,"kind":"endpoint"},"geometry":{"type":"Point","coordinates":[77.6135089661999,13.0740278092006]}},{"type":"Feature","id":"kml_n_77.6135171006766_13.0715597715425","properties":{"id":"kml_n_77.6135171006766_13.0715597715425","degree":4,"number":1702,"kind":"junction_candidate"},"geometry":{"type":"Point","coordinates":[77.6135171006766,13.0715597715425]}},{"type":"Feature","id":"kml_n_77.6135504795093_13.0421756602634","properties":{"id":"kml_n_77.6135504795093_13.0421756602634","degree":4,"number":1703,"kind":"junction_candidate"},"geometry":{"type":"Point","coordinates":[77.6135504795093,13.0421756602634]}},{"type":"Feature","id":"kml_n_77.6137735115935_12.9316219489582","properties":{"id":"kml_n_77.6137735115935_12.9316219489582","degree":3,"number":1704,"kind":"junction_candidate"},"geometry":{"type":"Point","coordinates":[77.6137735115935,12.9316219489582]}},{"type":"Feature","id":"kml_n_77.6138199257196_13.0007817696661","properties":{"id":"kml_n_77.6138199257196_13.0007817696661","degree":3,"number":1705,"kind":"junction_candidate"},"geometry":{"type":"Point","coordinates":[77.6138199257196,13.0007817696661]}},{"type":"Feature","id":"kml_n_77.6138358273808_13.076280324509","properties":{"id":"kml_n_77.6138358273808_13.076280324509","degree":1,"number":1706,"kind":"endpoint"},"geometry":{"type":"Point","coordinates":[77.6138358273808,13.076280324509]}},{"type":"Feature","id":"kml_n_77.6138789849365_12.9737228035032","properties":{"id":"kml_n_77.6138789849365_12.9737228035032","degree":3,"number":1707,"kind":"junction_candidate"},"geometry":{"type":"Point","coordinates":[77.6138789849365,12.9737228035032]}},{"type":"Feature","id":"kml_n_77.6139302867633_12.9220420875703","properties":{"id":"kml_n_77.6139302867633_12.9220420875703","degree":3,"number":1708,"kind":"junction_candidate"},"geometry":{"type":"Point","coordinates":[77.6139302867633,12.9220420875703]}},{"type":"Feature","id":"kml_n_77.6139661989302_12.9905605482682","properties":{"id":"kml_n_77.6139661989302_12.9905605482682","degree":4,"number":1709,"kind":"junction_candidate"},"geometry":{"type":"Point","coordinates":[77.6139661989302,12.9905605482682]}},{"type":"Feature","id":"kml_n_77.6139682549844_12.9664796293616","properties":{"id":"kml_n_77.6139682549844_12.9664796293616","degree":3,"number":1710,"kind":"junction_candidate"},"geometry":{"type":"Point","coordinates":[77.6139682549844,12.9664796293616]}},{"type":"Feature","id":"kml_n_77.6141183234825_12.9795896345367","properties":{"id":"kml_n_77.6141183234825_12.9795896345367","degree":3,"number":1711,"kind":"junction_candidate"},"geometry":{"type":"Point","coordinates":[77.6141183234825,12.9795896345367]}},{"type":"Feature","id":"kml_n_77.6141900775051_13.1030902726056","properties":{"id":"kml_n_77.6141900775051_13.1030902726056","degree":4,"number":1712,"kind":"junction_candidate"},"geometry":{"type":"Point","coordinates":[77.6141900775051,13.1030902726056]}},{"type":"Feature","id":"kml_n_77.6142044063817_13.1031664314206","properties":{"id":"kml_n_77.6142044063817_13.1031664314206","degree":4,"number":1713,"kind":"junction_candidate"},"geometry":{"type":"Point","coordinates":[77.6142044063817,13.1031664314206]}},{"type":"Feature","id":"kml_n_77.6142190965502_13.0833974783071","properties":{"id":"kml_n_77.6142190965502_13.0833974783071","degree":3,"number":1714,"kind":"junction_candidate"},"geometry":{"type":"Point","coordinates":[77.6142190965502,13.0833974783071]}},{"type":"Feature","id":"kml_n_77.6142217935696_12.9550074933246","properties":{"id":"kml_n_77.6142217935696_12.9550074933246","degree":3,"number":1715,"kind":"junction_candidate"},"geometry":{"type":"Point","coordinates":[77.6142217935696,12.9550074933246]}},{"type":"Feature","id":"kml_n_77.6142930293975_13.1038458927261","properties":{"id":"kml_n_77.6142930293975_13.1038458927261","degree":1,"number":1716,"kind":"endpoint"},"geometry":{"type":"Point","coordinates":[77.6142930293975,13.1038458927261]}},{"type":"Feature","id":"kml_n_77.6143423772361_12.9684281451885","properties":{"id":"kml_n_77.6143423772361_12.9684281451885","degree":4,"number":1717,"kind":"junction_candidate"},"geometry":{"type":"Point","coordinates":[77.6143423772361,12.9684281451885]}},{"type":"Feature","id":"kml_n_77.614365397058_13.0781670688052","properties":{"id":"kml_n_77.614365397058_13.0781670688052","degree":3,"number":1718,"kind":"junction_candidate"},"geometry":{"type":"Point","coordinates":[77.614365397058,13.0781670688052]}},{"type":"Feature","id":"kml_n_77.614396128537_12.9753151087666","properties":{"id":"kml_n_77.614396128537_12.9753151087666","degree":3,"number":1719,"kind":"junction_candidate"},"geometry":{"type":"Point","coordinates":[77.614396128537,12.9753151087666]}},{"type":"Feature","id":"kml_n_77.6143970136026_12.9970700511703","properties":{"id":"kml_n_77.6143970136026_12.9970700511703","degree":4,"number":1720,"kind":"junction_candidate"},"geometry":{"type":"Point","coordinates":[77.6143970136026,12.9970700511703]}},{"type":"Feature","id":"kml_n_77.6145739477227_12.9808133387521","properties":{"id":"kml_n_77.6145739477227_12.9808133387521","degree":3,"number":1721,"kind":"junction_candidate"},"geometry":{"type":"Point","coordinates":[77.6145739477227,12.9808133387521]}},{"type":"Feature","id":"kml_n_77.6145944045731_12.9916453583194","properties":{"id":"kml_n_77.6145944045731_12.9916453583194","degree":4,"number":1722,"kind":"junction_candidate"},"geometry":{"type":"Point","coordinates":[77.6145944045731,12.9916453583194]}},{"type":"Feature","id":"kml_n_77.6147156578792_13.0100221716849","properties":{"id":"kml_n_77.6147156578792_13.0100221716849","degree":3,"number":1723,"kind":"junction_candidate"},"geometry":{"type":"Point","coordinates":[77.6147156578792,13.0100221716849]}},{"type":"Feature","id":"kml_n_77.6147487631913_12.9762996680223","properties":{"id":"kml_n_77.6147487631913_12.9762996680223","degree":3,"number":1724,"kind":"junction_candidate"},"geometry":{"type":"Point","coordinates":[77.6147487631913,12.9762996680223]}},{"type":"Feature","id":"kml_n_77.6147690737766_12.9615334953217","properties":{"id":"kml_n_77.6147690737766_12.9615334953217","degree":4,"number":1725,"kind":"junction_candidate"},"geometry":{"type":"Point","coordinates":[77.6147690737766,12.9615334953217]}},{"type":"Feature","id":"kml_n_77.6148022661389_12.9298859317746","properties":{"id":"kml_n_77.6148022661389_12.9298859317746","degree":3,"number":1726,"kind":"junction_candidate"},"geometry":{"type":"Point","coordinates":[77.6148022661389,12.9298859317746]}},{"type":"Feature","id":"kml_n_77.6149894230676_12.8628009824202","properties":{"id":"kml_n_77.6149894230676_12.8628009824202","degree":3,"number":1727,"kind":"junction_candidate"},"geometry":{"type":"Point","coordinates":[77.6149894230676,12.8628009824202]}},{"type":"Feature","id":"kml_n_77.6150328480687_12.9295221932125","properties":{"id":"kml_n_77.6150328480687_12.9295221932125","degree":3,"number":1728,"kind":"junction_candidate"},"geometry":{"type":"Point","coordinates":[77.6150328480687,12.9295221932125]}},{"type":"Feature","id":"kml_n_77.6154860620111_12.9808786949406","properties":{"id":"kml_n_77.6154860620111_12.9808786949406","degree":3,"number":1729,"kind":"junction_candidate"},"geometry":{"type":"Point","coordinates":[77.6154860620111,12.9808786949406]}},{"type":"Feature","id":"kml_n_77.61564282786_12.9814440135912","properties":{"id":"kml_n_77.61564282786_12.9814440135912","degree":3,"number":1730,"kind":"junction_candidate"},"geometry":{"type":"Point","coordinates":[77.61564282786,12.9814440135912]}},{"type":"Feature","id":"kml_n_77.6157155824696_12.9826086509537","properties":{"id":"kml_n_77.6157155824696_12.9826086509537","degree":3,"number":1731,"kind":"junction_candidate"},"geometry":{"type":"Point","coordinates":[77.6157155824696,12.9826086509537]}},{"type":"Feature","id":"kml_n_77.6158246200826_12.9943636987104","properties":{"id":"kml_n_77.6158246200826_12.9943636987104","degree":3,"number":1732,"kind":"junction_candidate"},"geometry":{"type":"Point","coordinates":[77.6158246200826,12.9943636987104]}},{"type":"Feature","id":"kml_n_77.6160690158353_13.000557416881","properties":{"id":"kml_n_77.6160690158353_13.000557416881","degree":4,"number":1733,"kind":"junction_candidate"},"geometry":{"type":"Point","coordinates":[77.6160690158353,13.000557416881]}},{"type":"Feature","id":"kml_n_77.6161063627935_12.9277921123561","properties":{"id":"kml_n_77.6161063627935_12.9277921123561","degree":3,"number":1734,"kind":"junction_candidate"},"geometry":{"type":"Point","coordinates":[77.6161063627935,12.9277921123561]}},{"type":"Feature","id":"kml_n_77.616131197422_12.9807467171504","properties":{"id":"kml_n_77.616131197422_12.9807467171504","degree":3,"number":1735,"kind":"junction_candidate"},"geometry":{"type":"Point","coordinates":[77.616131197422,12.9807467171504]}},{"type":"Feature","id":"kml_n_77.6161502295207_12.8762403448483","properties":{"id":"kml_n_77.6161502295207_12.8762403448483","degree":3,"number":1736,"kind":"junction_candidate"},"geometry":{"type":"Point","coordinates":[77.6161502295207,12.8762403448483]}},{"type":"Feature","id":"kml_n_77.6162437285694_12.9616360651409","properties":{"id":"kml_n_77.6162437285694_12.9616360651409","degree":3,"number":1737,"kind":"junction_candidate"},"geometry":{"type":"Point","coordinates":[77.6162437285694,12.9616360651409]}},{"type":"Feature","id":"kml_n_77.6162912360681_13.0022723329525","properties":{"id":"kml_n_77.6162912360681_13.0022723329525","degree":3,"number":1738,"kind":"junction_candidate"},"geometry":{"type":"Point","coordinates":[77.6162912360681,13.0022723329525]}},{"type":"Feature","id":"kml_n_77.6165862570754_12.9956209134408","properties":{"id":"kml_n_77.6165862570754_12.9956209134408","degree":3,"number":1739,"kind":"junction_candidate"},"geometry":{"type":"Point","coordinates":[77.6165862570754,12.9956209134408]}},{"type":"Feature","id":"kml_n_77.6167104228329_12.9957086894969","properties":{"id":"kml_n_77.6167104228329_12.9957086894969","degree":3,"number":1740,"kind":"junction_candidate"},"geometry":{"type":"Point","coordinates":[77.6167104228329,12.9957086894969]}},{"type":"Feature","id":"kml_n_77.6169146463985_12.8761062891372","properties":{"id":"kml_n_77.6169146463985_12.8761062891372","degree":3,"number":1741,"kind":"junction_candidate"},"geometry":{"type":"Point","coordinates":[77.6169146463985,12.8761062891372]}},{"type":"Feature","id":"kml_n_77.6169489403067_12.9162093555343","properties":{"id":"kml_n_77.6169489403067_12.9162093555343","degree":3,"number":1742,"kind":"junction_candidate"},"geometry":{"type":"Point","coordinates":[77.6169489403067,12.9162093555343]}},{"type":"Feature","id":"kml_n_77.6170047540884_12.9162116311094","properties":{"id":"kml_n_77.6170047540884_12.9162116311094","degree":3,"number":1743,"kind":"junction_candidate"},"geometry":{"type":"Point","coordinates":[77.6170047540884,12.9162116311094]}},{"type":"Feature","id":"kml_n_77.6170955350979_12.9700999835087","properties":{"id":"kml_n_77.6170955350979_12.9700999835087","degree":1,"number":1744,"kind":"endpoint"},"geometry":{"type":"Point","coordinates":[77.6170955350979,12.9700999835087]}},{"type":"Feature","id":"kml_n_77.6171138323039_12.9701109792349","properties":{"id":"kml_n_77.6171138323039_12.9701109792349","degree":1,"number":1745,"kind":"endpoint"},"geometry":{"type":"Point","coordinates":[77.6171138323039,12.9701109792349]}},{"type":"Feature","id":"kml_n_77.6172829996682_12.9363015187302","properties":{"id":"kml_n_77.6172829996682_12.9363015187302","degree":3,"number":1746,"kind":"junction_candidate"},"geometry":{"type":"Point","coordinates":[77.6172829996682,12.9363015187302]}},{"type":"Feature","id":"kml_n_77.6173116690807_12.9885658618211","properties":{"id":"kml_n_77.6173116690807_12.9885658618211","degree":4,"number":1747,"kind":"junction_candidate"},"geometry":{"type":"Point","coordinates":[77.6173116690807,12.9885658618211]}},{"type":"Feature","id":"kml_n_77.6173297987106_12.9416910106017","properties":{"id":"kml_n_77.6173297987106_12.9416910106017","degree":3,"number":1748,"kind":"junction_candidate"},"geometry":{"type":"Point","coordinates":[77.6173297987106,12.9416910106017]}},{"type":"Feature","id":"kml_n_77.6173747286105_12.9198160771442","properties":{"id":"kml_n_77.6173747286105_12.9198160771442","degree":3,"number":1749,"kind":"junction_candidate"},"geometry":{"type":"Point","coordinates":[77.6173747286105,12.9198160771442]}},{"type":"Feature","id":"kml_n_77.6175237843746_13.1443218180445","properties":{"id":"kml_n_77.6175237843746_13.1443218180445","degree":3,"number":1750,"kind":"junction_candidate"},"geometry":{"type":"Point","coordinates":[77.6175237843746,13.1443218180445]}},{"type":"Feature","id":"kml_n_77.6175672935651_12.9536795435961","properties":{"id":"kml_n_77.6175672935651_12.9536795435961","degree":3,"number":1751,"kind":"junction_candidate"},"geometry":{"type":"Point","coordinates":[77.6175672935651,12.9536795435961]}},{"type":"Feature","id":"kml_n_77.6176579167913_12.9653495543911","properties":{"id":"kml_n_77.6176579167913_12.9653495543911","degree":4,"number":1752,"kind":"junction_candidate"},"geometry":{"type":"Point","coordinates":[77.6176579167913,12.9653495543911]}},{"type":"Feature","id":"kml_n_77.6177840646878_12.9435051018816","properties":{"id":"kml_n_77.6177840646878_12.9435051018816","degree":3,"number":1753,"kind":"junction_candidate"},"geometry":{"type":"Point","coordinates":[77.6177840646878,12.9435051018816]}},{"type":"Feature","id":"kml_n_77.6177944457656_13.0532559048201","properties":{"id":"kml_n_77.6177944457656_13.0532559048201","degree":4,"number":1754,"kind":"junction_candidate"},"geometry":{"type":"Point","coordinates":[77.6177944457656,13.0532559048201]}},{"type":"Feature","id":"kml_n_77.6178637332366_12.9898889599362","properties":{"id":"kml_n_77.6178637332366_12.9898889599362","degree":3,"number":1755,"kind":"junction_candidate"},"geometry":{"type":"Point","coordinates":[77.6178637332366,12.9898889599362]}},{"type":"Feature","id":"kml_n_77.6180380737971_12.9897076872416","properties":{"id":"kml_n_77.6180380737971_12.9897076872416","degree":3,"number":1756,"kind":"junction_candidate"},"geometry":{"type":"Point","coordinates":[77.6180380737971,12.9897076872416]}},{"type":"Feature","id":"kml_n_77.6180948946699_12.9245620329311","properties":{"id":"kml_n_77.6180948946699_12.9245620329311","degree":3,"number":1757,"kind":"junction_candidate"},"geometry":{"type":"Point","coordinates":[77.6180948946699,12.9245620329311]}},{"type":"Feature","id":"kml_n_77.6184004918297_13.097981089113","properties":{"id":"kml_n_77.6184004918297_13.097981089113","degree":3,"number":1758,"kind":"junction_candidate"},"geometry":{"type":"Point","coordinates":[77.6184004918297,13.097981089113]}},{"type":"Feature","id":"kml_n_77.6184025878793_12.9409930252959","properties":{"id":"kml_n_77.6184025878793_12.9409930252959","degree":3,"number":1759,"kind":"junction_candidate"},"geometry":{"type":"Point","coordinates":[77.6184025878793,12.9409930252959]}},{"type":"Feature","id":"kml_n_77.6184317320661_13.0590896617259","properties":{"id":"kml_n_77.6184317320661_13.0590896617259","degree":4,"number":1760,"kind":"junction_candidate"},"geometry":{"type":"Point","coordinates":[77.6184317320661,13.0590896617259]}},{"type":"Feature","id":"kml_n_77.6185014063913_12.9459369090869","properties":{"id":"kml_n_77.6185014063913_12.9459369090869","degree":3,"number":1761,"kind":"junction_candidate"},"geometry":{"type":"Point","coordinates":[77.6185014063913,12.9459369090869]}},{"type":"Feature","id":"kml_n_77.6186660887155_13.0721407213358","properties":{"id":"kml_n_77.6186660887155_13.0721407213358","degree":1,"number":1762,"kind":"endpoint"},"geometry":{"type":"Point","coordinates":[77.6186660887155,13.0721407213358]}},{"type":"Feature","id":"kml_n_77.6186868493638_13.0012968931288","properties":{"id":"kml_n_77.6186868493638_13.0012968931288","degree":3,"number":1763,"kind":"junction_candidate"},"geometry":{"type":"Point","coordinates":[77.6186868493638,13.0012968931288]}},{"type":"Feature","id":"kml_n_77.6186952766606_12.9412927326285","properties":{"id":"kml_n_77.6186952766606_12.9412927326285","degree":3,"number":1764,"kind":"junction_candidate"},"geometry":{"type":"Point","coordinates":[77.6186952766606,12.9412927326285]}},{"type":"Feature","id":"kml_n_77.6189372692785_12.9624771950569","properties":{"id":"kml_n_77.6189372692785_12.9624771950569","degree":3,"number":1765,"kind":"junction_candidate"},"geometry":{"type":"Point","coordinates":[77.6189372692785,12.9624771950569]}},{"type":"Feature","id":"kml_n_77.618968314825_13.0410232582682","properties":{"id":"kml_n_77.618968314825_13.0410232582682","degree":3,"number":1766,"kind":"junction_candidate"},"geometry":{"type":"Point","coordinates":[77.618968314825,13.0410232582682]}},{"type":"Feature","id":"kml_n_77.6190626324044_12.9501242334302","properties":{"id":"kml_n_77.6190626324044_12.9501242334302","degree":1,"number":1767,"kind":"endpoint"},"geometry":{"type":"Point","coordinates":[77.6190626324044,12.9501242334302]}},{"type":"Feature","id":"kml_n_77.6190685205286_12.9501224252073","properties":{"id":"kml_n_77.6190685205286_12.9501224252073","degree":1,"number":1768,"kind":"endpoint"},"geometry":{"type":"Point","coordinates":[77.6190685205286,12.9501224252073]}},{"type":"Feature","id":"kml_n_77.6190867641653_13.0712019310339","properties":{"id":"kml_n_77.6190867641653_13.0712019310339","degree":4,"number":1769,"kind":"junction_candidate"},"geometry":{"type":"Point","coordinates":[77.6190867641653,13.0712019310339]}},{"type":"Feature","id":"kml_n_77.6190898824357_13.0213018618764","properties":{"id":"kml_n_77.6190898824357_13.0213018618764","degree":3,"number":1770,"kind":"junction_candidate"},"geometry":{"type":"Point","coordinates":[77.6190898824357,13.0213018618764]}},{"type":"Feature","id":"kml_n_77.6192402546799_12.8882163897836","properties":{"id":"kml_n_77.6192402546799_12.8882163897836","degree":3,"number":1771,"kind":"junction_candidate"},"geometry":{"type":"Point","coordinates":[77.6192402546799,12.8882163897836]}},{"type":"Feature","id":"kml_n_77.6193007423207_12.9871896589051","properties":{"id":"kml_n_77.6193007423207_12.9871896589051","degree":3,"number":1772,"kind":"junction_candidate"},"geometry":{"type":"Point","coordinates":[77.6193007423207,12.9871896589051]}},{"type":"Feature","id":"kml_n_77.6193337825_12.9917136148914","properties":{"id":"kml_n_77.6193337825_12.9917136148914","degree":3,"number":1773,"kind":"junction_candidate"},"geometry":{"type":"Point","coordinates":[77.6193337825,12.9917136148914]}},{"type":"Feature","id":"kml_n_77.6193351877875_13.0221023231706","properties":{"id":"kml_n_77.6193351877875_13.0221023231706","degree":3,"number":1774,"kind":"junction_candidate"},"geometry":{"type":"Point","coordinates":[77.6193351877875,13.0221023231706]}},{"type":"Feature","id":"kml_n_77.6194694696669_13.0507749279304","properties":{"id":"kml_n_77.6194694696669_13.0507749279304","degree":1,"number":1775,"kind":"endpoint"},"geometry":{"type":"Point","coordinates":[77.6194694696669,13.0507749279304]}},{"type":"Feature","id":"kml_n_77.6194694696954_13.0507749306404","properties":{"id":"kml_n_77.6194694696954_13.0507749306404","degree":1,"number":1776,"kind":"endpoint"},"geometry":{"type":"Point","coordinates":[77.6194694696954,13.0507749306404]}},{"type":"Feature","id":"kml_n_77.6194902615082_12.972561447646","properties":{"id":"kml_n_77.6194902615082_12.972561447646","degree":3,"number":1777,"kind":"junction_candidate"},"geometry":{"type":"Point","coordinates":[77.6194902615082,12.972561447646]}},{"type":"Feature","id":"kml_n_77.6194912593551_13.0830649734647","properties":{"id":"kml_n_77.6194912593551_13.0830649734647","degree":1,"number":1778,"kind":"endpoint"},"geometry":{"type":"Point","coordinates":[77.6194912593551,13.0830649734647]}},{"type":"Feature","id":"kml_n_77.6195138405143_12.9222655185479","properties":{"id":"kml_n_77.6195138405143_12.9222655185479","degree":3,"number":1779,"kind":"junction_candidate"},"geometry":{"type":"Point","coordinates":[77.6195138405143,12.9222655185479]}},{"type":"Feature","id":"kml_n_77.6195403703145_12.9895983290798","properties":{"id":"kml_n_77.6195403703145_12.9895983290798","degree":3,"number":1780,"kind":"junction_candidate"},"geometry":{"type":"Point","coordinates":[77.6195403703145,12.9895983290798]}},{"type":"Feature","id":"kml_n_77.6195412232324_12.9715701727288","properties":{"id":"kml_n_77.6195412232324_12.9715701727288","degree":3,"number":1781,"kind":"junction_candidate"},"geometry":{"type":"Point","coordinates":[77.6195412232324,12.9715701727288]}},{"type":"Feature","id":"kml_n_77.6195508658256_13.0037298900837","properties":{"id":"kml_n_77.6195508658256_13.0037298900837","degree":3,"number":1782,"kind":"junction_candidate"},"geometry":{"type":"Point","coordinates":[77.6195508658256,13.0037298900837]}},{"type":"Feature","id":"kml_n_77.6196724197495_13.0040286306285","properties":{"id":"kml_n_77.6196724197495_13.0040286306285","degree":3,"number":1783,"kind":"junction_candidate"},"geometry":{"type":"Point","coordinates":[77.6196724197495,13.0040286306285]}},{"type":"Feature","id":"kml_n_77.6197484486414_13.071161644981","properties":{"id":"kml_n_77.6197484486414_13.071161644981","degree":4,"number":1784,"kind":"junction_candidate"},"geometry":{"type":"Point","coordinates":[77.6197484486414,13.071161644981]}},{"type":"Feature","id":"kml_n_77.6200359057324_12.9747114636105","properties":{"id":"kml_n_77.6200359057324_12.9747114636105","degree":4,"number":1785,"kind":"junction_candidate"},"geometry":{"type":"Point","coordinates":[77.6200359057324,12.9747114636105]}},{"type":"Feature","id":"kml_n_77.6200361925019_12.9873612351356","properties":{"id":"kml_n_77.6200361925019_12.9873612351356","degree":3,"number":1786,"kind":"junction_candidate"},"geometry":{"type":"Point","coordinates":[77.6200361925019,12.9873612351356]}},{"type":"Feature","id":"kml_n_77.6200592817177_12.972700169455","properties":{"id":"kml_n_77.6200592817177_12.972700169455","degree":3,"number":1787,"kind":"junction_candidate"},"geometry":{"type":"Point","coordinates":[77.6200592817177,12.972700169455]}},{"type":"Feature","id":"kml_n_77.620152592069_12.8945223691482","properties":{"id":"kml_n_77.620152592069_12.8945223691482","degree":3,"number":1788,"kind":"junction_candidate"},"geometry":{"type":"Point","coordinates":[77.620152592069,12.8945223691482]}},{"type":"Feature","id":"kml_n_77.6201984392665_12.9211317860917","properties":{"id":"kml_n_77.6201984392665_12.9211317860917","degree":3,"number":1789,"kind":"junction_candidate"},"geometry":{"type":"Point","coordinates":[77.6201984392665,12.9211317860917]}},{"type":"Feature","id":"kml_n_77.6202107414671_12.9523441319937","properties":{"id":"kml_n_77.6202107414671_12.9523441319937","degree":3,"number":1790,"kind":"junction_candidate"},"geometry":{"type":"Point","coordinates":[77.6202107414671,12.9523441319937]}},{"type":"Feature","id":"kml_n_77.6202346038462_12.9404653146405","properties":{"id":"kml_n_77.6202346038462_12.9404653146405","degree":3,"number":1791,"kind":"junction_candidate"},"geometry":{"type":"Point","coordinates":[77.6202346038462,12.9404653146405]}},{"type":"Feature","id":"kml_n_77.6202742276143_13.1518344541821","properties":{"id":"kml_n_77.6202742276143_13.1518344541821","degree":3,"number":1792,"kind":"junction_candidate"},"geometry":{"type":"Point","coordinates":[77.6202742276143,13.1518344541821]}},{"type":"Feature","id":"kml_n_77.6202780849366_12.9761952237861","properties":{"id":"kml_n_77.6202780849366_12.9761952237861","degree":3,"number":1793,"kind":"junction_candidate"},"geometry":{"type":"Point","coordinates":[77.6202780849366,12.9761952237861]}},{"type":"Feature","id":"kml_n_77.6202979422071_12.9758329303081","properties":{"id":"kml_n_77.6202979422071_12.9758329303081","degree":3,"number":1794,"kind":"junction_candidate"},"geometry":{"type":"Point","coordinates":[77.6202979422071,12.9758329303081]}},{"type":"Feature","id":"kml_n_77.6203530504105_13.0001334284402","properties":{"id":"kml_n_77.6203530504105_13.0001334284402","degree":3,"number":1795,"kind":"junction_candidate"},"geometry":{"type":"Point","coordinates":[77.6203530504105,13.0001334284402]}},{"type":"Feature","id":"kml_n_77.6203860540609_12.9494347327406","properties":{"id":"kml_n_77.6203860540609_12.9494347327406","degree":1,"number":1796,"kind":"endpoint"},"geometry":{"type":"Point","coordinates":[77.6203860540609,12.9494347327406]}},{"type":"Feature","id":"kml_n_77.6205570387891_12.9667083018477","properties":{"id":"kml_n_77.6205570387891_12.9667083018477","degree":3,"number":1797,"kind":"junction_candidate"},"geometry":{"type":"Point","coordinates":[77.6205570387891,12.9667083018477]}},{"type":"Feature","id":"kml_n_77.620624487986_13.0283986925813","properties":{"id":"kml_n_77.620624487986_13.0283986925813","degree":3,"number":1798,"kind":"junction_candidate"},"geometry":{"type":"Point","coordinates":[77.620624487986,13.0283986925813]}},{"type":"Feature","id":"kml_n_77.6208314740036_12.9996881837018","properties":{"id":"kml_n_77.6208314740036_12.9996881837018","degree":3,"number":1799,"kind":"junction_candidate"},"geometry":{"type":"Point","coordinates":[77.6208314740036,12.9996881837018]}},{"type":"Feature","id":"kml_n_77.6209291193171_12.9559121807829","properties":{"id":"kml_n_77.6209291193171_12.9559121807829","degree":3,"number":1800,"kind":"junction_candidate"},"geometry":{"type":"Point","coordinates":[77.6209291193171,12.9559121807829]}},{"type":"Feature","id":"kml_n_77.6209549144144_12.9275744886888","properties":{"id":"kml_n_77.6209549144144_12.9275744886888","degree":4,"number":1801,"kind":"junction_candidate"},"geometry":{"type":"Point","coordinates":[77.6209549144144,12.9275744886888]}},{"type":"Feature","id":"kml_n_77.6209570269821_13.0733199360934","properties":{"id":"kml_n_77.6209570269821_13.0733199360934","degree":1,"number":1802,"kind":"endpoint"},"geometry":{"type":"Point","coordinates":[77.6209570269821,13.0733199360934]}},{"type":"Feature","id":"kml_n_77.6213346617991_13.0709076127406","properties":{"id":"kml_n_77.6213346617991_13.0709076127406","degree":3,"number":1803,"kind":"junction_candidate"},"geometry":{"type":"Point","coordinates":[77.6213346617991,13.0709076127406]}},{"type":"Feature","id":"kml_n_77.6213822190056_12.9517333160329","properties":{"id":"kml_n_77.6213822190056_12.9517333160329","degree":3,"number":1804,"kind":"junction_candidate"},"geometry":{"type":"Point","coordinates":[77.6213822190056,12.9517333160329]}},{"type":"Feature","id":"kml_n_77.6213909243649_12.8976910549821","properties":{"id":"kml_n_77.6213909243649_12.8976910549821","degree":3,"number":1805,"kind":"junction_candidate"},"geometry":{"type":"Point","coordinates":[77.6213909243649,12.8976910549821]}},{"type":"Feature","id":"kml_n_77.6217379410847_13.0763436282133","properties":{"id":"kml_n_77.6217379410847_13.0763436282133","degree":1,"number":1806,"kind":"endpoint"},"geometry":{"type":"Point","coordinates":[77.6217379410847,13.0763436282133]}},{"type":"Feature","id":"kml_n_77.6217379438491_13.0763436281852","properties":{"id":"kml_n_77.6217379438491_13.0763436281852","degree":1,"number":1807,"kind":"endpoint"},"geometry":{"type":"Point","coordinates":[77.6217379438491,13.0763436281852]}},{"type":"Feature","id":"kml_n_77.6217782587606_13.0319574025962","properties":{"id":"kml_n_77.6217782587606_13.0319574025962","degree":3,"number":1808,"kind":"junction_candidate"},"geometry":{"type":"Point","coordinates":[77.6217782587606,13.0319574025962]}},{"type":"Feature","id":"kml_n_77.6217885617552_13.0783466158589","properties":{"id":"kml_n_77.6217885617552_13.0783466158589","degree":3,"number":1809,"kind":"junction_candidate"},"geometry":{"type":"Point","coordinates":[77.6217885617552,13.0783466158589]}},{"type":"Feature","id":"kml_n_77.6218171879833_13.0320079691206","properties":{"id":"kml_n_77.6218171879833_13.0320079691206","degree":3,"number":1810,"kind":"junction_candidate"},"geometry":{"type":"Point","coordinates":[77.6218171879833,13.0320079691206]}},{"type":"Feature","id":"kml_n_77.6218261658747_12.8694504632638","properties":{"id":"kml_n_77.6218261658747_12.8694504632638","degree":1,"number":1811,"kind":"endpoint"},"geometry":{"type":"Point","coordinates":[77.6218261658747,12.8694504632638]}},{"type":"Feature","id":"kml_n_77.6219960462888_12.8642118903193","properties":{"id":"kml_n_77.6219960462888_12.8642118903193","degree":1,"number":1812,"kind":"endpoint"},"geometry":{"type":"Point","coordinates":[77.6219960462888,12.8642118903193]}},{"type":"Feature","id":"kml_n_77.6220288868802_13.0076306494549","properties":{"id":"kml_n_77.6220288868802_13.0076306494549","degree":3,"number":1813,"kind":"junction_candidate"},"geometry":{"type":"Point","coordinates":[77.6220288868802,13.0076306494549]}},{"type":"Feature","id":"kml_n_77.6220541342038_12.9980112922188","properties":{"id":"kml_n_77.6220541342038_12.9980112922188","degree":3,"number":1814,"kind":"junction_candidate"},"geometry":{"type":"Point","coordinates":[77.6220541342038,12.9980112922188]}},{"type":"Feature","id":"kml_n_77.6220895634406_12.9980402953512","properties":{"id":"kml_n_77.6220895634406_12.9980402953512","degree":3,"number":1815,"kind":"junction_candidate"},"geometry":{"type":"Point","coordinates":[77.6220895634406,12.9980402953512]}},{"type":"Feature","id":"kml_n_77.6221046960716_13.0077213539331","properties":{"id":"kml_n_77.6221046960716_13.0077213539331","degree":3,"number":1816,"kind":"junction_candidate"},"geometry":{"type":"Point","coordinates":[77.6221046960716,13.0077213539331]}},{"type":"Feature","id":"kml_n_77.622140574543_13.0027860956345","properties":{"id":"kml_n_77.622140574543_13.0027860956345","degree":4,"number":1817,"kind":"junction_candidate"},"geometry":{"type":"Point","coordinates":[77.622140574543,13.0027860956345]}},{"type":"Feature","id":"kml_n_77.6224617596007_12.9982815859998","properties":{"id":"kml_n_77.6224617596007_12.9982815859998","degree":4,"number":1818,"kind":"junction_candidate"},"geometry":{"type":"Point","coordinates":[77.6224617596007,12.9982815859998]}},{"type":"Feature","id":"kml_n_77.6226403338867_12.9173049167215","properties":{"id":"kml_n_77.6226403338867_12.9173049167215","degree":3,"number":1819,"kind":"junction_candidate"},"geometry":{"type":"Point","coordinates":[77.6226403338867,12.9173049167215]}},{"type":"Feature","id":"kml_n_77.6226706312311_12.9172579733824","properties":{"id":"kml_n_77.6226706312311_12.9172579733824","degree":3,"number":1820,"kind":"junction_candidate"},"geometry":{"type":"Point","coordinates":[77.6226706312311,12.9172579733824]}},{"type":"Feature","id":"kml_n_77.6227138351376_12.9425144228978","properties":{"id":"kml_n_77.6227138351376_12.9425144228978","degree":3,"number":1821,"kind":"junction_candidate"},"geometry":{"type":"Point","coordinates":[77.6227138351376,12.9425144228978]}},{"type":"Feature","id":"kml_n_77.6228076463422_12.9424288484905","properties":{"id":"kml_n_77.6228076463422_12.9424288484905","degree":3,"number":1822,"kind":"junction_candidate"},"geometry":{"type":"Point","coordinates":[77.6228076463422,12.9424288484905]}},{"type":"Feature","id":"kml_n_77.6229541804701_12.8746432953082","properties":{"id":"kml_n_77.6229541804701_12.8746432953082","degree":1,"number":1823,"kind":"endpoint"},"geometry":{"type":"Point","coordinates":[77.6229541804701,12.8746432953082]}},{"type":"Feature","id":"kml_n_77.6229663188381_12.9816159434795","properties":{"id":"kml_n_77.6229663188381_12.9816159434795","degree":3,"number":1824,"kind":"junction_candidate"},"geometry":{"type":"Point","coordinates":[77.6229663188381,12.9816159434795]}},{"type":"Feature","id":"kml_n_77.6230312735114_13.0653396643558","properties":{"id":"kml_n_77.6230312735114_13.0653396643558","degree":3,"number":1825,"kind":"junction_candidate"},"geometry":{"type":"Point","coordinates":[77.6230312735114,13.0653396643558]}},{"type":"Feature","id":"kml_n_77.6233196179459_13.0369814960764","properties":{"id":"kml_n_77.6233196179459_13.0369814960764","degree":3,"number":1826,"kind":"junction_candidate"},"geometry":{"type":"Point","coordinates":[77.6233196179459,13.0369814960764]}},{"type":"Feature","id":"kml_n_77.6235303740113_13.1568919006333","properties":{"id":"kml_n_77.6235303740113_13.1568919006333","degree":3,"number":1827,"kind":"junction_candidate"},"geometry":{"type":"Point","coordinates":[77.6235303740113,13.1568919006333]}},{"type":"Feature","id":"kml_n_77.6236794962354_13.0014352006138","properties":{"id":"kml_n_77.6236794962354_13.0014352006138","degree":3,"number":1828,"kind":"junction_candidate"},"geometry":{"type":"Point","coordinates":[77.6236794962354,13.0014352006138]}},{"type":"Feature","id":"kml_n_77.6237871570281_13.0017237521063","properties":{"id":"kml_n_77.6237871570281_13.0017237521063","degree":3,"number":1829,"kind":"junction_candidate"},"geometry":{"type":"Point","coordinates":[77.6237871570281,13.0017237521063]}},{"type":"Feature","id":"kml_n_77.6238126833124_12.9439049393461","properties":{"id":"kml_n_77.6238126833124_12.9439049393461","degree":1,"number":1830,"kind":"endpoint"},"geometry":{"type":"Point","coordinates":[77.6238126833124,12.9439049393461]}},{"type":"Feature","id":"kml_n_77.6239547231211_12.943993810247","properties":{"id":"kml_n_77.6239547231211_12.943993810247","degree":1,"number":1831,"kind":"endpoint"},"geometry":{"type":"Point","coordinates":[77.6239547231211,12.943993810247]}},{"type":"Feature","id":"kml_n_77.6240181778519_13.058727962123","properties":{"id":"kml_n_77.6240181778519_13.058727962123","degree":4,"number":1832,"kind":"junction_candidate"},"geometry":{"type":"Point","coordinates":[77.6240181778519,13.058727962123]}},{"type":"Feature","id":"kml_n_77.6240661907757_13.0587295308501","properties":{"id":"kml_n_77.6240661907757_13.0587295308501","degree":4,"number":1833,"kind":"junction_candidate"},"geometry":{"type":"Point","coordinates":[77.6240661907757,13.0587295308501]}},{"type":"Feature","id":"kml_n_77.624094707792_13.0587249320682","properties":{"id":"kml_n_77.624094707792_13.0587249320682","degree":3,"number":1834,"kind":"junction_candidate"},"geometry":{"type":"Point","coordinates":[77.624094707792,13.0587249320682]}},{"type":"Feature","id":"kml_n_77.6241786976468_13.00693476183","properties":{"id":"kml_n_77.6241786976468_13.00693476183","degree":3,"number":1835,"kind":"junction_candidate"},"geometry":{"type":"Point","coordinates":[77.6241786976468,13.00693476183]}},{"type":"Feature","id":"kml_n_77.6242466578665_13.1578294343664","properties":{"id":"kml_n_77.6242466578665_13.1578294343664","degree":1,"number":1836,"kind":"endpoint"},"geometry":{"type":"Point","coordinates":[77.6242466578665,13.1578294343664]}},{"type":"Feature","id":"kml_n_77.6243026294976_13.0401849040652","properties":{"id":"kml_n_77.6243026294976_13.0401849040652","degree":4,"number":1837,"kind":"junction_candidate"},"geometry":{"type":"Point","coordinates":[77.6243026294976,13.0401849040652]}},{"type":"Feature","id":"kml_n_77.6243660214537_12.9352216069607","properties":{"id":"kml_n_77.6243660214537_12.9352216069607","degree":3,"number":1838,"kind":"junction_candidate"},"geometry":{"type":"Point","coordinates":[77.6243660214537,12.9352216069607]}},{"type":"Feature","id":"kml_n_77.6244455915002_13.0665994548039","properties":{"id":"kml_n_77.6244455915002_13.0665994548039","degree":1,"number":1839,"kind":"endpoint"},"geometry":{"type":"Point","coordinates":[77.6244455915002,13.0665994548039]}},{"type":"Feature","id":"kml_n_77.6245844329946_13.0505515785326","properties":{"id":"kml_n_77.6245844329946_13.0505515785326","degree":3,"number":1840,"kind":"junction_candidate"},"geometry":{"type":"Point","coordinates":[77.6245844329946,13.0505515785326]}},{"type":"Feature","id":"kml_n_77.6245883537628_12.9537627939136","properties":{"id":"kml_n_77.6245883537628_12.9537627939136","degree":1,"number":1841,"kind":"endpoint"},"geometry":{"type":"Point","coordinates":[77.6245883537628,12.9537627939136]}},{"type":"Feature","id":"kml_n_77.6245892852301_12.9538546881249","properties":{"id":"kml_n_77.6245892852301_12.9538546881249","degree":1,"number":1842,"kind":"endpoint"},"geometry":{"type":"Point","coordinates":[77.6245892852301,12.9538546881249]}},{"type":"Feature","id":"kml_n_77.6247103331983_12.8784998001346","properties":{"id":"kml_n_77.6247103331983_12.8784998001346","degree":1,"number":1843,"kind":"endpoint"},"geometry":{"type":"Point","coordinates":[77.6247103331983,12.8784998001346]}},{"type":"Feature","id":"kml_n_77.6250474687996_13.0823104427944","properties":{"id":"kml_n_77.6250474687996_13.0823104427944","degree":3,"number":1844,"kind":"junction_candidate"},"geometry":{"type":"Point","coordinates":[77.6250474687996,13.0823104427944]}},{"type":"Feature","id":"kml_n_77.6250921602717_12.9660619300542","properties":{"id":"kml_n_77.6250921602717_12.9660619300542","degree":3,"number":1845,"kind":"junction_candidate"},"geometry":{"type":"Point","coordinates":[77.6250921602717,12.9660619300542]}},{"type":"Feature","id":"kml_n_77.6251471477872_13.1218042023123","properties":{"id":"kml_n_77.6251471477872_13.1218042023123","degree":1,"number":1846,"kind":"endpoint"},"geometry":{"type":"Point","coordinates":[77.6251471477872,13.1218042023123]}},{"type":"Feature","id":"kml_n_77.6251584503283_13.1218053517723","properties":{"id":"kml_n_77.6251584503283_13.1218053517723","degree":1,"number":1847,"kind":"endpoint"},"geometry":{"type":"Point","coordinates":[77.6251584503283,13.1218053517723]}},{"type":"Feature","id":"kml_n_77.6253310512133_12.9750409670244","properties":{"id":"kml_n_77.6253310512133_12.9750409670244","degree":3,"number":1848,"kind":"junction_candidate"},"geometry":{"type":"Point","coordinates":[77.6253310512133,12.9750409670244]}},{"type":"Feature","id":"kml_n_77.6253995902305_12.9750945593561","properties":{"id":"kml_n_77.6253995902305_12.9750945593561","degree":3,"number":1849,"kind":"junction_candidate"},"geometry":{"type":"Point","coordinates":[77.6253995902305,12.9750945593561]}},{"type":"Feature","id":"kml_n_77.6254086162173_12.8778736661077","properties":{"id":"kml_n_77.6254086162173_12.8778736661077","degree":3,"number":1850,"kind":"junction_candidate"},"geometry":{"type":"Point","coordinates":[77.6254086162173,12.8778736661077]}},{"type":"Feature","id":"kml_n_77.6255509834475_13.0064092982059","properties":{"id":"kml_n_77.6255509834475_13.0064092982059","degree":3,"number":1851,"kind":"junction_candidate"},"geometry":{"type":"Point","coordinates":[77.6255509834475,13.0064092982059]}},{"type":"Feature","id":"kml_n_77.6256085744873_12.9450965759544","properties":{"id":"kml_n_77.6256085744873_12.9450965759544","degree":1,"number":1852,"kind":"endpoint"},"geometry":{"type":"Point","coordinates":[77.6256085744873,12.9450965759544]}},{"type":"Feature","id":"kml_n_77.6256086595866_12.9450966103302","properties":{"id":"kml_n_77.6256086595866_12.9450966103302","degree":1,"number":1853,"kind":"endpoint"},"geometry":{"type":"Point","coordinates":[77.6256086595866,12.9450966103302]}},{"type":"Feature","id":"kml_n_77.6257401693473_12.8945130686827","properties":{"id":"kml_n_77.6257401693473_12.8945130686827","degree":3,"number":1854,"kind":"junction_candidate"},"geometry":{"type":"Point","coordinates":[77.6257401693473,12.8945130686827]}},{"type":"Feature","id":"kml_n_77.6257657254982_12.8945717276273","properties":{"id":"kml_n_77.6257657254982_12.8945717276273","degree":3,"number":1855,"kind":"junction_candidate"},"geometry":{"type":"Point","coordinates":[77.6257657254982,12.8945717276273]}},{"type":"Feature","id":"kml_n_77.625787357431_12.9521514960182","properties":{"id":"kml_n_77.625787357431_12.9521514960182","degree":1,"number":1856,"kind":"endpoint"},"geometry":{"type":"Point","coordinates":[77.625787357431,12.9521514960182]}},{"type":"Feature","id":"kml_n_77.6257910255302_12.9522438901595","properties":{"id":"kml_n_77.6257910255302_12.9522438901595","degree":1,"number":1857,"kind":"endpoint"},"geometry":{"type":"Point","coordinates":[77.6257910255302,12.9522438901595]}},{"type":"Feature","id":"kml_n_77.6258822027209_13.0380625687067","properties":{"id":"kml_n_77.6258822027209_13.0380625687067","degree":3,"number":1858,"kind":"junction_candidate"},"geometry":{"type":"Point","coordinates":[77.6258822027209,13.0380625687067]}},{"type":"Feature","id":"kml_n_77.6261611522035_13.0130219268549","properties":{"id":"kml_n_77.6261611522035_13.0130219268549","degree":3,"number":1859,"kind":"junction_candidate"},"geometry":{"type":"Point","coordinates":[77.6261611522035,13.0130219268549]}},{"type":"Feature","id":"kml_n_77.6264342107962_13.0005026922841","properties":{"id":"kml_n_77.6264342107962_13.0005026922841","degree":3,"number":1860,"kind":"junction_candidate"},"geometry":{"type":"Point","coordinates":[77.6264342107962,13.0005026922841]}},{"type":"Feature","id":"kml_n_77.6266079445543_13.0687124446822","properties":{"id":"kml_n_77.6266079445543_13.0687124446822","degree":1,"number":1861,"kind":"endpoint"},"geometry":{"type":"Point","coordinates":[77.6266079445543,13.0687124446822]}},{"type":"Feature","id":"kml_n_77.6267104467924_13.0650631223114","properties":{"id":"kml_n_77.6267104467924_13.0650631223114","degree":1,"number":1862,"kind":"endpoint"},"geometry":{"type":"Point","coordinates":[77.6267104467924,13.0650631223114]}},{"type":"Feature","id":"kml_n_77.6269025048439_12.9372604869506","properties":{"id":"kml_n_77.6269025048439_12.9372604869506","degree":4,"number":1863,"kind":"junction_candidate"},"geometry":{"type":"Point","coordinates":[77.6269025048439,12.9372604869506]}},{"type":"Feature","id":"kml_n_77.6270015145737_13.0656481957726","properties":{"id":"kml_n_77.6270015145737_13.0656481957726","degree":1,"number":1864,"kind":"endpoint"},"geometry":{"type":"Point","coordinates":[77.6270015145737,13.0656481957726]}},{"type":"Feature","id":"kml_n_77.6270015146024_13.0656481984826","properties":{"id":"kml_n_77.6270015146024_13.0656481984826","degree":1,"number":1865,"kind":"endpoint"},"geometry":{"type":"Point","coordinates":[77.6270015146024,13.0656481984826]}},{"type":"Feature","id":"kml_n_77.6270233643557_12.9103617453583","properties":{"id":"kml_n_77.6270233643557_12.9103617453583","degree":1,"number":1866,"kind":"endpoint"},"geometry":{"type":"Point","coordinates":[77.6270233643557,12.9103617453583]}},{"type":"Feature","id":"kml_n_77.6271435985643_12.9034970040618","properties":{"id":"kml_n_77.6271435985643_12.9034970040618","degree":3,"number":1867,"kind":"junction_candidate"},"geometry":{"type":"Point","coordinates":[77.6271435985643,12.9034970040618]}},{"type":"Feature","id":"kml_n_77.6272343173025_13.0144710108461","properties":{"id":"kml_n_77.6272343173025_13.0144710108461","degree":3,"number":1868,"kind":"junction_candidate"},"geometry":{"type":"Point","coordinates":[77.6272343173025,13.0144710108461]}},{"type":"Feature","id":"kml_n_77.627239447472_12.9490881214643","properties":{"id":"kml_n_77.627239447472_12.9490881214643","degree":3,"number":1869,"kind":"junction_candidate"},"geometry":{"type":"Point","coordinates":[77.627239447472,12.9490881214643]}},{"type":"Feature","id":"kml_n_77.6275932484745_13.0573027224004","properties":{"id":"kml_n_77.6275932484745_13.0573027224004","degree":3,"number":1870,"kind":"junction_candidate"},"geometry":{"type":"Point","coordinates":[77.6275932484745,13.0573027224004]}},{"type":"Feature","id":"kml_n_77.6276291820463_13.0572907817668","properties":{"id":"kml_n_77.6276291820463_13.0572907817668","degree":3,"number":1871,"kind":"junction_candidate"},"geometry":{"type":"Point","coordinates":[77.6276291820463,13.0572907817668]}},{"type":"Feature","id":"kml_n_77.6276609196576_13.0458161278833","properties":{"id":"kml_n_77.6276609196576_13.0458161278833","degree":3,"number":1872,"kind":"junction_candidate"},"geometry":{"type":"Point","coordinates":[77.6276609196576,13.0458161278833]}},{"type":"Feature","id":"kml_n_77.6276989812318_13.0684768161521","properties":{"id":"kml_n_77.6276989812318_13.0684768161521","degree":3,"number":1873,"kind":"junction_candidate"},"geometry":{"type":"Point","coordinates":[77.6276989812318,13.0684768161521]}},{"type":"Feature","id":"kml_n_77.628173038325_13.0357235759121","properties":{"id":"kml_n_77.628173038325_13.0357235759121","degree":3,"number":1874,"kind":"junction_candidate"},"geometry":{"type":"Point","coordinates":[77.628173038325,13.0357235759121]}},{"type":"Feature","id":"kml_n_77.6282586495413_12.924513385495","properties":{"id":"kml_n_77.6282586495413_12.924513385495","degree":3,"number":1875,"kind":"junction_candidate"},"geometry":{"type":"Point","coordinates":[77.6282586495413,12.924513385495]}},{"type":"Feature","id":"kml_n_77.6284108970822_12.9780697377656","properties":{"id":"kml_n_77.6284108970822_12.9780697377656","degree":1,"number":1876,"kind":"endpoint"},"geometry":{"type":"Point","coordinates":[77.6284108970822,12.9780697377656]}},{"type":"Feature","id":"kml_n_77.628462092017_12.9816887998184","properties":{"id":"kml_n_77.628462092017_12.9816887998184","degree":3,"number":1877,"kind":"junction_candidate"},"geometry":{"type":"Point","coordinates":[77.628462092017,12.9816887998184]}},{"type":"Feature","id":"kml_n_77.6285022228974_12.9781905753528","properties":{"id":"kml_n_77.6285022228974_12.9781905753528","degree":1,"number":1878,"kind":"endpoint"},"geometry":{"type":"Point","coordinates":[77.6285022228974,12.9781905753528]}},{"type":"Feature","id":"kml_n_77.6286690346239_12.9784112951063","properties":{"id":"kml_n_77.6286690346239_12.9784112951063","degree":3,"number":1879,"kind":"junction_candidate"},"geometry":{"type":"Point","coordinates":[77.6286690346239,12.9784112951063]}},{"type":"Feature","id":"kml_n_77.6286731600762_13.0210707007184","properties":{"id":"kml_n_77.6286731600762_13.0210707007184","degree":4,"number":1880,"kind":"junction_candidate"},"geometry":{"type":"Point","coordinates":[77.6286731600762,13.0210707007184]}},{"type":"Feature","id":"kml_n_77.6287310938713_12.9242369195138","properties":{"id":"kml_n_77.6287310938713_12.9242369195138","degree":3,"number":1881,"kind":"junction_candidate"},"geometry":{"type":"Point","coordinates":[77.6287310938713,12.9242369195138]}},{"type":"Feature","id":"kml_n_77.6287839351675_12.978535640606","properties":{"id":"kml_n_77.6287839351675_12.978535640606","degree":3,"number":1882,"kind":"junction_candidate"},"geometry":{"type":"Point","coordinates":[77.6287839351675,12.978535640606]}},{"type":"Feature","id":"kml_n_77.6287923345646_12.9071374271687","properties":{"id":"kml_n_77.6287923345646_12.9071374271687","degree":3,"number":1883,"kind":"junction_candidate"},"geometry":{"type":"Point","coordinates":[77.6287923345646,12.9071374271687]}},{"type":"Feature","id":"kml_n_77.6288727807569_12.9464376732831","properties":{"id":"kml_n_77.6288727807569_12.9464376732831","degree":3,"number":1884,"kind":"junction_candidate"},"geometry":{"type":"Point","coordinates":[77.6288727807569,12.9464376732831]}},{"type":"Feature","id":"kml_n_77.6289653320247_12.9692160268948","properties":{"id":"kml_n_77.6289653320247_12.9692160268948","degree":3,"number":1885,"kind":"junction_candidate"},"geometry":{"type":"Point","coordinates":[77.6289653320247,12.9692160268948]}},{"type":"Feature","id":"kml_n_77.6290497667162_13.040073214213","properties":{"id":"kml_n_77.6290497667162_13.040073214213","degree":3,"number":1886,"kind":"junction_candidate"},"geometry":{"type":"Point","coordinates":[77.6290497667162,13.040073214213]}},{"type":"Feature","id":"kml_n_77.6290992126228_12.9789594957529","properties":{"id":"kml_n_77.6290992126228_12.9789594957529","degree":3,"number":1887,"kind":"junction_candidate"},"geometry":{"type":"Point","coordinates":[77.6290992126228,12.9789594957529]}},{"type":"Feature","id":"kml_n_77.6292561022937_13.0160599674365","properties":{"id":"kml_n_77.6292561022937_13.0160599674365","degree":1,"number":1888,"kind":"endpoint"},"geometry":{"type":"Point","coordinates":[77.6292561022937,13.0160599674365]}},{"type":"Feature","id":"kml_n_77.6293489155299_12.9062309971569","properties":{"id":"kml_n_77.6293489155299_12.9062309971569","degree":1,"number":1889,"kind":"endpoint"},"geometry":{"type":"Point","coordinates":[77.6293489155299,12.9062309971569]}},{"type":"Feature","id":"kml_n_77.6295193803716_13.0619910137061","properties":{"id":"kml_n_77.6295193803716_13.0619910137061","degree":1,"number":1890,"kind":"endpoint"},"geometry":{"type":"Point","coordinates":[77.6295193803716,13.0619910137061]}},{"type":"Feature","id":"kml_n_77.6295193822144_13.0619910136873","properties":{"id":"kml_n_77.6295193822144_13.0619910136873","degree":1,"number":1891,"kind":"endpoint"},"geometry":{"type":"Point","coordinates":[77.6295193822144,13.0619910136873]}},{"type":"Feature","id":"kml_n_77.6295672175682_13.0620835145778","properties":{"id":"kml_n_77.6295672175682_13.0620835145778","degree":3,"number":1892,"kind":"junction_candidate"},"geometry":{"type":"Point","coordinates":[77.6295672175682,13.0620835145778]}},{"type":"Feature","id":"kml_n_77.6297546935954_13.0013754702806","properties":{"id":"kml_n_77.6297546935954_13.0013754702806","degree":3,"number":1893,"kind":"junction_candidate"},"geometry":{"type":"Point","coordinates":[77.6297546935954,13.0013754702806]}},{"type":"Feature","id":"kml_n_77.6298022075851_13.0492966358811","properties":{"id":"kml_n_77.6298022075851_13.0492966358811","degree":3,"number":1894,"kind":"junction_candidate"},"geometry":{"type":"Point","coordinates":[77.6298022075851,13.0492966358811]}},{"type":"Feature","id":"kml_n_77.6298807417148_13.0214797867856","properties":{"id":"kml_n_77.6298807417148_13.0214797867856","degree":3,"number":1895,"kind":"junction_candidate"},"geometry":{"type":"Point","coordinates":[77.6298807417148,13.0214797867856]}},{"type":"Feature","id":"kml_n_77.6298885061509_13.0209906169406","properties":{"id":"kml_n_77.6298885061509_13.0209906169406","degree":3,"number":1896,"kind":"junction_candidate"},"geometry":{"type":"Point","coordinates":[77.6298885061509,13.0209906169406]}},{"type":"Feature","id":"kml_n_77.6300975445175_13.0202273729366","properties":{"id":"kml_n_77.6300975445175_13.0202273729366","degree":3,"number":1897,"kind":"junction_candidate"},"geometry":{"type":"Point","coordinates":[77.6300975445175,13.0202273729366]}},{"type":"Feature","id":"kml_n_77.6301226713438_13.0318866163453","properties":{"id":"kml_n_77.6301226713438_13.0318866163453","degree":3,"number":1898,"kind":"junction_candidate"},"geometry":{"type":"Point","coordinates":[77.6301226713438,13.0318866163453]}},{"type":"Feature","id":"kml_n_77.630152179706_13.0785303534612","properties":{"id":"kml_n_77.630152179706_13.0785303534612","degree":1,"number":1899,"kind":"endpoint"},"geometry":{"type":"Point","coordinates":[77.630152179706,13.0785303534612]}},{"type":"Feature","id":"kml_n_77.6309959147729_13.0516266430651","properties":{"id":"kml_n_77.6309959147729_13.0516266430651","degree":3,"number":1900,"kind":"junction_candidate"},"geometry":{"type":"Point","coordinates":[77.6309959147729,13.0516266430651]}},{"type":"Feature","id":"kml_n_77.6313256115783_13.0935015554614","properties":{"id":"kml_n_77.6313256115783_13.0935015554614","degree":1,"number":1901,"kind":"endpoint"},"geometry":{"type":"Point","coordinates":[77.6313256115783,13.0935015554614]}},{"type":"Feature","id":"kml_n_77.6313341978763_12.9815718043567","properties":{"id":"kml_n_77.6313341978763_12.9815718043567","degree":3,"number":1902,"kind":"junction_candidate"},"geometry":{"type":"Point","coordinates":[77.6313341978763,12.9815718043567]}},{"type":"Feature","id":"kml_n_77.6313532314313_13.0246844613539","properties":{"id":"kml_n_77.6313532314313_13.0246844613539","degree":3,"number":1903,"kind":"junction_candidate"},"geometry":{"type":"Point","coordinates":[77.6313532314313,13.0246844613539]}},{"type":"Feature","id":"kml_n_77.6314499404015_13.0291829089311","properties":{"id":"kml_n_77.6314499404015_13.0291829089311","degree":3,"number":1904,"kind":"junction_candidate"},"geometry":{"type":"Point","coordinates":[77.6314499404015,13.0291829089311]}},{"type":"Feature","id":"kml_n_77.6317884242466_13.0430822522738","properties":{"id":"kml_n_77.6317884242466_13.0430822522738","degree":3,"number":1905,"kind":"junction_candidate"},"geometry":{"type":"Point","coordinates":[77.6317884242466,13.0430822522738]}},{"type":"Feature","id":"kml_n_77.6322471573395_12.9165406427877","properties":{"id":"kml_n_77.6322471573395_12.9165406427877","degree":3,"number":1906,"kind":"junction_candidate"},"geometry":{"type":"Point","coordinates":[77.6322471573395,12.9165406427877]}},{"type":"Feature","id":"kml_n_77.6323320927514_13.0395771221736","properties":{"id":"kml_n_77.6323320927514_13.0395771221736","degree":4,"number":1907,"kind":"junction_candidate"},"geometry":{"type":"Point","coordinates":[77.6323320927514,13.0395771221736]}},{"type":"Feature","id":"kml_n_77.6323758949243_12.9124543780479","properties":{"id":"kml_n_77.6323758949243_12.9124543780479","degree":3,"number":1908,"kind":"junction_candidate"},"geometry":{"type":"Point","coordinates":[77.6323758949243,12.9124543780479]}},{"type":"Feature","id":"kml_n_77.6323828512373_12.911880908942","properties":{"id":"kml_n_77.6323828512373_12.911880908942","degree":3,"number":1909,"kind":"junction_candidate"},"geometry":{"type":"Point","coordinates":[77.6323828512373,12.911880908942]}},{"type":"Feature","id":"kml_n_77.632395523766_12.9703533942966","properties":{"id":"kml_n_77.632395523766_12.9703533942966","degree":3,"number":1910,"kind":"junction_candidate"},"geometry":{"type":"Point","coordinates":[77.632395523766,12.9703533942966]}},{"type":"Feature","id":"kml_n_77.63251461439_12.9066544633354","properties":{"id":"kml_n_77.63251461439_12.9066544633354","degree":3,"number":1911,"kind":"junction_candidate"},"geometry":{"type":"Point","coordinates":[77.63251461439,12.9066544633354]}},{"type":"Feature","id":"kml_n_77.6325258092376_13.0430237956922","properties":{"id":"kml_n_77.6325258092376_13.0430237956922","degree":3,"number":1912,"kind":"junction_candidate"},"geometry":{"type":"Point","coordinates":[77.6325258092376,13.0430237956922]}},{"type":"Feature","id":"kml_n_77.6325553383513_13.056002075718","properties":{"id":"kml_n_77.6325553383513_13.056002075718","degree":1,"number":1913,"kind":"endpoint"},"geometry":{"type":"Point","coordinates":[77.6325553383513,13.056002075718]}},{"type":"Feature","id":"kml_n_77.6326132639602_13.0277618618359","properties":{"id":"kml_n_77.6326132639602_13.0277618618359","degree":3,"number":1914,"kind":"junction_candidate"},"geometry":{"type":"Point","coordinates":[77.6326132639602,13.0277618618359]}},{"type":"Feature","id":"kml_n_77.6326186828434_13.034400889195","properties":{"id":"kml_n_77.6326186828434_13.034400889195","degree":4,"number":1915,"kind":"junction_candidate"},"geometry":{"type":"Point","coordinates":[77.6326186828434,13.034400889195]}},{"type":"Feature","id":"kml_n_77.6326806902358_12.9384886267735","properties":{"id":"kml_n_77.6326806902358_12.9384886267735","degree":4,"number":1916,"kind":"junction_candidate"},"geometry":{"type":"Point","coordinates":[77.6326806902358,12.9384886267735]}},{"type":"Feature","id":"kml_n_77.6327020438859_13.0277162291871","properties":{"id":"kml_n_77.6327020438859_13.0277162291871","degree":3,"number":1917,"kind":"junction_candidate"},"geometry":{"type":"Point","coordinates":[77.6327020438859,13.0277162291871]}},{"type":"Feature","id":"kml_n_77.6327704257362_12.8938172370005","properties":{"id":"kml_n_77.6327704257362_12.8938172370005","degree":1,"number":1918,"kind":"endpoint"},"geometry":{"type":"Point","coordinates":[77.6327704257362,12.8938172370005]}},{"type":"Feature","id":"kml_n_77.6327818094983_12.8938153670747","properties":{"id":"kml_n_77.6327818094983_12.8938153670747","degree":1,"number":1919,"kind":"endpoint"},"geometry":{"type":"Point","coordinates":[77.6327818094983,12.8938153670747]}},{"type":"Feature","id":"kml_n_77.632795326626_13.0278307021373","properties":{"id":"kml_n_77.632795326626_13.0278307021373","degree":3,"number":1920,"kind":"junction_candidate"},"geometry":{"type":"Point","coordinates":[77.632795326626,13.0278307021373]}},{"type":"Feature","id":"kml_n_77.6330105502468_13.0574299145629","properties":{"id":"kml_n_77.6330105502468_13.0574299145629","degree":1,"number":1921,"kind":"endpoint"},"geometry":{"type":"Point","coordinates":[77.6330105502468,13.0574299145629]}},{"type":"Feature","id":"kml_n_77.6330105502755_13.0574299172729","properties":{"id":"kml_n_77.6330105502755_13.0574299172729","degree":1,"number":1922,"kind":"endpoint"},"geometry":{"type":"Point","coordinates":[77.6330105502755,13.0574299172729]}},{"type":"Feature","id":"kml_n_77.6332733886705_13.0615385883618","properties":{"id":"kml_n_77.6332733886705_13.0615385883618","degree":3,"number":1923,"kind":"junction_candidate"},"geometry":{"type":"Point","coordinates":[77.6332733886705,13.0615385883618]}},{"type":"Feature","id":"kml_n_77.6333118034669_13.0851287478979","properties":{"id":"kml_n_77.6333118034669_13.0851287478979","degree":3,"number":1924,"kind":"junction_candidate"},"geometry":{"type":"Point","coordinates":[77.6333118034669,13.0851287478979]}},{"type":"Feature","id":"kml_n_77.633374089645_13.0859725553834","properties":{"id":"kml_n_77.633374089645_13.0859725553834","degree":3,"number":1925,"kind":"junction_candidate"},"geometry":{"type":"Point","coordinates":[77.633374089645,13.0859725553834]}},{"type":"Feature","id":"kml_n_77.6334300328302_13.0364335572908","properties":{"id":"kml_n_77.6334300328302_13.0364335572908","degree":3,"number":1926,"kind":"junction_candidate"},"geometry":{"type":"Point","coordinates":[77.6334300328302,13.0364335572908]}},{"type":"Feature","id":"kml_n_77.6334767740812_13.0804227263426","properties":{"id":"kml_n_77.6334767740812_13.0804227263426","degree":3,"number":1927,"kind":"junction_candidate"},"geometry":{"type":"Point","coordinates":[77.6334767740812,13.0804227263426]}},{"type":"Feature","id":"kml_n_77.6334907897483_13.0286954538778","properties":{"id":"kml_n_77.6334907897483_13.0286954538778","degree":3,"number":1928,"kind":"junction_candidate"},"geometry":{"type":"Point","coordinates":[77.6334907897483,13.0286954538778]}},{"type":"Feature","id":"kml_n_77.6335114309204_12.9686291252212","properties":{"id":"kml_n_77.6335114309204_12.9686291252212","degree":1,"number":1929,"kind":"endpoint"},"geometry":{"type":"Point","coordinates":[77.6335114309204,12.9686291252212]}},{"type":"Feature","id":"kml_n_77.633533740868_13.0364663366573","properties":{"id":"kml_n_77.633533740868_13.0364663366573","degree":1,"number":1930,"kind":"endpoint"},"geometry":{"type":"Point","coordinates":[77.633533740868,13.0364663366573]}},{"type":"Feature","id":"kml_n_77.6335337408967_13.0364663393672","properties":{"id":"kml_n_77.6335337408967_13.0364663393672","degree":1,"number":1931,"kind":"endpoint"},"geometry":{"type":"Point","coordinates":[77.6335337408967,13.0364663393672]}},{"type":"Feature","id":"kml_n_77.6335355778454_13.0766596324972","properties":{"id":"kml_n_77.6335355778454_13.0766596324972","degree":3,"number":1932,"kind":"junction_candidate"},"geometry":{"type":"Point","coordinates":[77.6335355778454,13.0766596324972]}},{"type":"Feature","id":"kml_n_77.6335402066842_12.9248757571992","properties":{"id":"kml_n_77.6335402066842_12.9248757571992","degree":3,"number":1933,"kind":"junction_candidate"},"geometry":{"type":"Point","coordinates":[77.6335402066842,12.9248757571992]}},{"type":"Feature","id":"kml_n_77.6335508021722_13.098773434126","properties":{"id":"kml_n_77.6335508021722_13.098773434126","degree":1,"number":1934,"kind":"endpoint"},"geometry":{"type":"Point","coordinates":[77.6335508021722,13.098773434126]}},{"type":"Feature","id":"kml_n_77.633557882564_13.0987809178334","properties":{"id":"kml_n_77.633557882564_13.0987809178334","degree":1,"number":1935,"kind":"endpoint"},"geometry":{"type":"Point","coordinates":[77.633557882564,13.0987809178334]}},{"type":"Feature","id":"kml_n_77.6335984818725_13.0363935357019","properties":{"id":"kml_n_77.6335984818725_13.0363935357019","degree":1,"number":1936,"kind":"endpoint"},"geometry":{"type":"Point","coordinates":[77.6335984818725,13.0363935357019]}},{"type":"Feature","id":"kml_n_77.6336833132662_13.0717055893705","properties":{"id":"kml_n_77.6336833132662_13.0717055893705","degree":4,"number":1937,"kind":"junction_candidate"},"geometry":{"type":"Point","coordinates":[77.6336833132662,13.0717055893705]}},{"type":"Feature","id":"kml_n_77.6337018898784_13.0739166523724","properties":{"id":"kml_n_77.6337018898784_13.0739166523724","degree":1,"number":1938,"kind":"endpoint"},"geometry":{"type":"Point","coordinates":[77.6337018898784,13.0739166523724]}},{"type":"Feature","id":"kml_n_77.6337112718793_13.0748005025154","properties":{"id":"kml_n_77.6337112718793_13.0748005025154","degree":1,"number":1939,"kind":"endpoint"},"geometry":{"type":"Point","coordinates":[77.6337112718793,13.0748005025154]}},{"type":"Feature","id":"kml_n_77.633711271908_13.0748005052254","properties":{"id":"kml_n_77.633711271908_13.0748005052254","degree":1,"number":1940,"kind":"endpoint"},"geometry":{"type":"Point","coordinates":[77.633711271908,13.0748005052254]}},{"type":"Feature","id":"kml_n_77.633857194308_13.0512469785655","properties":{"id":"kml_n_77.633857194308_13.0512469785655","degree":3,"number":1941,"kind":"junction_candidate"},"geometry":{"type":"Point","coordinates":[77.633857194308,13.0512469785655]}},{"type":"Feature","id":"kml_n_77.6340722909988_13.038447597202","properties":{"id":"kml_n_77.6340722909988_13.038447597202","degree":3,"number":1942,"kind":"junction_candidate"},"geometry":{"type":"Point","coordinates":[77.6340722909988,13.038447597202]}},{"type":"Feature","id":"kml_n_77.634309744812_13.0393777330437","properties":{"id":"kml_n_77.634309744812_13.0393777330437","degree":1,"number":1943,"kind":"endpoint"},"geometry":{"type":"Point","coordinates":[77.634309744812,13.0393777330437]}},{"type":"Feature","id":"kml_n_77.6347399659809_12.8593306989173","properties":{"id":"kml_n_77.6347399659809_12.8593306989173","degree":1,"number":1944,"kind":"endpoint"},"geometry":{"type":"Point","coordinates":[77.6347399659809,12.8593306989173]}},{"type":"Feature","id":"kml_n_77.6347863247247_13.1016674331314","properties":{"id":"kml_n_77.6347863247247_13.1016674331314","degree":4,"number":1945,"kind":"junction_candidate"},"geometry":{"type":"Point","coordinates":[77.6347863247247,13.1016674331314]}},{"type":"Feature","id":"kml_n_77.6348669102996_13.1016441270978","properties":{"id":"kml_n_77.6348669102996_13.1016441270978","degree":3,"number":1946,"kind":"junction_candidate"},"geometry":{"type":"Point","coordinates":[77.6348669102996,13.1016441270978]}},{"type":"Feature","id":"kml_n_77.6348769440919_13.0847146878507","properties":{"id":"kml_n_77.6348769440919_13.0847146878507","degree":3,"number":1947,"kind":"junction_candidate"},"geometry":{"type":"Point","coordinates":[77.6348769440919,13.0847146878507]}},{"type":"Feature","id":"kml_n_77.6350819292616_12.9651945094064","properties":{"id":"kml_n_77.6350819292616_12.9651945094064","degree":3,"number":1948,"kind":"junction_candidate"},"geometry":{"type":"Point","coordinates":[77.6350819292616,12.9651945094064]}},{"type":"Feature","id":"kml_n_77.6353568952642_13.0127264994958","properties":{"id":"kml_n_77.6353568952642_13.0127264994958","degree":3,"number":1949,"kind":"junction_candidate"},"geometry":{"type":"Point","coordinates":[77.6353568952642,13.0127264994958]}},{"type":"Feature","id":"kml_n_77.6357674190706_13.0144021886126","properties":{"id":"kml_n_77.6357674190706_13.0144021886126","degree":3,"number":1950,"kind":"junction_candidate"},"geometry":{"type":"Point","coordinates":[77.6357674190706,13.0144021886126]}},{"type":"Feature","id":"kml_n_77.6357905233937_13.0144724410391","properties":{"id":"kml_n_77.6357905233937_13.0144724410391","degree":3,"number":1951,"kind":"junction_candidate"},"geometry":{"type":"Point","coordinates":[77.6357905233937,13.0144724410391]}},{"type":"Feature","id":"kml_n_77.635827636322_13.0916430951886","properties":{"id":"kml_n_77.635827636322_13.0916430951886","degree":4,"number":1952,"kind":"junction_candidate"},"geometry":{"type":"Point","coordinates":[77.635827636322,13.0916430951886]}},{"type":"Feature","id":"kml_n_77.6359349414193_12.9698593531437","properties":{"id":"kml_n_77.6359349414193_12.9698593531437","degree":3,"number":1953,"kind":"junction_candidate"},"geometry":{"type":"Point","coordinates":[77.6359349414193,12.9698593531437]}},{"type":"Feature","id":"kml_n_77.635964293798_12.9693112013141","properties":{"id":"kml_n_77.635964293798_12.9693112013141","degree":3,"number":1954,"kind":"junction_candidate"},"geometry":{"type":"Point","coordinates":[77.635964293798,12.9693112013141]}},{"type":"Feature","id":"kml_n_77.6360009749402_12.9716955617007","properties":{"id":"kml_n_77.6360009749402_12.9716955617007","degree":4,"number":1955,"kind":"junction_candidate"},"geometry":{"type":"Point","coordinates":[77.6360009749402,12.9716955617007]}},{"type":"Feature","id":"kml_n_77.6361314188975_13.0161063969831","properties":{"id":"kml_n_77.6361314188975_13.0161063969831","degree":3,"number":1956,"kind":"junction_candidate"},"geometry":{"type":"Point","coordinates":[77.6361314188975,13.0161063969831]}},{"type":"Feature","id":"kml_n_77.6362022926732_13.0038395064131","properties":{"id":"kml_n_77.6362022926732_13.0038395064131","degree":3,"number":1957,"kind":"junction_candidate"},"geometry":{"type":"Point","coordinates":[77.6362022926732,13.0038395064131]}},{"type":"Feature","id":"kml_n_77.6362518783045_13.0038841539523","properties":{"id":"kml_n_77.6362518783045_13.0038841539523","degree":3,"number":1958,"kind":"junction_candidate"},"geometry":{"type":"Point","coordinates":[77.6362518783045,13.0038841539523]}},{"type":"Feature","id":"kml_n_77.6366329880715_12.894377047228","properties":{"id":"kml_n_77.6366329880715_12.894377047228","degree":3,"number":1959,"kind":"junction_candidate"},"geometry":{"type":"Point","coordinates":[77.6366329880715,12.894377047228]}},{"type":"Feature","id":"kml_n_77.6367211822285_12.9782535868346","properties":{"id":"kml_n_77.6367211822285_12.9782535868346","degree":4,"number":1960,"kind":"junction_candidate"},"geometry":{"type":"Point","coordinates":[77.6367211822285,12.9782535868346]}},{"type":"Feature","id":"kml_n_77.6369085808649_13.0207813368401","properties":{"id":"kml_n_77.6369085808649_13.0207813368401","degree":3,"number":1961,"kind":"junction_candidate"},"geometry":{"type":"Point","coordinates":[77.6369085808649,13.0207813368401]}},{"type":"Feature","id":"kml_n_77.6369999662318_13.0264560271359","properties":{"id":"kml_n_77.6369999662318_13.0264560271359","degree":3,"number":1962,"kind":"junction_candidate"},"geometry":{"type":"Point","coordinates":[77.6369999662318,13.0264560271359]}},{"type":"Feature","id":"kml_n_77.6370661041454_12.966856795921","properties":{"id":"kml_n_77.6370661041454_12.966856795921","degree":4,"number":1963,"kind":"junction_candidate"},"geometry":{"type":"Point","coordinates":[77.6370661041454,12.966856795921]}},{"type":"Feature","id":"kml_n_77.637140991352_13.0555390364019","properties":{"id":"kml_n_77.637140991352_13.0555390364019","degree":1,"number":1964,"kind":"endpoint"},"geometry":{"type":"Point","coordinates":[77.637140991352,13.0555390364019]}},{"type":"Feature","id":"kml_n_77.6372377407028_13.0227208525935","properties":{"id":"kml_n_77.6372377407028_13.0227208525935","degree":4,"number":1965,"kind":"junction_candidate"},"geometry":{"type":"Point","coordinates":[77.6372377407028,13.0227208525935]}},{"type":"Feature","id":"kml_n_77.6373011359437_13.0552996400133","properties":{"id":"kml_n_77.6373011359437_13.0552996400133","degree":1,"number":1966,"kind":"endpoint"},"geometry":{"type":"Point","coordinates":[77.6373011359437,13.0552996400133]}},{"type":"Feature","id":"kml_n_77.6373986145909_12.8931217776679","properties":{"id":"kml_n_77.6373986145909_12.8931217776679","degree":3,"number":1967,"kind":"junction_candidate"},"geometry":{"type":"Point","coordinates":[77.6373986145909,12.8931217776679]}},{"type":"Feature","id":"kml_n_77.6374114493651_13.0329084676653","properties":{"id":"kml_n_77.6374114493651_13.0329084676653","degree":3,"number":1968,"kind":"junction_candidate"},"geometry":{"type":"Point","coordinates":[77.6374114493651,13.0329084676653]}},{"type":"Feature","id":"kml_n_77.6374271722302_13.0329219633665","properties":{"id":"kml_n_77.6374271722302_13.0329219633665","degree":3,"number":1969,"kind":"junction_candidate"},"geometry":{"type":"Point","coordinates":[77.6374271722302,13.0329219633665]}},{"type":"Feature","id":"kml_n_77.6374415911841_12.9828925810139","properties":{"id":"kml_n_77.6374415911841_12.9828925810139","degree":3,"number":1970,"kind":"junction_candidate"},"geometry":{"type":"Point","coordinates":[77.6374415911841,12.9828925810139]}},{"type":"Feature","id":"kml_n_77.6376230399767_12.9062491760843","properties":{"id":"kml_n_77.6376230399767_12.9062491760843","degree":3,"number":1971,"kind":"junction_candidate"},"geometry":{"type":"Point","coordinates":[77.6376230399767,12.9062491760843]}},{"type":"Feature","id":"kml_n_77.6376804286119_12.8788509923817","properties":{"id":"kml_n_77.6376804286119_12.8788509923817","degree":3,"number":1972,"kind":"junction_candidate"},"geometry":{"type":"Point","coordinates":[77.6376804286119,12.8788509923817]}},{"type":"Feature","id":"kml_n_77.6379971191511_13.0612771744114","properties":{"id":"kml_n_77.6379971191511_13.0612771744114","degree":4,"number":1973,"kind":"junction_candidate"},"geometry":{"type":"Point","coordinates":[77.6379971191511,13.0612771744114]}},{"type":"Feature","id":"kml_n_77.6380219638529_12.9123085285356","properties":{"id":"kml_n_77.6380219638529_12.9123085285356","degree":4,"number":1974,"kind":"junction_candidate"},"geometry":{"type":"Point","coordinates":[77.6380219638529,12.9123085285356]}},{"type":"Feature","id":"kml_n_77.6380880994688_13.0054632800215","properties":{"id":"kml_n_77.6380880994688_13.0054632800215","degree":3,"number":1975,"kind":"junction_candidate"},"geometry":{"type":"Point","coordinates":[77.6380880994688,13.0054632800215]}},{"type":"Feature","id":"kml_n_77.6381360961219_12.9159404611812","properties":{"id":"kml_n_77.6381360961219_12.9159404611812","degree":4,"number":1976,"kind":"junction_candidate"},"geometry":{"type":"Point","coordinates":[77.6381360961219,12.9159404611812]}},{"type":"Feature","id":"kml_n_77.6383216223644_13.0519487023145","properties":{"id":"kml_n_77.6383216223644_13.0519487023145","degree":1,"number":1977,"kind":"endpoint"},"geometry":{"type":"Point","coordinates":[77.6383216223644,13.0519487023145]}},{"type":"Feature","id":"kml_n_77.6383216223836_13.0519487041211","properties":{"id":"kml_n_77.6383216223836_13.0519487041211","degree":1,"number":1978,"kind":"endpoint"},"geometry":{"type":"Point","coordinates":[77.6383216223836,13.0519487041211]}},{"type":"Feature","id":"kml_n_77.6384007989799_13.0524976341766","properties":{"id":"kml_n_77.6384007989799_13.0524976341766","degree":3,"number":1979,"kind":"junction_candidate"},"geometry":{"type":"Point","coordinates":[77.6384007989799,13.0524976341766]}},{"type":"Feature","id":"kml_n_77.6387924244131_13.0671556416715","properties":{"id":"kml_n_77.6387924244131_13.0671556416715","degree":4,"number":1980,"kind":"junction_candidate"},"geometry":{"type":"Point","coordinates":[77.6387924244131,13.0671556416715]}},{"type":"Feature","id":"kml_n_77.6388839200665_12.9609332357201","properties":{"id":"kml_n_77.6388839200665_12.9609332357201","degree":3,"number":1981,"kind":"junction_candidate"},"geometry":{"type":"Point","coordinates":[77.6388839200665,12.9609332357201]}},{"type":"Feature","id":"kml_n_77.6391950922638_13.055184479075","properties":{"id":"kml_n_77.6391950922638_13.055184479075","degree":1,"number":1982,"kind":"endpoint"},"geometry":{"type":"Point","coordinates":[77.6391950922638,13.055184479075]}},{"type":"Feature","id":"kml_n_77.6392670701131_13.0551833838364","properties":{"id":"kml_n_77.6392670701131_13.0551833838364","degree":1,"number":1983,"kind":"endpoint"},"geometry":{"type":"Point","coordinates":[77.6392670701131,13.0551833838364]}},{"type":"Feature","id":"kml_n_77.6394053093264_13.015766881505","properties":{"id":"kml_n_77.6394053093264_13.015766881505","degree":3,"number":1984,"kind":"junction_candidate"},"geometry":{"type":"Point","coordinates":[77.6394053093264,13.015766881505]}},{"type":"Feature","id":"kml_n_77.6394442187214_13.0716509446841","properties":{"id":"kml_n_77.6394442187214_13.0716509446841","degree":4,"number":1985,"kind":"junction_candidate"},"geometry":{"type":"Point","coordinates":[77.6394442187214,13.0716509446841]}},{"type":"Feature","id":"kml_n_77.6394764938109_13.0064247146918","properties":{"id":"kml_n_77.6394764938109_13.0064247146918","degree":3,"number":1986,"kind":"junction_candidate"},"geometry":{"type":"Point","coordinates":[77.6394764938109,13.0064247146918]}},{"type":"Feature","id":"kml_n_77.6395470833228_13.0506002754852","properties":{"id":"kml_n_77.6395470833228_13.0506002754852","degree":3,"number":1987,"kind":"junction_candidate"},"geometry":{"type":"Point","coordinates":[77.6395470833228,13.0506002754852]}},{"type":"Feature","id":"kml_n_77.6396039926118_13.02193824182","properties":{"id":"kml_n_77.6396039926118_13.02193824182","degree":4,"number":1988,"kind":"junction_candidate"},"geometry":{"type":"Point","coordinates":[77.6396039926118,13.02193824182]}},{"type":"Feature","id":"kml_n_77.6397324704683_13.010314988587","properties":{"id":"kml_n_77.6397324704683_13.010314988587","degree":1,"number":1989,"kind":"endpoint"},"geometry":{"type":"Point","coordinates":[77.6397324704683,13.010314988587]}},{"type":"Feature","id":"kml_n_77.6397538626176_13.0103185805118","properties":{"id":"kml_n_77.6397538626176_13.0103185805118","degree":1,"number":1990,"kind":"endpoint"},"geometry":{"type":"Point","coordinates":[77.6397538626176,13.0103185805118]}},{"type":"Feature","id":"kml_n_77.6398374519148_12.889173672952","properties":{"id":"kml_n_77.6398374519148_12.889173672952","degree":3,"number":1991,"kind":"junction_candidate"},"geometry":{"type":"Point","coordinates":[77.6398374519148,12.889173672952]}},{"type":"Feature","id":"kml_n_77.6398854923323_12.9238403189115","properties":{"id":"kml_n_77.6398854923323_12.9238403189115","degree":3,"number":1992,"kind":"junction_candidate"},"geometry":{"type":"Point","coordinates":[77.6398854923323,12.9238403189115]}},{"type":"Feature","id":"kml_n_77.6399652780625_13.0258722633194","properties":{"id":"kml_n_77.6399652780625_13.0258722633194","degree":3,"number":1993,"kind":"junction_candidate"},"geometry":{"type":"Point","coordinates":[77.6399652780625,13.0258722633194]}},{"type":"Feature","id":"kml_n_77.6400308734372_13.0738629058627","properties":{"id":"kml_n_77.6400308734372_13.0738629058627","degree":4,"number":1994,"kind":"junction_candidate"},"geometry":{"type":"Point","coordinates":[77.6400308734372,13.0738629058627]}},{"type":"Feature","id":"kml_n_77.640200302172_12.8743758961701","properties":{"id":"kml_n_77.640200302172_12.8743758961701","degree":3,"number":1995,"kind":"junction_candidate"},"geometry":{"type":"Point","coordinates":[77.640200302172,12.8743758961701]}},{"type":"Feature","id":"kml_n_77.6403244408241_12.8672432518419","properties":{"id":"kml_n_77.6403244408241_12.8672432518419","degree":1,"number":1996,"kind":"endpoint"},"geometry":{"type":"Point","coordinates":[77.6403244408241,12.8672432518419]}},{"type":"Feature","id":"kml_n_77.6405717078314_12.9840570386202","properties":{"id":"kml_n_77.6405717078314_12.9840570386202","degree":3,"number":1997,"kind":"junction_candidate"},"geometry":{"type":"Point","coordinates":[77.6405717078314,12.9840570386202]}},{"type":"Feature","id":"kml_n_77.6408613397084_12.9234750547453","properties":{"id":"kml_n_77.6408613397084_12.9234750547453","degree":3,"number":1998,"kind":"junction_candidate"},"geometry":{"type":"Point","coordinates":[77.6408613397084,12.9234750547453]}},{"type":"Feature","id":"kml_n_77.6408883881818_12.9783659055115","properties":{"id":"kml_n_77.6408883881818_12.9783659055115","degree":4,"number":1999,"kind":"junction_candidate"},"geometry":{"type":"Point","coordinates":[77.6408883881818,12.9783659055115]}},{"type":"Feature","id":"kml_n_77.6410976471024_12.9738457032044","properties":{"id":"kml_n_77.6410976471024_12.9738457032044","degree":3,"number":2000,"kind":"junction_candidate"},"geometry":{"type":"Point","coordinates":[77.6410976471024,12.9738457032044]}},{"type":"Feature","id":"kml_n_77.6411485255002_12.9726109026075","properties":{"id":"kml_n_77.6411485255002_12.9726109026075","degree":3,"number":2001,"kind":"junction_candidate"},"geometry":{"type":"Point","coordinates":[77.6411485255002,12.9726109026075]}},{"type":"Feature","id":"kml_n_77.6412496635793_12.9702050825743","properties":{"id":"kml_n_77.6412496635793_12.9702050825743","degree":3,"number":2002,"kind":"junction_candidate"},"geometry":{"type":"Point","coordinates":[77.6412496635793,12.9702050825743]}},{"type":"Feature","id":"kml_n_77.6413325507293_12.9685634991622","properties":{"id":"kml_n_77.6413325507293_12.9685634991622","degree":4,"number":2003,"kind":"junction_candidate"},"geometry":{"type":"Point","coordinates":[77.6413325507293,12.9685634991622]}},{"type":"Feature","id":"kml_n_77.6413913782553_13.0799179900428","properties":{"id":"kml_n_77.6413913782553_13.0799179900428","degree":4,"number":2004,"kind":"junction_candidate"},"geometry":{"type":"Point","coordinates":[77.6413913782553,13.0799179900428]}},{"type":"Feature","id":"kml_n_77.6414785798464_13.0393729986856","properties":{"id":"kml_n_77.6414785798464_13.0393729986856","degree":3,"number":2005,"kind":"junction_candidate"},"geometry":{"type":"Point","coordinates":[77.6414785798464,13.0393729986856]}},{"type":"Feature","id":"kml_n_77.641482628358_13.0394800771387","properties":{"id":"kml_n_77.641482628358_13.0394800771387","degree":3,"number":2006,"kind":"junction_candidate"},"geometry":{"type":"Point","coordinates":[77.641482628358,13.0394800771387]}},{"type":"Feature","id":"kml_n_77.6415584150197_13.0814333139515","properties":{"id":"kml_n_77.6415584150197_13.0814333139515","degree":4,"number":2007,"kind":"junction_candidate"},"geometry":{"type":"Point","coordinates":[77.6415584150197,13.0814333139515]}},{"type":"Feature","id":"kml_n_77.6416175301378_12.9632820569142","properties":{"id":"kml_n_77.6416175301378_12.9632820569142","degree":3,"number":2008,"kind":"junction_candidate"},"geometry":{"type":"Point","coordinates":[77.6416175301378,12.9632820569142]}},{"type":"Feature","id":"kml_n_77.6416786745738_12.9606090408502","properties":{"id":"kml_n_77.6416786745738_12.9606090408502","degree":4,"number":2009,"kind":"junction_candidate"},"geometry":{"type":"Point","coordinates":[77.6416786745738,12.9606090408502]}},{"type":"Feature","id":"kml_n_77.6418085038315_12.9272837185592","properties":{"id":"kml_n_77.6418085038315_12.9272837185592","degree":3,"number":2010,"kind":"junction_candidate"},"geometry":{"type":"Point","coordinates":[77.6418085038315,12.9272837185592]}},{"type":"Feature","id":"kml_n_77.6418255388588_12.9272642186046","properties":{"id":"kml_n_77.6418255388588_12.9272642186046","degree":1,"number":2011,"kind":"endpoint"},"geometry":{"type":"Point","coordinates":[77.6418255388588,12.9272642186046]}},{"type":"Feature","id":"kml_n_77.6424502270254_13.0291542851111","properties":{"id":"kml_n_77.6424502270254_13.0291542851111","degree":1,"number":2012,"kind":"endpoint"},"geometry":{"type":"Point","coordinates":[77.6424502270254,13.0291542851111]}},{"type":"Feature","id":"kml_n_77.6424510015604_13.0139313129081","properties":{"id":"kml_n_77.6424510015604_13.0139313129081","degree":3,"number":2013,"kind":"junction_candidate"},"geometry":{"type":"Point","coordinates":[77.6424510015604,13.0139313129081]}},{"type":"Feature","id":"kml_n_77.6425221047835_12.9847694761912","properties":{"id":"kml_n_77.6425221047835_12.9847694761912","degree":3,"number":2014,"kind":"junction_candidate"},"geometry":{"type":"Point","coordinates":[77.6425221047835,12.9847694761912]}},{"type":"Feature","id":"kml_n_77.642585234219_13.073653532156","properties":{"id":"kml_n_77.642585234219_13.073653532156","degree":3,"number":2015,"kind":"junction_candidate"},"geometry":{"type":"Point","coordinates":[77.642585234219,13.073653532156]}},{"type":"Feature","id":"kml_n_77.6427215010933_13.0868242906401","properties":{"id":"kml_n_77.6427215010933_13.0868242906401","degree":1,"number":2016,"kind":"endpoint"},"geometry":{"type":"Point","coordinates":[77.6427215010933,13.0868242906401]}},{"type":"Feature","id":"kml_n_77.6427215029363_13.0868242906212","properties":{"id":"kml_n_77.6427215029363_13.0868242906212","degree":1,"number":2017,"kind":"endpoint"},"geometry":{"type":"Point","coordinates":[77.6427215029363,13.0868242906212]}},{"type":"Feature","id":"kml_n_77.6427369912454_13.0708855254005","properties":{"id":"kml_n_77.6427369912454_13.0708855254005","degree":1,"number":2018,"kind":"endpoint"},"geometry":{"type":"Point","coordinates":[77.6427369912454,13.0708855254005]}},{"type":"Feature","id":"kml_n_77.6427807524506_13.0152706305791","properties":{"id":"kml_n_77.6427807524506_13.0152706305791","degree":4,"number":2019,"kind":"junction_candidate"},"geometry":{"type":"Point","coordinates":[77.6427807524506,13.0152706305791]}},{"type":"Feature","id":"kml_n_77.6432492429954_13.0209493719658","properties":{"id":"kml_n_77.6432492429954_13.0209493719658","degree":3,"number":2020,"kind":"junction_candidate"},"geometry":{"type":"Point","coordinates":[77.6432492429954,13.0209493719658]}},{"type":"Feature","id":"kml_n_77.6432523515652_13.0389327715084","properties":{"id":"kml_n_77.6432523515652_13.0389327715084","degree":3,"number":2021,"kind":"junction_candidate"},"geometry":{"type":"Point","coordinates":[77.6432523515652,13.0389327715084]}},{"type":"Feature","id":"kml_n_77.643289866426_12.9916328441951","properties":{"id":"kml_n_77.643289866426_12.9916328441951","degree":3,"number":2022,"kind":"junction_candidate"},"geometry":{"type":"Point","coordinates":[77.643289866426,12.9916328441951]}},{"type":"Feature","id":"kml_n_77.6433372686408_13.0243813547893","properties":{"id":"kml_n_77.6433372686408_13.0243813547893","degree":3,"number":2023,"kind":"junction_candidate"},"geometry":{"type":"Point","coordinates":[77.6433372686408,13.0243813547893]}},{"type":"Feature","id":"kml_n_77.643340441138_13.0091290572742","properties":{"id":"kml_n_77.643340441138_13.0091290572742","degree":3,"number":2024,"kind":"junction_candidate"},"geometry":{"type":"Point","coordinates":[77.643340441138,13.0091290572742]}},{"type":"Feature","id":"kml_n_77.6435861836995_13.032079094449","properties":{"id":"kml_n_77.6435861836995_13.032079094449","degree":3,"number":2025,"kind":"junction_candidate"},"geometry":{"type":"Point","coordinates":[77.6435861836995,13.032079094449]}},{"type":"Feature","id":"kml_n_77.6436787595767_12.8905486988176","properties":{"id":"kml_n_77.6436787595767_12.8905486988176","degree":3,"number":2026,"kind":"junction_candidate"},"geometry":{"type":"Point","coordinates":[77.6436787595767,12.8905486988176]}},{"type":"Feature","id":"kml_n_77.6437666330632_12.8485759827753","properties":{"id":"kml_n_77.6437666330632_12.8485759827753","degree":1,"number":2027,"kind":"endpoint"},"geometry":{"type":"Point","coordinates":[77.6437666330632,12.8485759827753]}},{"type":"Feature","id":"kml_n_77.6441123010732_13.0457718987843","properties":{"id":"kml_n_77.6441123010732_13.0457718987843","degree":1,"number":2028,"kind":"endpoint"},"geometry":{"type":"Point","coordinates":[77.6441123010732,13.0457718987843]}},{"type":"Feature","id":"kml_n_77.6441123010924_13.0457719005909","properties":{"id":"kml_n_77.6441123010924_13.0457719005909","degree":1,"number":2029,"kind":"endpoint"},"geometry":{"type":"Point","coordinates":[77.6441123010924,13.0457719005909]}},{"type":"Feature","id":"kml_n_77.6441221434003_12.8417245966366","properties":{"id":"kml_n_77.6441221434003_12.8417245966366","degree":3,"number":2030,"kind":"junction_candidate"},"geometry":{"type":"Point","coordinates":[77.6441221434003,12.8417245966366]}},{"type":"Feature","id":"kml_n_77.6442575380249_12.8436156399809","properties":{"id":"kml_n_77.6442575380249_12.8436156399809","degree":3,"number":2031,"kind":"junction_candidate"},"geometry":{"type":"Point","coordinates":[77.6442575380249,12.8436156399809]}},{"type":"Feature","id":"kml_n_77.6448658527436_12.8942348768804","properties":{"id":"kml_n_77.6448658527436_12.8942348768804","degree":3,"number":2032,"kind":"junction_candidate"},"geometry":{"type":"Point","coordinates":[77.6448658527436,12.8942348768804]}},{"type":"Feature","id":"kml_n_77.6450817932713_12.9857504227257","properties":{"id":"kml_n_77.6450817932713_12.9857504227257","degree":3,"number":2033,"kind":"junction_candidate"},"geometry":{"type":"Point","coordinates":[77.6450817932713,12.9857504227257]}},{"type":"Feature","id":"kml_n_77.6454652276699_13.0236064916038","properties":{"id":"kml_n_77.6454652276699_13.0236064916038","degree":1,"number":2034,"kind":"endpoint"},"geometry":{"type":"Point","coordinates":[77.6454652276699,13.0236064916038]}},{"type":"Feature","id":"kml_n_77.6455561604023_13.0489434869362","properties":{"id":"kml_n_77.6455561604023_13.0489434869362","degree":3,"number":2035,"kind":"junction_candidate"},"geometry":{"type":"Point","coordinates":[77.6455561604023,13.0489434869362]}},{"type":"Feature","id":"kml_n_77.6459551998383_12.904380690688","properties":{"id":"kml_n_77.6459551998383_12.904380690688","degree":3,"number":2036,"kind":"junction_candidate"},"geometry":{"type":"Point","coordinates":[77.6459551998383,12.904380690688]}},{"type":"Feature","id":"kml_n_77.6462381303556_13.0262668942203","properties":{"id":"kml_n_77.6462381303556_13.0262668942203","degree":1,"number":2037,"kind":"endpoint"},"geometry":{"type":"Point","coordinates":[77.6462381303556,13.0262668942203]}},{"type":"Feature","id":"kml_n_77.646359057393_13.0537640900771","properties":{"id":"kml_n_77.646359057393_13.0537640900771","degree":1,"number":2038,"kind":"endpoint"},"geometry":{"type":"Point","coordinates":[77.646359057393,13.0537640900771]}},{"type":"Feature","id":"kml_n_77.6465583537682_12.8670770747675","properties":{"id":"kml_n_77.6465583537682_12.8670770747675","degree":1,"number":2039,"kind":"endpoint"},"geometry":{"type":"Point","coordinates":[77.6465583537682,12.8670770747675]}},{"type":"Feature","id":"kml_n_77.6466052457103_12.978557396376","properties":{"id":"kml_n_77.6466052457103_12.978557396376","degree":3,"number":2040,"kind":"junction_candidate"},"geometry":{"type":"Point","coordinates":[77.6466052457103,12.978557396376]}},{"type":"Feature","id":"kml_n_77.6467117825695_13.0547187090184","properties":{"id":"kml_n_77.6467117825695_13.0547187090184","degree":3,"number":2041,"kind":"junction_candidate"},"geometry":{"type":"Point","coordinates":[77.6467117825695,13.0547187090184]}},{"type":"Feature","id":"kml_n_77.6467641557782_13.0548583916436","properties":{"id":"kml_n_77.6467641557782_13.0548583916436","degree":3,"number":2042,"kind":"junction_candidate"},"geometry":{"type":"Point","coordinates":[77.6467641557782,13.0548583916436]}},{"type":"Feature","id":"kml_n_77.6467776285857_13.0793769132884","properties":{"id":"kml_n_77.6467776285857_13.0793769132884","degree":3,"number":2043,"kind":"junction_candidate"},"geometry":{"type":"Point","coordinates":[77.6467776285857,13.0793769132884]}},{"type":"Feature","id":"kml_n_77.646912235742_12.9740317543514","properties":{"id":"kml_n_77.646912235742_12.9740317543514","degree":3,"number":2044,"kind":"junction_candidate"},"geometry":{"type":"Point","coordinates":[77.646912235742,12.9740317543514]}},{"type":"Feature","id":"kml_n_77.6469542328268_12.9731090338959","properties":{"id":"kml_n_77.6469542328268_12.9731090338959","degree":3,"number":2045,"kind":"junction_candidate"},"geometry":{"type":"Point","coordinates":[77.6469542328268,12.9731090338959]}},{"type":"Feature","id":"kml_n_77.6471489291315_13.0119375448018","properties":{"id":"kml_n_77.6471489291315_13.0119375448018","degree":3,"number":2046,"kind":"junction_candidate"},"geometry":{"type":"Point","coordinates":[77.6471489291315,13.0119375448018]}},{"type":"Feature","id":"kml_n_77.6472982984768_13.0969056681335","properties":{"id":"kml_n_77.6472982984768_13.0969056681335","degree":1,"number":2047,"kind":"endpoint"},"geometry":{"type":"Point","coordinates":[77.6472982984768,13.0969056681335]}},{"type":"Feature","id":"kml_n_77.6477598076836_12.968861930532","properties":{"id":"kml_n_77.6477598076836_12.968861930532","degree":4,"number":2048,"kind":"junction_candidate"},"geometry":{"type":"Point","coordinates":[77.6477598076836,12.968861930532]}},{"type":"Feature","id":"kml_n_77.6477976458322_13.0123005860908","properties":{"id":"kml_n_77.6477976458322_13.0123005860908","degree":3,"number":2049,"kind":"junction_candidate"},"geometry":{"type":"Point","coordinates":[77.6477976458322,13.0123005860908]}},{"type":"Feature","id":"kml_n_77.6479988986709_12.9869210862804","properties":{"id":"kml_n_77.6479988986709_12.9869210862804","degree":3,"number":2050,"kind":"junction_candidate"},"geometry":{"type":"Point","coordinates":[77.6479988986709,12.9869210862804]}},{"type":"Feature","id":"kml_n_77.6480688411148_13.0258440236717","properties":{"id":"kml_n_77.6480688411148_13.0258440236717","degree":3,"number":2051,"kind":"junction_candidate"},"geometry":{"type":"Point","coordinates":[77.6480688411148,13.0258440236717]}},{"type":"Feature","id":"kml_n_77.6483235658365_13.0570376122896","properties":{"id":"kml_n_77.6483235658365_13.0570376122896","degree":3,"number":2052,"kind":"junction_candidate"},"geometry":{"type":"Point","coordinates":[77.6483235658365,13.0570376122896]}},{"type":"Feature","id":"kml_n_77.6487192728713_13.0282270740403","properties":{"id":"kml_n_77.6487192728713_13.0282270740403","degree":3,"number":2053,"kind":"junction_candidate"},"geometry":{"type":"Point","coordinates":[77.6487192728713,13.0282270740403]}},{"type":"Feature","id":"kml_n_77.6487328428157_13.0282805202137","properties":{"id":"kml_n_77.6487328428157_13.0282805202137","degree":3,"number":2054,"kind":"junction_candidate"},"geometry":{"type":"Point","coordinates":[77.6487328428157,13.0282805202137]}},{"type":"Feature","id":"kml_n_77.6487801607113_12.9038710600298","properties":{"id":"kml_n_77.6487801607113_12.9038710600298","degree":1,"number":2055,"kind":"endpoint"},"geometry":{"type":"Point","coordinates":[77.6487801607113,12.9038710600298]}},{"type":"Feature","id":"kml_n_77.6488060038925_13.0219912217515","properties":{"id":"kml_n_77.6488060038925_13.0219912217515","degree":1,"number":2056,"kind":"endpoint"},"geometry":{"type":"Point","coordinates":[77.6488060038925,13.0219912217515]}},{"type":"Feature","id":"kml_n_77.648859146373_13.0378416887966","properties":{"id":"kml_n_77.648859146373_13.0378416887966","degree":4,"number":2057,"kind":"junction_candidate"},"geometry":{"type":"Point","coordinates":[77.648859146373,13.0378416887966]}},{"type":"Feature","id":"kml_n_77.6489053561797_13.0616727647237","properties":{"id":"kml_n_77.6489053561797_13.0616727647237","degree":3,"number":2058,"kind":"junction_candidate"},"geometry":{"type":"Point","coordinates":[77.6489053561797,13.0616727647237]}},{"type":"Feature","id":"kml_n_77.6489382312293_13.0377401274332","properties":{"id":"kml_n_77.6489382312293_13.0377401274332","degree":3,"number":2059,"kind":"junction_candidate"},"geometry":{"type":"Point","coordinates":[77.6489382312293,13.0377401274332]}},{"type":"Feature","id":"kml_n_77.648951436721_12.9119036493658","properties":{"id":"kml_n_77.648951436721_12.9119036493658","degree":4,"number":2060,"kind":"junction_candidate"},"geometry":{"type":"Point","coordinates":[77.648951436721,12.9119036493658]}},{"type":"Feature","id":"kml_n_77.6490943106421_12.9597419475422","properties":{"id":"kml_n_77.6490943106421_12.9597419475422","degree":3,"number":2061,"kind":"junction_candidate"},"geometry":{"type":"Point","coordinates":[77.6490943106421,12.9597419475422]}},{"type":"Feature","id":"kml_n_77.6491144044367_13.0508328931546","properties":{"id":"kml_n_77.6491144044367_13.0508328931546","degree":3,"number":2062,"kind":"junction_candidate"},"geometry":{"type":"Point","coordinates":[77.6491144044367,13.0508328931546]}},{"type":"Feature","id":"kml_n_77.6491213031403_13.0143512755359","properties":{"id":"kml_n_77.6491213031403_13.0143512755359","degree":3,"number":2063,"kind":"junction_candidate"},"geometry":{"type":"Point","coordinates":[77.6491213031403,13.0143512755359]}},{"type":"Feature","id":"kml_n_77.6491266958859_13.0371781036365","properties":{"id":"kml_n_77.6491266958859_13.0371781036365","degree":1,"number":2064,"kind":"endpoint"},"geometry":{"type":"Point","coordinates":[77.6491266958859,13.0371781036365]}},{"type":"Feature","id":"kml_n_77.6491266959147_13.0371781063464","properties":{"id":"kml_n_77.6491266959147_13.0371781063464","degree":1,"number":2065,"kind":"endpoint"},"geometry":{"type":"Point","coordinates":[77.6491266959147,13.0371781063464]}},{"type":"Feature","id":"kml_n_77.6491562399513_12.8749110142627","properties":{"id":"kml_n_77.6491562399513_12.8749110142627","degree":3,"number":2066,"kind":"junction_candidate"},"geometry":{"type":"Point","coordinates":[77.6491562399513,12.8749110142627]}},{"type":"Feature","id":"kml_n_77.6493687426217_12.9654262825814","properties":{"id":"kml_n_77.6493687426217_12.9654262825814","degree":3,"number":2067,"kind":"junction_candidate"},"geometry":{"type":"Point","coordinates":[77.6493687426217,12.9654262825814]}},{"type":"Feature","id":"kml_n_77.6494934366087_13.037738612604","properties":{"id":"kml_n_77.6494934366087_13.037738612604","degree":4,"number":2068,"kind":"junction_candidate"},"geometry":{"type":"Point","coordinates":[77.6494934366087,13.037738612604]}},{"type":"Feature","id":"kml_n_77.6495821638879_12.8636979986968","properties":{"id":"kml_n_77.6495821638879_12.8636979986968","degree":1,"number":2069,"kind":"endpoint"},"geometry":{"type":"Point","coordinates":[77.6495821638879,12.8636979986968]}},{"type":"Feature","id":"kml_n_77.6500863128318_12.9244074986361","properties":{"id":"kml_n_77.6500863128318_12.9244074986361","degree":3,"number":2070,"kind":"junction_candidate"},"geometry":{"type":"Point","coordinates":[77.6500863128318,12.9244074986361]}},{"type":"Feature","id":"kml_n_77.6500947778859_13.0636874018889","properties":{"id":"kml_n_77.6500947778859_13.0636874018889","degree":3,"number":2071,"kind":"junction_candidate"},"geometry":{"type":"Point","coordinates":[77.6500947778859,13.0636874018889]}},{"type":"Feature","id":"kml_n_77.650264533681_12.9243854182426","properties":{"id":"kml_n_77.650264533681_12.9243854182426","degree":3,"number":2072,"kind":"junction_candidate"},"geometry":{"type":"Point","coordinates":[77.650264533681,12.9243854182426]}},{"type":"Feature","id":"kml_n_77.6503320447336_12.9036280412128","properties":{"id":"kml_n_77.6503320447336_12.9036280412128","degree":1,"number":2073,"kind":"endpoint"},"geometry":{"type":"Point","coordinates":[77.6503320447336,12.9036280412128]}},{"type":"Feature","id":"kml_n_77.6503389407503_13.0213244634563","properties":{"id":"kml_n_77.6503389407503_13.0213244634563","degree":1,"number":2074,"kind":"endpoint"},"geometry":{"type":"Point","coordinates":[77.6503389407503,13.0213244634563]}},{"type":"Feature","id":"kml_n_77.6505499160407_13.0279955879499","properties":{"id":"kml_n_77.6505499160407_13.0279955879499","degree":3,"number":2075,"kind":"junction_candidate"},"geometry":{"type":"Point","coordinates":[77.6505499160407,13.0279955879499]}},{"type":"Feature","id":"kml_n_77.650617680976_12.968367725928","properties":{"id":"kml_n_77.650617680976_12.968367725928","degree":3,"number":2076,"kind":"junction_candidate"},"geometry":{"type":"Point","coordinates":[77.650617680976,12.968367725928]}},{"type":"Feature","id":"kml_n_77.6506860768622_12.8935443653488","properties":{"id":"kml_n_77.6506860768622_12.8935443653488","degree":3,"number":2077,"kind":"junction_candidate"},"geometry":{"type":"Point","coordinates":[77.6506860768622,12.8935443653488]}},{"type":"Feature","id":"kml_n_77.6508637853185_12.9882219264751","properties":{"id":"kml_n_77.6508637853185_12.9882219264751","degree":3,"number":2078,"kind":"junction_candidate"},"geometry":{"type":"Point","coordinates":[77.6508637853185,12.9882219264751]}},{"type":"Feature","id":"kml_n_77.6513798594942_12.8227766316956","properties":{"id":"kml_n_77.6513798594942_12.8227766316956","degree":3,"number":2079,"kind":"junction_candidate"},"geometry":{"type":"Point","coordinates":[77.6513798594942,12.8227766316956]}},{"type":"Feature","id":"kml_n_77.6514483835017_13.0251723096987","properties":{"id":"kml_n_77.6514483835017_13.0251723096987","degree":3,"number":2080,"kind":"junction_candidate"},"geometry":{"type":"Point","coordinates":[77.6514483835017,13.0251723096987]}},{"type":"Feature","id":"kml_n_77.6514518612441_12.9921188396757","properties":{"id":"kml_n_77.6514518612441_12.9921188396757","degree":1,"number":2081,"kind":"endpoint"},"geometry":{"type":"Point","coordinates":[77.6514518612441,12.9921188396757]}},{"type":"Feature","id":"kml_n_77.6514615522758_12.8656724331979","properties":{"id":"kml_n_77.6514615522758_12.8656724331979","degree":1,"number":2082,"kind":"endpoint"},"geometry":{"type":"Point","coordinates":[77.6514615522758,12.8656724331979]}},{"type":"Feature","id":"kml_n_77.6514623433878_12.9921274612695","properties":{"id":"kml_n_77.6514623433878_12.9921274612695","degree":4,"number":2083,"kind":"junction_candidate"},"geometry":{"type":"Point","coordinates":[77.6514623433878,12.9921274612695]}},{"type":"Feature","id":"kml_n_77.6514791089808_12.8656990161756","properties":{"id":"kml_n_77.6514791089808_12.8656990161756","degree":1,"number":2084,"kind":"endpoint"},"geometry":{"type":"Point","coordinates":[77.6514791089808,12.8656990161756]}},{"type":"Feature","id":"kml_n_77.6514991166637_12.9921436324239","properties":{"id":"kml_n_77.6514991166637_12.9921436324239","degree":3,"number":2085,"kind":"junction_candidate"},"geometry":{"type":"Point","coordinates":[77.6514991166637,12.9921436324239]}},{"type":"Feature","id":"kml_n_77.6515024685194_13.0568775290525","properties":{"id":"kml_n_77.6515024685194_13.0568775290525","degree":3,"number":2086,"kind":"junction_candidate"},"geometry":{"type":"Point","coordinates":[77.6515024685194,13.0568775290525]}},{"type":"Feature","id":"kml_n_77.6515365902559_13.0751844783199","properties":{"id":"kml_n_77.6515365902559_13.0751844783199","degree":1,"number":2087,"kind":"endpoint"},"geometry":{"type":"Point","coordinates":[77.6515365902559,13.0751844783199]}},{"type":"Feature","id":"kml_n_77.6515813186314_13.0641479871027","properties":{"id":"kml_n_77.6515813186314_13.0641479871027","degree":3,"number":2088,"kind":"junction_candidate"},"geometry":{"type":"Point","coordinates":[77.6515813186314,13.0641479871027]}},{"type":"Feature","id":"kml_n_77.6515968342387_13.069405027282","properties":{"id":"kml_n_77.6515968342387_13.069405027282","degree":1,"number":2089,"kind":"endpoint"},"geometry":{"type":"Point","coordinates":[77.6515968342387,13.069405027282]}},{"type":"Feature","id":"kml_n_77.651597694209_13.0693898631511","properties":{"id":"kml_n_77.651597694209_13.0693898631511","degree":1,"number":2090,"kind":"endpoint"},"geometry":{"type":"Point","coordinates":[77.651597694209,13.0693898631511]}},{"type":"Feature","id":"kml_n_77.6517001577799_12.9011307736625","properties":{"id":"kml_n_77.6517001577799_12.9011307736625","degree":1,"number":2091,"kind":"endpoint"},"geometry":{"type":"Point","coordinates":[77.6517001577799,12.9011307736625]}},{"type":"Feature","id":"kml_n_77.6517375526741_12.9242205770064","properties":{"id":"kml_n_77.6517375526741_12.9242205770064","degree":3,"number":2092,"kind":"junction_candidate"},"geometry":{"type":"Point","coordinates":[77.6517375526741,12.9242205770064]}},{"type":"Feature","id":"kml_n_77.6517776514536_12.972329299629","properties":{"id":"kml_n_77.6517776514536_12.972329299629","degree":1,"number":2093,"kind":"endpoint"},"geometry":{"type":"Point","coordinates":[77.6517776514536,12.972329299629]}},{"type":"Feature","id":"kml_n_77.6517792700627_12.9119770082521","properties":{"id":"kml_n_77.6517792700627_12.9119770082521","degree":3,"number":2094,"kind":"junction_candidate"},"geometry":{"type":"Point","coordinates":[77.6517792700627,12.9119770082521]}},{"type":"Feature","id":"kml_n_77.6518750887537_13.0647446282404","properties":{"id":"kml_n_77.6518750887537_13.0647446282404","degree":3,"number":2095,"kind":"junction_candidate"},"geometry":{"type":"Point","coordinates":[77.6518750887537,13.0647446282404]}},{"type":"Feature","id":"kml_n_77.6520424145739_13.0255255222202","properties":{"id":"kml_n_77.6520424145739_13.0255255222202","degree":3,"number":2096,"kind":"junction_candidate"},"geometry":{"type":"Point","coordinates":[77.6520424145739,13.0255255222202]}},{"type":"Feature","id":"kml_n_77.6521447292244_12.9722667932041","properties":{"id":"kml_n_77.6521447292244_12.9722667932041","degree":1,"number":2097,"kind":"endpoint"},"geometry":{"type":"Point","coordinates":[77.6521447292244,12.9722667932041]}},{"type":"Feature","id":"kml_n_77.6522334007246_13.0559155950795","properties":{"id":"kml_n_77.6522334007246_13.0559155950795","degree":3,"number":2098,"kind":"junction_candidate"},"geometry":{"type":"Point","coordinates":[77.6522334007246,13.0559155950795]}},{"type":"Feature","id":"kml_n_77.6525289926245_13.0277432306445","properties":{"id":"kml_n_77.6525289926245_13.0277432306445","degree":3,"number":2099,"kind":"junction_candidate"},"geometry":{"type":"Point","coordinates":[77.6525289926245,13.0277432306445]}},{"type":"Feature","id":"kml_n_77.6527473488948_12.8682523136232","properties":{"id":"kml_n_77.6527473488948_12.8682523136232","degree":3,"number":2100,"kind":"junction_candidate"},"geometry":{"type":"Point","coordinates":[77.6527473488948,12.8682523136232]}},{"type":"Feature","id":"kml_n_77.6528208633915_13.0053509419212","properties":{"id":"kml_n_77.6528208633915_13.0053509419212","degree":1,"number":2101,"kind":"endpoint"},"geometry":{"type":"Point","coordinates":[77.6528208633915,13.0053509419212]}},{"type":"Feature","id":"kml_n_77.6531093704769_13.05437154287","properties":{"id":"kml_n_77.6531093704769_13.05437154287","degree":1,"number":2102,"kind":"endpoint"},"geometry":{"type":"Point","coordinates":[77.6531093704769,13.05437154287]}},{"type":"Feature","id":"kml_n_77.6531359487822_12.9792345837857","properties":{"id":"kml_n_77.6531359487822_12.9792345837857","degree":3,"number":2103,"kind":"junction_candidate"},"geometry":{"type":"Point","coordinates":[77.6531359487822,12.9792345837857]}},{"type":"Feature","id":"kml_n_77.6533452097705_12.8698473407376","properties":{"id":"kml_n_77.6533452097705_12.8698473407376","degree":3,"number":2104,"kind":"junction_candidate"},"geometry":{"type":"Point","coordinates":[77.6533452097705,12.8698473407376]}},{"type":"Feature","id":"kml_n_77.653397089262_12.8697996243364","properties":{"id":"kml_n_77.653397089262_12.8697996243364","degree":3,"number":2105,"kind":"junction_candidate"},"geometry":{"type":"Point","coordinates":[77.653397089262,12.8697996243364]}},{"type":"Feature","id":"kml_n_77.653415913899_13.0779094333485","properties":{"id":"kml_n_77.653415913899_13.0779094333485","degree":3,"number":2106,"kind":"junction_candidate"},"geometry":{"type":"Point","coordinates":[77.653415913899,13.0779094333485]}},{"type":"Feature","id":"kml_n_77.6536511434927_13.0064497231711","properties":{"id":"kml_n_77.6536511434927_13.0064497231711","degree":1,"number":2107,"kind":"endpoint"},"geometry":{"type":"Point","coordinates":[77.6536511434927,13.0064497231711]}},{"type":"Feature","id":"kml_n_77.6536622215317_13.0064590358694","properties":{"id":"kml_n_77.6536622215317_13.0064590358694","degree":1,"number":2108,"kind":"endpoint"},"geometry":{"type":"Point","coordinates":[77.6536622215317,13.0064590358694]}},{"type":"Feature","id":"kml_n_77.6536903932214_13.0319868513438","properties":{"id":"kml_n_77.6536903932214_13.0319868513438","degree":4,"number":2109,"kind":"junction_candidate"},"geometry":{"type":"Point","coordinates":[77.6536903932214,13.0319868513438]}},{"type":"Feature","id":"kml_n_77.653764767462_13.0323192178641","properties":{"id":"kml_n_77.653764767462_13.0323192178641","degree":3,"number":2110,"kind":"junction_candidate"},"geometry":{"type":"Point","coordinates":[77.653764767462,13.0323192178641]}},{"type":"Feature","id":"kml_n_77.6537666014959_13.0322759608992","properties":{"id":"kml_n_77.6537666014959_13.0322759608992","degree":3,"number":2111,"kind":"junction_candidate"},"geometry":{"type":"Point","coordinates":[77.6537666014959,13.0322759608992]}},{"type":"Feature","id":"kml_n_77.6538284466368_13.0791199733409","properties":{"id":"kml_n_77.6538284466368_13.0791199733409","degree":4,"number":2112,"kind":"junction_candidate"},"geometry":{"type":"Point","coordinates":[77.6538284466368,13.0791199733409]}},{"type":"Feature","id":"kml_n_77.6538516253219_13.0375663980242","properties":{"id":"kml_n_77.6538516253219_13.0375663980242","degree":1,"number":2113,"kind":"endpoint"},"geometry":{"type":"Point","coordinates":[77.6538516253219,13.0375663980242]}},{"type":"Feature","id":"kml_n_77.6539153636115_13.0498195957563","properties":{"id":"kml_n_77.6539153636115_13.0498195957563","degree":4,"number":2114,"kind":"junction_candidate"},"geometry":{"type":"Point","coordinates":[77.6539153636115,13.0498195957563]}},{"type":"Feature","id":"kml_n_77.6539657375213_13.0333989668948","properties":{"id":"kml_n_77.6539657375213_13.0333989668948","degree":3,"number":2115,"kind":"junction_candidate"},"geometry":{"type":"Point","coordinates":[77.6539657375213,13.0333989668948]}},{"type":"Feature","id":"kml_n_77.6539760522051_12.8705553607088","properties":{"id":"kml_n_77.6539760522051_12.8705553607088","degree":3,"number":2116,"kind":"junction_candidate"},"geometry":{"type":"Point","coordinates":[77.6539760522051,12.8705553607088]}},{"type":"Feature","id":"kml_n_77.6540026178779_12.8594876477679","properties":{"id":"kml_n_77.6540026178779_12.8594876477679","degree":1,"number":2117,"kind":"endpoint"},"geometry":{"type":"Point","coordinates":[77.6540026178779,12.8594876477679]}},{"type":"Feature","id":"kml_n_77.6542447589597_13.0149534683811","properties":{"id":"kml_n_77.6542447589597_13.0149534683811","degree":3,"number":2118,"kind":"junction_candidate"},"geometry":{"type":"Point","coordinates":[77.6542447589597,13.0149534683811]}},{"type":"Feature","id":"kml_n_77.6542636729116_12.959360482226","properties":{"id":"kml_n_77.6542636729116_12.959360482226","degree":3,"number":2119,"kind":"junction_candidate"},"geometry":{"type":"Point","coordinates":[77.6542636729116,12.959360482226]}},{"type":"Feature","id":"kml_n_77.6546006322879_13.0074061686598","properties":{"id":"kml_n_77.6546006322879_13.0074061686598","degree":3,"number":2120,"kind":"junction_candidate"},"geometry":{"type":"Point","coordinates":[77.6546006322879,13.0074061686598]}},{"type":"Feature","id":"kml_n_77.6548129698779_13.0924908517046","properties":{"id":"kml_n_77.6548129698779_13.0924908517046","degree":3,"number":2121,"kind":"junction_candidate"},"geometry":{"type":"Point","coordinates":[77.6548129698779,13.0924908517046]}},{"type":"Feature","id":"kml_n_77.6549829954594_13.0366810905696","properties":{"id":"kml_n_77.6549829954594_13.0366810905696","degree":3,"number":2122,"kind":"junction_candidate"},"geometry":{"type":"Point","coordinates":[77.6549829954594,13.0366810905696]}},{"type":"Feature","id":"kml_n_77.6551269207707_12.8546067314702","properties":{"id":"kml_n_77.6551269207707_12.8546067314702","degree":1,"number":2123,"kind":"endpoint"},"geometry":{"type":"Point","coordinates":[77.6551269207707,12.8546067314702]}},{"type":"Feature","id":"kml_n_77.6553368201765_13.0184966282063","properties":{"id":"kml_n_77.6553368201765_13.0184966282063","degree":3,"number":2124,"kind":"junction_candidate"},"geometry":{"type":"Point","coordinates":[77.6553368201765,13.0184966282063]}},{"type":"Feature","id":"kml_n_77.6553589970485_12.9593040223245","properties":{"id":"kml_n_77.6553589970485_12.9593040223245","degree":3,"number":2125,"kind":"junction_candidate"},"geometry":{"type":"Point","coordinates":[77.6553589970485,12.9593040223245]}},{"type":"Feature","id":"kml_n_77.6553693455601_12.867277439644","properties":{"id":"kml_n_77.6553693455601_12.867277439644","degree":3,"number":2126,"kind":"junction_candidate"},"geometry":{"type":"Point","coordinates":[77.6553693455601,12.867277439644]}},{"type":"Feature","id":"kml_n_77.6556091269472_13.0190319322377","properties":{"id":"kml_n_77.6556091269472_13.0190319322377","degree":3,"number":2127,"kind":"junction_candidate"},"geometry":{"type":"Point","coordinates":[77.6556091269472,13.0190319322377]}},{"type":"Feature","id":"kml_n_77.6556398211933_13.0190752543004","properties":{"id":"kml_n_77.6556398211933_13.0190752543004","degree":3,"number":2128,"kind":"junction_candidate"},"geometry":{"type":"Point","coordinates":[77.6556398211933,13.0190752543004]}},{"type":"Feature","id":"kml_n_77.6557148818937_12.8338307827957","properties":{"id":"kml_n_77.6557148818937_12.8338307827957","degree":3,"number":2129,"kind":"junction_candidate"},"geometry":{"type":"Point","coordinates":[77.6557148818937,12.8338307827957]}},{"type":"Feature","id":"kml_n_77.6558519791969_13.0330616864655","properties":{"id":"kml_n_77.6558519791969_13.0330616864655","degree":4,"number":2130,"kind":"junction_candidate"},"geometry":{"type":"Point","coordinates":[77.6558519791969,13.0330616864655]}},{"type":"Feature","id":"kml_n_77.6559920929412_13.0332827364498","properties":{"id":"kml_n_77.6559920929412_13.0332827364498","degree":3,"number":2131,"kind":"junction_candidate"},"geometry":{"type":"Point","coordinates":[77.6559920929412,13.0332827364498]}},{"type":"Feature","id":"kml_n_77.6564042010262_13.0373974142838","properties":{"id":"kml_n_77.6564042010262_13.0373974142838","degree":1,"number":2132,"kind":"endpoint"},"geometry":{"type":"Point","coordinates":[77.6564042010262,13.0373974142838]}},{"type":"Feature","id":"kml_n_77.6565810132956_12.8938765697674","properties":{"id":"kml_n_77.6565810132956_12.8938765697674","degree":3,"number":2133,"kind":"junction_candidate"},"geometry":{"type":"Point","coordinates":[77.6565810132956,12.8938765697674]}},{"type":"Feature","id":"kml_n_77.6570316691042_12.8941497857558","properties":{"id":"kml_n_77.6570316691042_12.8941497857558","degree":3,"number":2134,"kind":"junction_candidate"},"geometry":{"type":"Point","coordinates":[77.6570316691042,12.8941497857558]}},{"type":"Feature","id":"kml_n_77.6571538809879_13.077163358239","properties":{"id":"kml_n_77.6571538809879_13.077163358239","degree":4,"number":2135,"kind":"junction_candidate"},"geometry":{"type":"Point","coordinates":[77.6571538809879,13.077163358239]}},{"type":"Feature","id":"kml_n_77.6576110682626_12.8503014589122","properties":{"id":"kml_n_77.6576110682626_12.8503014589122","degree":1,"number":2136,"kind":"endpoint"},"geometry":{"type":"Point","coordinates":[77.6576110682626,12.8503014589122]}},{"type":"Feature","id":"kml_n_77.6577770833323_12.9672479544018","properties":{"id":"kml_n_77.6577770833323_12.9672479544018","degree":3,"number":2137,"kind":"junction_candidate"},"geometry":{"type":"Point","coordinates":[77.6577770833323,12.9672479544018]}},{"type":"Feature","id":"kml_n_77.6584880501931_13.023709203887","properties":{"id":"kml_n_77.6584880501931_13.023709203887","degree":1,"number":2138,"kind":"endpoint"},"geometry":{"type":"Point","coordinates":[77.6584880501931,13.023709203887]}},{"type":"Feature","id":"kml_n_77.6585145960674_13.0237452062385","properties":{"id":"kml_n_77.6585145960674_13.0237452062385","degree":3,"number":2139,"kind":"junction_candidate"},"geometry":{"type":"Point","coordinates":[77.6585145960674,13.0237452062385]}},{"type":"Feature","id":"kml_n_77.6585703590768_12.9715643837075","properties":{"id":"kml_n_77.6585703590768_12.9715643837075","degree":3,"number":2140,"kind":"junction_candidate"},"geometry":{"type":"Point","coordinates":[77.6585703590768,12.9715643837075]}},{"type":"Feature","id":"kml_n_77.6586647864109_12.971370834128","properties":{"id":"kml_n_77.6586647864109_12.971370834128","degree":3,"number":2141,"kind":"junction_candidate"},"geometry":{"type":"Point","coordinates":[77.6586647864109,12.971370834128]}},{"type":"Feature","id":"kml_n_77.6589829875585_12.8390661004203","properties":{"id":"kml_n_77.6589829875585_12.8390661004203","degree":3,"number":2142,"kind":"junction_candidate"},"geometry":{"type":"Point","coordinates":[77.6589829875585,12.8390661004203]}},{"type":"Feature","id":"kml_n_77.6596597347023_13.0250196536127","properties":{"id":"kml_n_77.6596597347023_13.0250196536127","degree":3,"number":2143,"kind":"junction_candidate"},"geometry":{"type":"Point","coordinates":[77.6596597347023,13.0250196536127]}},{"type":"Feature","id":"kml_n_77.6596601548206_13.032671433268","properties":{"id":"kml_n_77.6596601548206_13.032671433268","degree":3,"number":2144,"kind":"junction_candidate"},"geometry":{"type":"Point","coordinates":[77.6596601548206,13.032671433268]}},{"type":"Feature","id":"kml_n_77.6596627833207_13.0250354316238","properties":{"id":"kml_n_77.6596627833207_13.0250354316238","degree":3,"number":2145,"kind":"junction_candidate"},"geometry":{"type":"Point","coordinates":[77.6596627833207,13.0250354316238]}},{"type":"Feature","id":"kml_n_77.6597272288048_13.0680437646063","properties":{"id":"kml_n_77.6597272288048_13.0680437646063","degree":3,"number":2146,"kind":"junction_candidate"},"geometry":{"type":"Point","coordinates":[77.6597272288048,13.0680437646063]}},{"type":"Feature","id":"kml_n_77.6598466456674_13.0770485115265","properties":{"id":"kml_n_77.6598466456674_13.0770485115265","degree":1,"number":2147,"kind":"endpoint"},"geometry":{"type":"Point","coordinates":[77.6598466456674,13.0770485115265]}},{"type":"Feature","id":"kml_n_77.6600966948148_12.8451726343453","properties":{"id":"kml_n_77.6600966948148_12.8451726343453","degree":3,"number":2148,"kind":"junction_candidate"},"geometry":{"type":"Point","coordinates":[77.6600966948148,12.8451726343453]}},{"type":"Feature","id":"kml_n_77.6601255830991_13.0244796141576","properties":{"id":"kml_n_77.6601255830991_13.0244796141576","degree":3,"number":2149,"kind":"junction_candidate"},"geometry":{"type":"Point","coordinates":[77.6601255830991,13.0244796141576]}},{"type":"Feature","id":"kml_n_77.6604062692784_13.0385266405041","properties":{"id":"kml_n_77.6604062692784_13.0385266405041","degree":3,"number":2150,"kind":"junction_candidate"},"geometry":{"type":"Point","coordinates":[77.6604062692784,13.0385266405041]}},{"type":"Feature","id":"kml_n_77.6604756653106_13.0857226064295","properties":{"id":"kml_n_77.6604756653106_13.0857226064295","degree":3,"number":2151,"kind":"junction_candidate"},"geometry":{"type":"Point","coordinates":[77.6604756653106,13.0857226064295]}},{"type":"Feature","id":"kml_n_77.6610749340651_13.0228602520034","properties":{"id":"kml_n_77.6610749340651_13.0228602520034","degree":3,"number":2152,"kind":"junction_candidate"},"geometry":{"type":"Point","coordinates":[77.6610749340651,13.0228602520034]}},{"type":"Feature","id":"kml_n_77.6611092464998_13.0166400460321","properties":{"id":"kml_n_77.6611092464998_13.0166400460321","degree":1,"number":2153,"kind":"endpoint"},"geometry":{"type":"Point","coordinates":[77.6611092464998,13.0166400460321]}},{"type":"Feature","id":"kml_n_77.6615485666779_13.0636233046659","properties":{"id":"kml_n_77.6615485666779_13.0636233046659","degree":4,"number":2154,"kind":"junction_candidate"},"geometry":{"type":"Point","coordinates":[77.6615485666779,13.0636233046659]}},{"type":"Feature","id":"kml_n_77.6615683724149_12.9719365567214","properties":{"id":"kml_n_77.6615683724149_12.9719365567214","degree":3,"number":2155,"kind":"junction_candidate"},"geometry":{"type":"Point","coordinates":[77.6615683724149,12.9719365567214]}},{"type":"Feature","id":"kml_n_77.661644776422_12.9668048392369","properties":{"id":"kml_n_77.661644776422_12.9668048392369","degree":3,"number":2156,"kind":"junction_candidate"},"geometry":{"type":"Point","coordinates":[77.661644776422,12.9668048392369]}},{"type":"Feature","id":"kml_n_77.6616906363392_12.9261730566576","properties":{"id":"kml_n_77.6616906363392_12.9261730566576","degree":1,"number":2157,"kind":"endpoint"},"geometry":{"type":"Point","coordinates":[77.6616906363392,12.9261730566576]}},{"type":"Feature","id":"kml_n_77.662271952783_13.0132161716915","properties":{"id":"kml_n_77.662271952783_13.0132161716915","degree":4,"number":2158,"kind":"junction_candidate"},"geometry":{"type":"Point","coordinates":[77.662271952783,13.0132161716915]}},{"type":"Feature","id":"kml_n_77.6623328789609_13.0123256133696","properties":{"id":"kml_n_77.6623328789609_13.0123256133696","degree":1,"number":2159,"kind":"endpoint"},"geometry":{"type":"Point","coordinates":[77.6623328789609,13.0123256133696]}},{"type":"Feature","id":"kml_n_77.6625624436901_13.0503008070374","properties":{"id":"kml_n_77.6625624436901_13.0503008070374","degree":3,"number":2160,"kind":"junction_candidate"},"geometry":{"type":"Point","coordinates":[77.6625624436901,13.0503008070374]}},{"type":"Feature","id":"kml_n_77.6625830649282_13.089454892629","properties":{"id":"kml_n_77.6625830649282_13.089454892629","degree":1,"number":2161,"kind":"endpoint"},"geometry":{"type":"Point","coordinates":[77.6625830649282,13.089454892629]}},{"type":"Feature","id":"kml_n_77.6625935563891_12.9969690826258","properties":{"id":"kml_n_77.6625935563891_12.9969690826258","degree":3,"number":2162,"kind":"junction_candidate"},"geometry":{"type":"Point","coordinates":[77.6625935563891,12.9969690826258]}},{"type":"Feature","id":"kml_n_77.6626195906593_12.9969821134895","properties":{"id":"kml_n_77.6626195906593_12.9969821134895","degree":1,"number":2163,"kind":"endpoint"},"geometry":{"type":"Point","coordinates":[77.6626195906593,12.9969821134895]}},{"type":"Feature","id":"kml_n_77.6627881072827_13.0891225231192","properties":{"id":"kml_n_77.6627881072827_13.0891225231192","degree":1,"number":2164,"kind":"endpoint"},"geometry":{"type":"Point","coordinates":[77.6627881072827,13.0891225231192]}},{"type":"Feature","id":"kml_n_77.6632379176928_13.0037315145486","properties":{"id":"kml_n_77.6632379176928_13.0037315145486","degree":3,"number":2165,"kind":"junction_candidate"},"geometry":{"type":"Point","coordinates":[77.6632379176928,13.0037315145486]}},{"type":"Feature","id":"kml_n_77.6635233157787_12.9942349892643","properties":{"id":"kml_n_77.6635233157787_12.9942349892643","degree":3,"number":2166,"kind":"junction_candidate"},"geometry":{"type":"Point","coordinates":[77.6635233157787,12.9942349892643]}},{"type":"Feature","id":"kml_n_77.6635529338337_13.0128963096704","properties":{"id":"kml_n_77.6635529338337_13.0128963096704","degree":3,"number":2167,"kind":"junction_candidate"},"geometry":{"type":"Point","coordinates":[77.6635529338337,13.0128963096704]}},{"type":"Feature","id":"kml_n_77.6637497452148_13.0287153937661","properties":{"id":"kml_n_77.6637497452148_13.0287153937661","degree":1,"number":2168,"kind":"endpoint"},"geometry":{"type":"Point","coordinates":[77.6637497452148,13.0287153937661]}},{"type":"Feature","id":"kml_n_77.6637497479979_13.0287153955442","properties":{"id":"kml_n_77.6637497479979_13.0287153955442","degree":4,"number":2169,"kind":"junction_candidate"},"geometry":{"type":"Point","coordinates":[77.6637497479979,13.0287153955442]}},{"type":"Feature","id":"kml_n_77.6638117118079_12.819205264345","properties":{"id":"kml_n_77.6638117118079_12.819205264345","degree":3,"number":2170,"kind":"junction_candidate"},"geometry":{"type":"Point","coordinates":[77.6638117118079,12.819205264345]}},{"type":"Feature","id":"kml_n_77.6638662171734_13.0857613701536","properties":{"id":"kml_n_77.6638662171734_13.0857613701536","degree":3,"number":2171,"kind":"junction_candidate"},"geometry":{"type":"Point","coordinates":[77.6638662171734,13.0857613701536]}},{"type":"Feature","id":"kml_n_77.66390201241_12.9854859150483","properties":{"id":"kml_n_77.66390201241_12.9854859150483","degree":3,"number":2172,"kind":"junction_candidate"},"geometry":{"type":"Point","coordinates":[77.66390201241,12.9854859150483]}},{"type":"Feature","id":"kml_n_77.6641868069823_13.0282298475396","properties":{"id":"kml_n_77.6641868069823_13.0282298475396","degree":3,"number":2173,"kind":"junction_candidate"},"geometry":{"type":"Point","coordinates":[77.6641868069823,13.0282298475396]}},{"type":"Feature","id":"kml_n_77.6642518705547_12.8560900837013","properties":{"id":"kml_n_77.6642518705547_12.8560900837013","degree":3,"number":2174,"kind":"junction_candidate"},"geometry":{"type":"Point","coordinates":[77.6642518705547,12.8560900837013]}},{"type":"Feature","id":"kml_n_77.6648790027657_12.9619316219179","properties":{"id":"kml_n_77.6648790027657_12.9619316219179","degree":3,"number":2175,"kind":"junction_candidate"},"geometry":{"type":"Point","coordinates":[77.6648790027657,12.9619316219179]}},{"type":"Feature","id":"kml_n_77.6651316822667_12.9205947543361","properties":{"id":"kml_n_77.6651316822667_12.9205947543361","degree":3,"number":2176,"kind":"junction_candidate"},"geometry":{"type":"Point","coordinates":[77.6651316822667,12.9205947543361]}},{"type":"Feature","id":"kml_n_77.6651769408199_12.9270267092767","properties":{"id":"kml_n_77.6651769408199_12.9270267092767","degree":1,"number":2177,"kind":"endpoint"},"geometry":{"type":"Point","coordinates":[77.6651769408199,12.9270267092767]}},{"type":"Feature","id":"kml_n_77.6651769408487_12.9270267119865","properties":{"id":"kml_n_77.6651769408487_12.9270267119865","degree":1,"number":2178,"kind":"endpoint"},"geometry":{"type":"Point","coordinates":[77.6651769408487,12.9270267119865]}},{"type":"Feature","id":"kml_n_77.6652870358573_13.0382802081618","properties":{"id":"kml_n_77.6652870358573_13.0382802081618","degree":1,"number":2179,"kind":"endpoint"},"geometry":{"type":"Point","coordinates":[77.6652870358573,13.0382802081618]}},{"type":"Feature","id":"kml_n_77.6653250919237_13.0173122358405","properties":{"id":"kml_n_77.6653250919237_13.0173122358405","degree":3,"number":2180,"kind":"junction_candidate"},"geometry":{"type":"Point","coordinates":[77.6653250919237,13.0173122358405]}},{"type":"Feature","id":"kml_n_77.6657747793261_12.8257853069503","properties":{"id":"kml_n_77.6657747793261_12.8257853069503","degree":1,"number":2181,"kind":"endpoint"},"geometry":{"type":"Point","coordinates":[77.6657747793261,12.8257853069503]}},{"type":"Feature","id":"kml_n_77.6657747793546_12.8257853096602","properties":{"id":"kml_n_77.6657747793546_12.8257853096602","degree":1,"number":2182,"kind":"endpoint"},"geometry":{"type":"Point","coordinates":[77.6657747793546,12.8257853096602]}},{"type":"Feature","id":"kml_n_77.6660455715736_12.9751093972173","properties":{"id":"kml_n_77.6660455715736_12.9751093972173","degree":3,"number":2183,"kind":"junction_candidate"},"geometry":{"type":"Point","coordinates":[77.6660455715736,12.9751093972173]}},{"type":"Feature","id":"kml_n_77.6660632970973_12.9795913552842","properties":{"id":"kml_n_77.6660632970973_12.9795913552842","degree":1,"number":2184,"kind":"endpoint"},"geometry":{"type":"Point","coordinates":[77.6660632970973,12.9795913552842]}},{"type":"Feature","id":"kml_n_77.6660733915878_12.979581096771","properties":{"id":"kml_n_77.6660733915878_12.979581096771","degree":1,"number":2185,"kind":"endpoint"},"geometry":{"type":"Point","coordinates":[77.6660733915878,12.979581096771]}},{"type":"Feature","id":"kml_n_77.6663372789858_12.9583045187582","properties":{"id":"kml_n_77.6663372789858_12.9583045187582","degree":3,"number":2186,"kind":"junction_candidate"},"geometry":{"type":"Point","coordinates":[77.6663372789858,12.9583045187582]}},{"type":"Feature","id":"kml_n_77.6664009701125_13.0765202969388","properties":{"id":"kml_n_77.6664009701125_13.0765202969388","degree":1,"number":2187,"kind":"endpoint"},"geometry":{"type":"Point","coordinates":[77.6664009701125,13.0765202969388]}},{"type":"Feature","id":"kml_n_77.6668235114805_12.9850552541953","properties":{"id":"kml_n_77.6668235114805_12.9850552541953","degree":3,"number":2188,"kind":"junction_candidate"},"geometry":{"type":"Point","coordinates":[77.6668235114805,12.9850552541953]}},{"type":"Feature","id":"kml_n_77.6670601111154_12.8295758805601","properties":{"id":"kml_n_77.6670601111154_12.8295758805601","degree":3,"number":2189,"kind":"junction_candidate"},"geometry":{"type":"Point","coordinates":[77.6670601111154,12.8295758805601]}},{"type":"Feature","id":"kml_n_77.6671959932617_13.0256867750551","properties":{"id":"kml_n_77.6671959932617_13.0256867750551","degree":3,"number":2190,"kind":"junction_candidate"},"geometry":{"type":"Point","coordinates":[77.6671959932617,13.0256867750551]}},{"type":"Feature","id":"kml_n_77.6678067232368_13.0029941796701","properties":{"id":"kml_n_77.6678067232368_13.0029941796701","degree":3,"number":2191,"kind":"junction_candidate"},"geometry":{"type":"Point","coordinates":[77.6678067232368,13.0029941796701]}},{"type":"Feature","id":"kml_n_77.667927176214_12.9991682531826","properties":{"id":"kml_n_77.667927176214_12.9991682531826","degree":1,"number":2192,"kind":"endpoint"},"geometry":{"type":"Point","coordinates":[77.667927176214,12.9991682531826]}},{"type":"Feature","id":"kml_n_77.6679456518217_12.9991741945546","properties":{"id":"kml_n_77.6679456518217_12.9991741945546","degree":1,"number":2193,"kind":"endpoint"},"geometry":{"type":"Point","coordinates":[77.6679456518217,12.9991741945546]}},{"type":"Feature","id":"kml_n_77.6680344762484_13.0119706447188","properties":{"id":"kml_n_77.6680344762484_13.0119706447188","degree":3,"number":2194,"kind":"junction_candidate"},"geometry":{"type":"Point","coordinates":[77.6680344762484,13.0119706447188]}},{"type":"Feature","id":"kml_n_77.6681423007916_13.0280873486775","properties":{"id":"kml_n_77.6681423007916_13.0280873486775","degree":3,"number":2195,"kind":"junction_candidate"},"geometry":{"type":"Point","coordinates":[77.6681423007916,13.0280873486775]}},{"type":"Feature","id":"kml_n_77.6681453131133_12.9611803083157","properties":{"id":"kml_n_77.6681453131133_12.9611803083157","degree":3,"number":2196,"kind":"junction_candidate"},"geometry":{"type":"Point","coordinates":[77.6681453131133,12.9611803083157]}},{"type":"Feature","id":"kml_n_77.668284663314_12.8647325516543","properties":{"id":"kml_n_77.668284663314_12.8647325516543","degree":1,"number":2197,"kind":"endpoint"},"geometry":{"type":"Point","coordinates":[77.668284663314,12.8647325516543]}},{"type":"Feature","id":"kml_n_77.6687246989607_12.9188606592661","properties":{"id":"kml_n_77.6687246989607_12.9188606592661","degree":3,"number":2198,"kind":"junction_candidate"},"geometry":{"type":"Point","coordinates":[77.6687246989607,12.9188606592661]}},{"type":"Feature","id":"kml_n_77.6688054705606_12.8296469588413","properties":{"id":"kml_n_77.6688054705606_12.8296469588413","degree":3,"number":2199,"kind":"junction_candidate"},"geometry":{"type":"Point","coordinates":[77.6688054705606,12.8296469588413]}},{"type":"Feature","id":"kml_n_77.6688781054025_12.8900551018959","properties":{"id":"kml_n_77.6688781054025_12.8900551018959","degree":1,"number":2200,"kind":"endpoint"},"geometry":{"type":"Point","coordinates":[77.6688781054025,12.8900551018959]}},{"type":"Feature","id":"kml_n_77.668929290505_13.0167425060162","properties":{"id":"kml_n_77.668929290505_13.0167425060162","degree":3,"number":2201,"kind":"junction_candidate"},"geometry":{"type":"Point","coordinates":[77.668929290505,13.0167425060162]}},{"type":"Feature","id":"kml_n_77.668948410447_13.0167014563744","properties":{"id":"kml_n_77.668948410447_13.0167014563744","degree":3,"number":2202,"kind":"junction_candidate"},"geometry":{"type":"Point","coordinates":[77.668948410447,13.0167014563744]}},{"type":"Feature","id":"kml_n_77.6689574524778_12.8900320373867","properties":{"id":"kml_n_77.6689574524778_12.8900320373867","degree":1,"number":2203,"kind":"endpoint"},"geometry":{"type":"Point","coordinates":[77.6689574524778,12.8900320373867]}},{"type":"Feature","id":"kml_n_77.6693914792009_12.8749364403426","properties":{"id":"kml_n_77.6693914792009_12.8749364403426","degree":1,"number":2204,"kind":"endpoint"},"geometry":{"type":"Point","coordinates":[77.6693914792009,12.8749364403426]}},{"type":"Feature","id":"kml_n_77.6693951546075_12.9969023134207","properties":{"id":"kml_n_77.6693951546075_12.9969023134207","degree":1,"number":2205,"kind":"endpoint"},"geometry":{"type":"Point","coordinates":[77.6693951546075,12.9969023134207]}},{"type":"Feature","id":"kml_n_77.6694074875063_12.8749431691425","properties":{"id":"kml_n_77.6694074875063_12.8749431691425","degree":1,"number":2206,"kind":"endpoint"},"geometry":{"type":"Point","coordinates":[77.6694074875063,12.8749431691425]}},{"type":"Feature","id":"kml_n_77.6695404271872_12.9227251781575","properties":{"id":"kml_n_77.6695404271872_12.9227251781575","degree":1,"number":2207,"kind":"endpoint"},"geometry":{"type":"Point","coordinates":[77.6695404271872,12.9227251781575]}},{"type":"Feature","id":"kml_n_77.6696434137651_12.9272108831313","properties":{"id":"kml_n_77.6696434137651_12.9272108831313","degree":3,"number":2208,"kind":"junction_candidate"},"geometry":{"type":"Point","coordinates":[77.6696434137651,12.9272108831313]}},{"type":"Feature","id":"kml_n_77.6696959983896_13.04295482952","properties":{"id":"kml_n_77.6696959983896_13.04295482952","degree":3,"number":2209,"kind":"junction_candidate"},"geometry":{"type":"Point","coordinates":[77.6696959983896,13.04295482952]}},{"type":"Feature","id":"kml_n_77.6697142030584_12.8935519443377","properties":{"id":"kml_n_77.6697142030584_12.8935519443377","degree":1,"number":2210,"kind":"endpoint"},"geometry":{"type":"Point","coordinates":[77.6697142030584,12.8935519443377]}},{"type":"Feature","id":"kml_n_77.6697835229691_12.8935394791283","properties":{"id":"kml_n_77.6697835229691_12.8935394791283","degree":1,"number":2211,"kind":"endpoint"},"geometry":{"type":"Point","coordinates":[77.6697835229691,12.8935394791283]}},{"type":"Feature","id":"kml_n_77.6698142341666_13.0443671301631","properties":{"id":"kml_n_77.6698142341666_13.0443671301631","degree":1,"number":2212,"kind":"endpoint"},"geometry":{"type":"Point","coordinates":[77.6698142341666,13.0443671301631]}},{"type":"Feature","id":"kml_n_77.6698148202676_13.0443673951295","properties":{"id":"kml_n_77.6698148202676_13.0443673951295","degree":1,"number":2213,"kind":"endpoint"},"geometry":{"type":"Point","coordinates":[77.6698148202676,13.0443673951295]}},{"type":"Feature","id":"kml_n_77.6699759172852_13.069341877456","properties":{"id":"kml_n_77.6699759172852_13.069341877456","degree":3,"number":2214,"kind":"junction_candidate"},"geometry":{"type":"Point","coordinates":[77.6699759172852,13.069341877456]}},{"type":"Feature","id":"kml_n_77.6700984220387_12.9974096159078","properties":{"id":"kml_n_77.6700984220387_12.9974096159078","degree":1,"number":2215,"kind":"endpoint"},"geometry":{"type":"Point","coordinates":[77.6700984220387,12.9974096159078]}},{"type":"Feature","id":"kml_n_77.6701671484107_12.974868668291","properties":{"id":"kml_n_77.6701671484107_12.974868668291","degree":3,"number":2216,"kind":"junction_candidate"},"geometry":{"type":"Point","coordinates":[77.6701671484107,12.974868668291]}},{"type":"Feature","id":"kml_n_77.6703001264097_12.9711304246998","properties":{"id":"kml_n_77.6703001264097_12.9711304246998","degree":3,"number":2217,"kind":"junction_candidate"},"geometry":{"type":"Point","coordinates":[77.6703001264097,12.9711304246998]}},{"type":"Feature","id":"kml_n_77.6703301406186_13.0317621312527","properties":{"id":"kml_n_77.6703301406186_13.0317621312527","degree":1,"number":2218,"kind":"endpoint"},"geometry":{"type":"Point","coordinates":[77.6703301406186,13.0317621312527]}},{"type":"Feature","id":"kml_n_77.670367339653_12.8375254163917","properties":{"id":"kml_n_77.670367339653_12.8375254163917","degree":1,"number":2219,"kind":"endpoint"},"geometry":{"type":"Point","coordinates":[77.670367339653,12.8375254163917]}},{"type":"Feature","id":"kml_n_77.6706143409576_13.0642900354953","properties":{"id":"kml_n_77.6706143409576_13.0642900354953","degree":4,"number":2220,"kind":"junction_candidate"},"geometry":{"type":"Point","coordinates":[77.6706143409576,13.0642900354953]}},{"type":"Feature","id":"kml_n_77.670667028874_13.0373017396213","properties":{"id":"kml_n_77.670667028874_13.0373017396213","degree":3,"number":2221,"kind":"junction_candidate"},"geometry":{"type":"Point","coordinates":[77.670667028874,13.0373017396213]}},{"type":"Feature","id":"kml_n_77.6707002111936_13.0373016836468","properties":{"id":"kml_n_77.6707002111936_13.0373016836468","degree":3,"number":2222,"kind":"junction_candidate"},"geometry":{"type":"Point","coordinates":[77.6707002111936,13.0373016836468]}},{"type":"Feature","id":"kml_n_77.6708591566618_12.8756749488739","properties":{"id":"kml_n_77.6708591566618_12.8756749488739","degree":4,"number":2223,"kind":"junction_candidate"},"geometry":{"type":"Point","coordinates":[77.6708591566618,12.8756749488739]}},{"type":"Feature","id":"kml_n_77.6709693163818_13.0544689679362","properties":{"id":"kml_n_77.6709693163818_13.0544689679362","degree":3,"number":2224,"kind":"junction_candidate"},"geometry":{"type":"Point","coordinates":[77.6709693163818,13.0544689679362]}},{"type":"Feature","id":"kml_n_77.6711122681807_12.8474429090742","properties":{"id":"kml_n_77.6711122681807_12.8474429090742","degree":4,"number":2225,"kind":"junction_candidate"},"geometry":{"type":"Point","coordinates":[77.6711122681807,12.8474429090742]}},{"type":"Feature","id":"kml_n_77.6712152903761_13.0668937862819","properties":{"id":"kml_n_77.6712152903761_13.0668937862819","degree":1,"number":2226,"kind":"endpoint"},"geometry":{"type":"Point","coordinates":[77.6712152903761,13.0668937862819]}},{"type":"Feature","id":"kml_n_77.6712152922189_13.0668937862629","properties":{"id":"kml_n_77.6712152922189_13.0668937862629","degree":1,"number":2227,"kind":"endpoint"},"geometry":{"type":"Point","coordinates":[77.6712152922189,13.0668937862629]}},{"type":"Feature","id":"kml_n_77.6715012759051_12.9744636917478","properties":{"id":"kml_n_77.6715012759051_12.9744636917478","degree":3,"number":2228,"kind":"junction_candidate"},"geometry":{"type":"Point","coordinates":[77.6715012759051,12.9744636917478]}},{"type":"Feature","id":"kml_n_77.6715153326074_12.9273029684747","properties":{"id":"kml_n_77.6715153326074_12.9273029684747","degree":3,"number":2229,"kind":"junction_candidate"},"geometry":{"type":"Point","coordinates":[77.6715153326074,12.9273029684747]}},{"type":"Feature","id":"kml_n_77.6715568877988_13.0528302970766","properties":{"id":"kml_n_77.6715568877988_13.0528302970766","degree":3,"number":2230,"kind":"junction_candidate"},"geometry":{"type":"Point","coordinates":[77.6715568877988,13.0528302970766]}},{"type":"Feature","id":"kml_n_77.671575296331_13.0528197415036","properties":{"id":"kml_n_77.671575296331_13.0528197415036","degree":3,"number":2231,"kind":"junction_candidate"},"geometry":{"type":"Point","coordinates":[77.671575296331,13.0528197415036]}},{"type":"Feature","id":"kml_n_77.6715841213573_12.8817953561091","properties":{"id":"kml_n_77.6715841213573_12.8817953561091","degree":1,"number":2232,"kind":"endpoint"},"geometry":{"type":"Point","coordinates":[77.6715841213573,12.8817953561091]}},{"type":"Feature","id":"kml_n_77.6717715161815_12.9281895988066","properties":{"id":"kml_n_77.6717715161815_12.9281895988066","degree":1,"number":2233,"kind":"endpoint"},"geometry":{"type":"Point","coordinates":[77.6717715161815,12.9281895988066]}},{"type":"Feature","id":"kml_n_77.6721080885333_12.9239113000527","properties":{"id":"kml_n_77.6721080885333_12.9239113000527","degree":3,"number":2234,"kind":"junction_candidate"},"geometry":{"type":"Point","coordinates":[77.6721080885333,12.9239113000527]}},{"type":"Feature","id":"kml_n_77.6722681908731_12.8846494357797","properties":{"id":"kml_n_77.6722681908731_12.8846494357797","degree":1,"number":2235,"kind":"endpoint"},"geometry":{"type":"Point","coordinates":[77.6722681908731,12.8846494357797]}},{"type":"Feature","id":"kml_n_77.6723053909241_12.8852370947613","properties":{"id":"kml_n_77.6723053909241_12.8852370947613","degree":3,"number":2236,"kind":"junction_candidate"},"geometry":{"type":"Point","coordinates":[77.6723053909241,12.8852370947613]}},{"type":"Feature","id":"kml_n_77.6724516560455_12.925665817012","properties":{"id":"kml_n_77.6724516560455_12.925665817012","degree":1,"number":2237,"kind":"endpoint"},"geometry":{"type":"Point","coordinates":[77.6724516560455,12.925665817012]}},{"type":"Feature","id":"kml_n_77.6725528839216_12.9257543915949","properties":{"id":"kml_n_77.6725528839216_12.9257543915949","degree":3,"number":2238,"kind":"junction_candidate"},"geometry":{"type":"Point","coordinates":[77.6725528839216,12.9257543915949]}},{"type":"Feature","id":"kml_n_77.6726552752471_12.998438019257","properties":{"id":"kml_n_77.6726552752471_12.998438019257","degree":1,"number":2239,"kind":"endpoint"},"geometry":{"type":"Point","coordinates":[77.6726552752471,12.998438019257]}},{"type":"Feature","id":"kml_n_77.6726793428819_12.9984497331298","properties":{"id":"kml_n_77.6726793428819_12.9984497331298","degree":1,"number":2240,"kind":"endpoint"},"geometry":{"type":"Point","coordinates":[77.6726793428819,12.9984497331298]}},{"type":"Feature","id":"kml_n_77.6729074186955_13.0208994566555","properties":{"id":"kml_n_77.6729074186955_13.0208994566555","degree":4,"number":2241,"kind":"junction_candidate"},"geometry":{"type":"Point","coordinates":[77.6729074186955,13.0208994566555]}},{"type":"Feature","id":"kml_n_77.6729119108205_12.9739895980436","properties":{"id":"kml_n_77.6729119108205_12.9739895980436","degree":3,"number":2242,"kind":"junction_candidate"},"geometry":{"type":"Point","coordinates":[77.6729119108205,12.9739895980436]}},{"type":"Feature","id":"kml_n_77.6730141094916_13.0431046381611","properties":{"id":"kml_n_77.6730141094916_13.0431046381611","degree":1,"number":2243,"kind":"endpoint"},"geometry":{"type":"Point","coordinates":[77.6730141094916,13.0431046381611]}},{"type":"Feature","id":"kml_n_77.673257165789_13.0374822979788","properties":{"id":"kml_n_77.673257165789_13.0374822979788","degree":1,"number":2244,"kind":"endpoint"},"geometry":{"type":"Point","coordinates":[77.673257165789,13.0374822979788]}},{"type":"Feature","id":"kml_n_77.6733941618908_13.0611984147139","properties":{"id":"kml_n_77.6733941618908_13.0611984147139","degree":3,"number":2245,"kind":"junction_candidate"},"geometry":{"type":"Point","coordinates":[77.6733941618908,13.0611984147139]}},{"type":"Feature","id":"kml_n_77.6736409138502_12.9270538837186","properties":{"id":"kml_n_77.6736409138502_12.9270538837186","degree":3,"number":2246,"kind":"junction_candidate"},"geometry":{"type":"Point","coordinates":[77.6736409138502,12.9270538837186]}},{"type":"Feature","id":"kml_n_77.6737184962995_12.8928158943333","properties":{"id":"kml_n_77.6737184962995_12.8928158943333","degree":3,"number":2247,"kind":"junction_candidate"},"geometry":{"type":"Point","coordinates":[77.6737184962995,12.8928158943333]}},{"type":"Feature","id":"kml_n_77.6740538740122_12.987075469644","properties":{"id":"kml_n_77.6740538740122_12.987075469644","degree":1,"number":2248,"kind":"endpoint"},"geometry":{"type":"Point","coordinates":[77.6740538740122,12.987075469644]}},{"type":"Feature","id":"kml_n_77.6740656621705_12.9908226861399","properties":{"id":"kml_n_77.6740656621705_12.9908226861399","degree":3,"number":2249,"kind":"junction_candidate"},"geometry":{"type":"Point","coordinates":[77.6740656621705,12.9908226861399]}},{"type":"Feature","id":"kml_n_77.6740667878495_12.9908247469065","properties":{"id":"kml_n_77.6740667878495_12.9908247469065","degree":1,"number":2250,"kind":"endpoint"},"geometry":{"type":"Point","coordinates":[77.6740667878495,12.9908247469065]}},{"type":"Feature","id":"kml_n_77.6744511512533_12.9608150188024","properties":{"id":"kml_n_77.6744511512533_12.9608150188024","degree":1,"number":2251,"kind":"endpoint"},"geometry":{"type":"Point","coordinates":[77.6744511512533,12.9608150188024]}},{"type":"Feature","id":"kml_n_77.6744516091113_12.9608157151226","properties":{"id":"kml_n_77.6744516091113_12.9608157151226","degree":1,"number":2252,"kind":"endpoint"},"geometry":{"type":"Point","coordinates":[77.6744516091113,12.9608157151226]}},{"type":"Feature","id":"kml_n_77.6744927149225_13.0199270218125","properties":{"id":"kml_n_77.6744927149225_13.0199270218125","degree":3,"number":2253,"kind":"junction_candidate"},"geometry":{"type":"Point","coordinates":[77.6744927149225,13.0199270218125]}},{"type":"Feature","id":"kml_n_77.6745678600091_13.0199690141585","properties":{"id":"kml_n_77.6745678600091_13.0199690141585","degree":3,"number":2254,"kind":"junction_candidate"},"geometry":{"type":"Point","coordinates":[77.6745678600091,13.0199690141585]}},{"type":"Feature","id":"kml_n_77.6746553925718_13.0336043533319","properties":{"id":"kml_n_77.6746553925718_13.0336043533319","degree":3,"number":2255,"kind":"junction_candidate"},"geometry":{"type":"Point","coordinates":[77.6746553925718,13.0336043533319]}},{"type":"Feature","id":"kml_n_77.6747090159905_12.8957128722903","properties":{"id":"kml_n_77.6747090159905_12.8957128722903","degree":4,"number":2256,"kind":"junction_candidate"},"geometry":{"type":"Point","coordinates":[77.6747090159905,12.8957128722903]}},{"type":"Feature","id":"kml_n_77.6747542547906_12.9277663155032","properties":{"id":"kml_n_77.6747542547906_12.9277663155032","degree":1,"number":2257,"kind":"endpoint"},"geometry":{"type":"Point","coordinates":[77.6747542547906,12.9277663155032]}},{"type":"Feature","id":"kml_n_77.6749229227613_13.0377755331697","properties":{"id":"kml_n_77.6749229227613_13.0377755331697","degree":3,"number":2258,"kind":"junction_candidate"},"geometry":{"type":"Point","coordinates":[77.6749229227613,13.0377755331697]}},{"type":"Feature","id":"kml_n_77.6749634176931_12.9848033436643","properties":{"id":"kml_n_77.6749634176931_12.9848033436643","degree":3,"number":2259,"kind":"junction_candidate"},"geometry":{"type":"Point","coordinates":[77.6749634176931,12.9848033436643]}},{"type":"Feature","id":"kml_n_77.6750569821541_13.1482708842286","properties":{"id":"kml_n_77.6750569821541_13.1482708842286","degree":1,"number":2260,"kind":"endpoint"},"geometry":{"type":"Point","coordinates":[77.6750569821541,13.1482708842286]}},{"type":"Feature","id":"kml_n_77.6750679464046_13.0337610625796","properties":{"id":"kml_n_77.6750679464046_13.0337610625796","degree":3,"number":2261,"kind":"junction_candidate"},"geometry":{"type":"Point","coordinates":[77.6750679464046,13.0337610625796]}},{"type":"Feature","id":"kml_n_77.6750975200244_12.9933608361311","properties":{"id":"kml_n_77.6750975200244_12.9933608361311","degree":3,"number":2262,"kind":"junction_candidate"},"geometry":{"type":"Point","coordinates":[77.6750975200244,12.9933608361311]}},{"type":"Feature","id":"kml_n_77.6751099481085_13.0369303006369","properties":{"id":"kml_n_77.6751099481085_13.0369303006369","degree":3,"number":2263,"kind":"junction_candidate"},"geometry":{"type":"Point","coordinates":[77.6751099481085,13.0369303006369]}},{"type":"Feature","id":"kml_n_77.6751338847114_12.884089632884","properties":{"id":"kml_n_77.6751338847114_12.884089632884","degree":1,"number":2264,"kind":"endpoint"},"geometry":{"type":"Point","coordinates":[77.6751338847114,12.884089632884]}},{"type":"Feature","id":"kml_n_77.6751430697992_12.8840872823411","properties":{"id":"kml_n_77.6751430697992_12.8840872823411","degree":1,"number":2265,"kind":"endpoint"},"geometry":{"type":"Point","coordinates":[77.6751430697992,12.8840872823411]}},{"type":"Feature","id":"kml_n_77.6752215366475_12.8623347523028","properties":{"id":"kml_n_77.6752215366475_12.8623347523028","degree":3,"number":2266,"kind":"junction_candidate"},"geometry":{"type":"Point","coordinates":[77.6752215366475,12.8623347523028]}},{"type":"Feature","id":"kml_n_77.6755220321546_12.9070799226686","properties":{"id":"kml_n_77.6755220321546_12.9070799226686","degree":1,"number":2267,"kind":"endpoint"},"geometry":{"type":"Point","coordinates":[77.6755220321546,12.9070799226686]}},{"type":"Feature","id":"kml_n_77.6755220339962_12.9070799226497","properties":{"id":"kml_n_77.6755220339962_12.9070799226497","degree":1,"number":2268,"kind":"endpoint"},"geometry":{"type":"Point","coordinates":[77.6755220339962,12.9070799226497]}},{"type":"Feature","id":"kml_n_77.6755530195965_13.0009959584675","properties":{"id":"kml_n_77.6755530195965_13.0009959584675","degree":1,"number":2269,"kind":"endpoint"},"geometry":{"type":"Point","coordinates":[77.6755530195965,13.0009959584675]}},{"type":"Feature","id":"kml_n_77.6755839520176_13.0113388268898","properties":{"id":"kml_n_77.6755839520176_13.0113388268898","degree":3,"number":2270,"kind":"junction_candidate"},"geometry":{"type":"Point","coordinates":[77.6755839520176,13.0113388268898]}},{"type":"Feature","id":"kml_n_77.6757049029103_12.8839120737747","properties":{"id":"kml_n_77.6757049029103_12.8839120737747","degree":1,"number":2271,"kind":"endpoint"},"geometry":{"type":"Point","coordinates":[77.6757049029103,12.8839120737747]}},{"type":"Feature","id":"kml_n_77.675717810739_12.8840147814579","properties":{"id":"kml_n_77.675717810739_12.8840147814579","degree":1,"number":2272,"kind":"endpoint"},"geometry":{"type":"Point","coordinates":[77.675717810739,12.8840147814579]}},{"type":"Feature","id":"kml_n_77.6758722195137_13.0286106990911","properties":{"id":"kml_n_77.6758722195137_13.0286106990911","degree":3,"number":2273,"kind":"junction_candidate"},"geometry":{"type":"Point","coordinates":[77.6758722195137,13.0286106990911]}},{"type":"Feature","id":"kml_n_77.6759430902622_13.0285254974788","properties":{"id":"kml_n_77.6759430902622_13.0285254974788","degree":1,"number":2274,"kind":"endpoint"},"geometry":{"type":"Point","coordinates":[77.6759430902622,13.0285254974788]}},{"type":"Feature","id":"kml_n_77.6767090136563_13.0001254138521","properties":{"id":"kml_n_77.6767090136563_13.0001254138521","degree":3,"number":2275,"kind":"junction_candidate"},"geometry":{"type":"Point","coordinates":[77.6767090136563,13.0001254138521]}},{"type":"Feature","id":"kml_n_77.6767129785718_12.9984253094056","properties":{"id":"kml_n_77.6767129785718_12.9984253094056","degree":3,"number":2276,"kind":"junction_candidate"},"geometry":{"type":"Point","coordinates":[77.6767129785718,12.9984253094056]}},{"type":"Feature","id":"kml_n_77.6770014378048_13.0387121787899","properties":{"id":"kml_n_77.6770014378048_13.0387121787899","degree":1,"number":2277,"kind":"endpoint"},"geometry":{"type":"Point","coordinates":[77.6770014378048,13.0387121787899]}},{"type":"Feature","id":"kml_n_77.6770694488366_12.9949570224781","properties":{"id":"kml_n_77.6770694488366_12.9949570224781","degree":3,"number":2278,"kind":"junction_candidate"},"geometry":{"type":"Point","coordinates":[77.6770694488366,12.9949570224781]}},{"type":"Feature","id":"kml_n_77.6772548773242_12.9176819212621","properties":{"id":"kml_n_77.6772548773242_12.9176819212621","degree":1,"number":2279,"kind":"endpoint"},"geometry":{"type":"Point","coordinates":[77.6772548773242,12.9176819212621]}},{"type":"Feature","id":"kml_n_77.6774003901949_12.9693304351844","properties":{"id":"kml_n_77.6774003901949_12.9693304351844","degree":3,"number":2280,"kind":"junction_candidate"},"geometry":{"type":"Point","coordinates":[77.6774003901949,12.9693304351844]}},{"type":"Feature","id":"kml_n_77.6774691903243_12.9139970311561","properties":{"id":"kml_n_77.6774691903243_12.9139970311561","degree":4,"number":2281,"kind":"junction_candidate"},"geometry":{"type":"Point","coordinates":[77.6774691903243,12.9139970311561]}},{"type":"Feature","id":"kml_n_77.677757823644_12.8265141725241","properties":{"id":"kml_n_77.677757823644_12.8265141725241","degree":1,"number":2282,"kind":"endpoint"},"geometry":{"type":"Point","coordinates":[77.677757823644,12.8265141725241]}},{"type":"Feature","id":"kml_n_77.6778102668122_12.9727719568675","properties":{"id":"kml_n_77.6778102668122_12.9727719568675","degree":3,"number":2283,"kind":"junction_candidate"},"geometry":{"type":"Point","coordinates":[77.6778102668122,12.9727719568675]}},{"type":"Feature","id":"kml_n_77.6778124700423_12.8264845917012","properties":{"id":"kml_n_77.6778124700423_12.8264845917012","degree":1,"number":2284,"kind":"endpoint"},"geometry":{"type":"Point","coordinates":[77.6778124700423,12.8264845917012]}},{"type":"Feature","id":"kml_n_77.6778282741494_12.9160644611819","properties":{"id":"kml_n_77.6778282741494_12.9160644611819","degree":3,"number":2285,"kind":"junction_candidate"},"geometry":{"type":"Point","coordinates":[77.6778282741494,12.9160644611819]}},{"type":"Feature","id":"kml_n_77.6779407647242_13.0011707280464","properties":{"id":"kml_n_77.6779407647242_13.0011707280464","degree":3,"number":2286,"kind":"junction_candidate"},"geometry":{"type":"Point","coordinates":[77.6779407647242,13.0011707280464]}},{"type":"Feature","id":"kml_n_77.678088855574_12.9727126241333","properties":{"id":"kml_n_77.678088855574_12.9727126241333","degree":3,"number":2287,"kind":"junction_candidate"},"geometry":{"type":"Point","coordinates":[77.678088855574,12.9727126241333]}},{"type":"Feature","id":"kml_n_77.6781327907851_13.0184174092667","properties":{"id":"kml_n_77.6781327907851_13.0184174092667","degree":4,"number":2288,"kind":"junction_candidate"},"geometry":{"type":"Point","coordinates":[77.6781327907851,13.0184174092667]}},{"type":"Feature","id":"kml_n_77.6782240738342_12.9266514824854","properties":{"id":"kml_n_77.6782240738342_12.9266514824854","degree":1,"number":2289,"kind":"endpoint"},"geometry":{"type":"Point","coordinates":[77.6782240738342,12.9266514824854]}},{"type":"Feature","id":"kml_n_77.6783277432819_12.92058645109","properties":{"id":"kml_n_77.6783277432819_12.92058645109","degree":1,"number":2290,"kind":"endpoint"},"geometry":{"type":"Point","coordinates":[77.6783277432819,12.92058645109]}},{"type":"Feature","id":"kml_n_77.6783573201586_13.021271196406","properties":{"id":"kml_n_77.6783573201586_13.021271196406","degree":3,"number":2291,"kind":"junction_candidate"},"geometry":{"type":"Point","coordinates":[77.6783573201586,13.021271196406]}},{"type":"Feature","id":"kml_n_77.6784018921636_13.0212719824107","properties":{"id":"kml_n_77.6784018921636_13.0212719824107","degree":3,"number":2292,"kind":"junction_candidate"},"geometry":{"type":"Point","coordinates":[77.6784018921636,13.0212719824107]}},{"type":"Feature","id":"kml_n_77.6785641294317_13.0334441381546","properties":{"id":"kml_n_77.6785641294317_13.0334441381546","degree":1,"number":2293,"kind":"endpoint"},"geometry":{"type":"Point","coordinates":[77.6785641294317,13.0334441381546]}},{"type":"Feature","id":"kml_n_77.6785641294608_13.0334441408644","properties":{"id":"kml_n_77.6785641294608_13.0334441408644","degree":1,"number":2294,"kind":"endpoint"},"geometry":{"type":"Point","coordinates":[77.6785641294608,13.0334441408644]}},{"type":"Feature","id":"kml_n_77.6785692326628_12.9623906907675","properties":{"id":"kml_n_77.6785692326628_12.9623906907675","degree":1,"number":2295,"kind":"endpoint"},"geometry":{"type":"Point","coordinates":[77.6785692326628,12.9623906907675]}},{"type":"Feature","id":"kml_n_77.6785692354258_12.962390690739","properties":{"id":"kml_n_77.6785692354258_12.962390690739","degree":1,"number":2296,"kind":"endpoint"},"geometry":{"type":"Point","coordinates":[77.6785692354258,12.962390690739]}},{"type":"Feature","id":"kml_n_77.6785906000401_13.0116986894219","properties":{"id":"kml_n_77.6785906000401_13.0116986894219","degree":3,"number":2297,"kind":"junction_candidate"},"geometry":{"type":"Point","coordinates":[77.6785906000401,13.0116986894219]}},{"type":"Feature","id":"kml_n_77.6786051329197_12.8748997022338","properties":{"id":"kml_n_77.6786051329197_12.8748997022338","degree":1,"number":2298,"kind":"endpoint"},"geometry":{"type":"Point","coordinates":[77.6786051329197,12.8748997022338]}},{"type":"Feature","id":"kml_n_77.6786052079278_12.8748998288438","properties":{"id":"kml_n_77.6786052079278_12.8748998288438","degree":1,"number":2299,"kind":"endpoint"},"geometry":{"type":"Point","coordinates":[77.6786052079278,12.8748998288438]}},{"type":"Feature","id":"kml_n_77.6788924587807_12.8782429751735","properties":{"id":"kml_n_77.6788924587807_12.8782429751735","degree":3,"number":2300,"kind":"junction_candidate"},"geometry":{"type":"Point","coordinates":[77.6788924587807,12.8782429751735]}},{"type":"Feature","id":"kml_n_77.6789886081932_12.9271673049458","properties":{"id":"kml_n_77.6789886081932_12.9271673049458","degree":1,"number":2301,"kind":"endpoint"},"geometry":{"type":"Point","coordinates":[77.6789886081932,12.9271673049458]}},{"type":"Feature","id":"kml_n_77.6791341556037_12.9133037320971","properties":{"id":"kml_n_77.6791341556037_12.9133037320971","degree":3,"number":2302,"kind":"junction_candidate"},"geometry":{"type":"Point","coordinates":[77.6791341556037,12.9133037320971]}},{"type":"Feature","id":"kml_n_77.6792481016841_13.0262959430037","properties":{"id":"kml_n_77.6792481016841_13.0262959430037","degree":3,"number":2303,"kind":"junction_candidate"},"geometry":{"type":"Point","coordinates":[77.6792481016841,13.0262959430037]}},{"type":"Feature","id":"kml_n_77.6792704588178_13.0272115252828","properties":{"id":"kml_n_77.6792704588178_13.0272115252828","degree":1,"number":2304,"kind":"endpoint"},"geometry":{"type":"Point","coordinates":[77.6792704588178,13.0272115252828]}},{"type":"Feature","id":"kml_n_77.6793548023841_13.0303338709844","properties":{"id":"kml_n_77.6793548023841_13.0303338709844","degree":3,"number":2305,"kind":"junction_candidate"},"geometry":{"type":"Point","coordinates":[77.6793548023841,13.0303338709844]}},{"type":"Feature","id":"kml_n_77.6793561857223_13.033119046435","properties":{"id":"kml_n_77.6793561857223_13.033119046435","degree":1,"number":2306,"kind":"endpoint"},"geometry":{"type":"Point","coordinates":[77.6793561857223,13.033119046435]}},{"type":"Feature","id":"kml_n_77.6793652125556_13.0334041016688","properties":{"id":"kml_n_77.6793652125556_13.0334041016688","degree":3,"number":2307,"kind":"junction_candidate"},"geometry":{"type":"Point","coordinates":[77.6793652125556,13.0334041016688]}},{"type":"Feature","id":"kml_n_77.6796787899678_13.0387735776166","properties":{"id":"kml_n_77.6796787899678_13.0387735776166","degree":4,"number":2308,"kind":"junction_candidate"},"geometry":{"type":"Point","coordinates":[77.6796787899678,13.0387735776166]}},{"type":"Feature","id":"kml_n_77.6796898800229_13.0374032589435","properties":{"id":"kml_n_77.6796898800229_13.0374032589435","degree":1,"number":2309,"kind":"endpoint"},"geometry":{"type":"Point","coordinates":[77.6796898800229,13.0374032589435]}},{"type":"Feature","id":"kml_n_77.6796898827867_13.0374032589148","properties":{"id":"kml_n_77.6796898827867_13.0374032589148","degree":1,"number":2310,"kind":"endpoint"},"geometry":{"type":"Point","coordinates":[77.6796898827867,13.0374032589148]}},{"type":"Feature","id":"kml_n_77.6798022264863_12.9835566421479","properties":{"id":"kml_n_77.6798022264863_12.9835566421479","degree":3,"number":2311,"kind":"junction_candidate"},"geometry":{"type":"Point","coordinates":[77.6798022264863,12.9835566421479]}},{"type":"Feature","id":"kml_n_77.6799442513702_12.9156476263142","properties":{"id":"kml_n_77.6799442513702_12.9156476263142","degree":1,"number":2312,"kind":"endpoint"},"geometry":{"type":"Point","coordinates":[77.6799442513702,12.9156476263142]}},{"type":"Feature","id":"kml_n_77.6799528498698_12.9544867130671","properties":{"id":"kml_n_77.6799528498698_12.9544867130671","degree":3,"number":2313,"kind":"junction_candidate"},"geometry":{"type":"Point","coordinates":[77.6799528498698,12.9544867130671]}},{"type":"Feature","id":"kml_n_77.6803805060225_12.9438100233797","properties":{"id":"kml_n_77.6803805060225_12.9438100233797","degree":3,"number":2314,"kind":"junction_candidate"},"geometry":{"type":"Point","coordinates":[77.6803805060225,12.9438100233797]}},{"type":"Feature","id":"kml_n_77.6806464321168_13.0003494945616","properties":{"id":"kml_n_77.6806464321168_13.0003494945616","degree":3,"number":2315,"kind":"junction_candidate"},"geometry":{"type":"Point","coordinates":[77.6806464321168,13.0003494945616]}},{"type":"Feature","id":"kml_n_77.6810820607991_13.0519225469685","properties":{"id":"kml_n_77.6810820607991_13.0519225469685","degree":3,"number":2316,"kind":"junction_candidate"},"geometry":{"type":"Point","coordinates":[77.6810820607991,13.0519225469685]}},{"type":"Feature","id":"kml_n_77.6811698380107_12.892254196581","properties":{"id":"kml_n_77.6811698380107_12.892254196581","degree":3,"number":2317,"kind":"junction_candidate"},"geometry":{"type":"Point","coordinates":[77.6811698380107,12.892254196581]}},{"type":"Feature","id":"kml_n_77.6815185259789_12.9615690168464","properties":{"id":"kml_n_77.6815185259789_12.9615690168464","degree":3,"number":2318,"kind":"junction_candidate"},"geometry":{"type":"Point","coordinates":[77.6815185259789,12.9615690168464]}},{"type":"Feature","id":"kml_n_77.6815431474542_12.9616188464351","properties":{"id":"kml_n_77.6815431474542_12.9616188464351","degree":3,"number":2319,"kind":"junction_candidate"},"geometry":{"type":"Point","coordinates":[77.6815431474542,12.9616188464351]}},{"type":"Feature","id":"kml_n_77.6817162602143_12.9716829847824","properties":{"id":"kml_n_77.6817162602143_12.9716829847824","degree":4,"number":2320,"kind":"junction_candidate"},"geometry":{"type":"Point","coordinates":[77.6817162602143,12.9716829847824]}},{"type":"Feature","id":"kml_n_77.682078338263_13.0261831643069","properties":{"id":"kml_n_77.682078338263_13.0261831643069","degree":3,"number":2321,"kind":"junction_candidate"},"geometry":{"type":"Point","coordinates":[77.682078338263,13.0261831643069]}},{"type":"Feature","id":"kml_n_77.6821228753869_12.8468012338642","properties":{"id":"kml_n_77.6821228753869_12.8468012338642","degree":3,"number":2322,"kind":"junction_candidate"},"geometry":{"type":"Point","coordinates":[77.6821228753869,12.8468012338642]}},{"type":"Feature","id":"kml_n_77.6821873330024_13.0302629628431","properties":{"id":"kml_n_77.6821873330024_13.0302629628431","degree":4,"number":2323,"kind":"junction_candidate"},"geometry":{"type":"Point","coordinates":[77.6821873330024,13.0302629628431]}},{"type":"Feature","id":"kml_n_77.6822624402064_13.0330871723212","properties":{"id":"kml_n_77.6822624402064_13.0330871723212","degree":3,"number":2324,"kind":"junction_candidate"},"geometry":{"type":"Point","coordinates":[77.6822624402064,13.0330871723212]}},{"type":"Feature","id":"kml_n_77.6823636055235_13.0035495148409","properties":{"id":"kml_n_77.6823636055235_13.0035495148409","degree":1,"number":2325,"kind":"endpoint"},"geometry":{"type":"Point","coordinates":[77.6823636055235,13.0035495148409]}},{"type":"Feature","id":"kml_n_77.6825079654345_12.9692702616076","properties":{"id":"kml_n_77.6825079654345_12.9692702616076","degree":1,"number":2326,"kind":"endpoint"},"geometry":{"type":"Point","coordinates":[77.6825079654345,12.9692702616076]}},{"type":"Feature","id":"kml_n_77.6825083340944_13.0036278463143","properties":{"id":"kml_n_77.6825083340944_13.0036278463143","degree":3,"number":2327,"kind":"junction_candidate"},"geometry":{"type":"Point","coordinates":[77.6825083340944,13.0036278463143]}},{"type":"Feature","id":"kml_n_77.6825750624737_12.8261318007097","properties":{"id":"kml_n_77.6825750624737_12.8261318007097","degree":1,"number":2328,"kind":"endpoint"},"geometry":{"type":"Point","coordinates":[77.6825750624737,12.8261318007097]}},{"type":"Feature","id":"kml_n_77.6828081076124_12.8495571102233","properties":{"id":"kml_n_77.6828081076124_12.8495571102233","degree":3,"number":2329,"kind":"junction_candidate"},"geometry":{"type":"Point","coordinates":[77.6828081076124,12.8495571102233]}},{"type":"Feature","id":"kml_n_77.6835559342006_12.9947894964121","properties":{"id":"kml_n_77.6835559342006_12.9947894964121","degree":1,"number":2330,"kind":"endpoint"},"geometry":{"type":"Point","coordinates":[77.6835559342006,12.9947894964121]}},{"type":"Feature","id":"kml_n_77.6835559360428_12.9947894963931","properties":{"id":"kml_n_77.6835559360428_12.9947894963931","degree":1,"number":2331,"kind":"endpoint"},"geometry":{"type":"Point","coordinates":[77.6835559360428,12.9947894963931]}},{"type":"Feature","id":"kml_n_77.6837244323699_12.9110522160015","properties":{"id":"kml_n_77.6837244323699_12.9110522160015","degree":1,"number":2332,"kind":"endpoint"},"geometry":{"type":"Point","coordinates":[77.6837244323699,12.9110522160015]}},{"type":"Feature","id":"kml_n_77.6837952072433_12.9764841004867","properties":{"id":"kml_n_77.6837952072433_12.9764841004867","degree":1,"number":2333,"kind":"endpoint"},"geometry":{"type":"Point","coordinates":[77.6837952072433,12.9764841004867]}},{"type":"Feature","id":"kml_n_77.6838701361924_13.0181576712541","properties":{"id":"kml_n_77.6838701361924_13.0181576712541","degree":3,"number":2334,"kind":"junction_candidate"},"geometry":{"type":"Point","coordinates":[77.6838701361924,13.0181576712541]}},{"type":"Feature","id":"kml_n_77.684002267268_13.0377120045496","properties":{"id":"kml_n_77.684002267268_13.0377120045496","degree":4,"number":2335,"kind":"junction_candidate"},"geometry":{"type":"Point","coordinates":[77.684002267268,13.0377120045496]}},{"type":"Feature","id":"kml_n_77.6841297077205_13.0577831230731","properties":{"id":"kml_n_77.6841297077205_13.0577831230731","degree":3,"number":2336,"kind":"junction_candidate"},"geometry":{"type":"Point","coordinates":[77.6841297077205,13.0577831230731]}},{"type":"Feature","id":"kml_n_77.6842105230322_13.038725261285","properties":{"id":"kml_n_77.6842105230322_13.038725261285","degree":1,"number":2337,"kind":"endpoint"},"geometry":{"type":"Point","coordinates":[77.6842105230322,13.038725261285]}},{"type":"Feature","id":"kml_n_77.6842155456242_12.9158687129505","properties":{"id":"kml_n_77.6842155456242_12.9158687129505","degree":3,"number":2338,"kind":"junction_candidate"},"geometry":{"type":"Point","coordinates":[77.6842155456242,12.9158687129505]}},{"type":"Feature","id":"kml_n_77.6842369054365_13.0388037833912","properties":{"id":"kml_n_77.6842369054365_13.0388037833912","degree":1,"number":2339,"kind":"endpoint"},"geometry":{"type":"Point","coordinates":[77.6842369054365,13.0388037833912]}},{"type":"Feature","id":"kml_n_77.68425533711_13.0206250913148","properties":{"id":"kml_n_77.68425533711_13.0206250913148","degree":3,"number":2340,"kind":"junction_candidate"},"geometry":{"type":"Point","coordinates":[77.68425533711,13.0206250913148]}},{"type":"Feature","id":"kml_n_77.6842988558077_13.0206262241872","properties":{"id":"kml_n_77.6842988558077_13.0206262241872","degree":3,"number":2341,"kind":"junction_candidate"},"geometry":{"type":"Point","coordinates":[77.6842988558077,13.0206262241872]}},{"type":"Feature","id":"kml_n_77.6844482348657_12.9886365135744","properties":{"id":"kml_n_77.6844482348657_12.9886365135744","degree":3,"number":2342,"kind":"junction_candidate"},"geometry":{"type":"Point","coordinates":[77.6844482348657,12.9886365135744]}},{"type":"Feature","id":"kml_n_77.6844894070413_12.8827182545214","properties":{"id":"kml_n_77.6844894070413_12.8827182545214","degree":3,"number":2343,"kind":"junction_candidate"},"geometry":{"type":"Point","coordinates":[77.6844894070413,12.8827182545214]}},{"type":"Feature","id":"kml_n_77.6845387938028_12.919038706389","properties":{"id":"kml_n_77.6845387938028_12.919038706389","degree":4,"number":2344,"kind":"junction_candidate"},"geometry":{"type":"Point","coordinates":[77.6845387938028,12.919038706389]}},{"type":"Feature","id":"kml_n_77.684761008171_12.9948417210447","properties":{"id":"kml_n_77.684761008171_12.9948417210447","degree":1,"number":2345,"kind":"endpoint"},"geometry":{"type":"Point","coordinates":[77.684761008171,12.9948417210447]}},{"type":"Feature","id":"kml_n_77.6848200582416_13.0259842541862","properties":{"id":"kml_n_77.6848200582416_13.0259842541862","degree":3,"number":2346,"kind":"junction_candidate"},"geometry":{"type":"Point","coordinates":[77.6848200582416,13.0259842541862]}},{"type":"Feature","id":"kml_n_77.6848659622269_12.929993197521","properties":{"id":"kml_n_77.6848659622269_12.929993197521","degree":3,"number":2347,"kind":"junction_candidate"},"geometry":{"type":"Point","coordinates":[77.6848659622269,12.929993197521]}},{"type":"Feature","id":"kml_n_77.6848998321391_13.0431308448669","properties":{"id":"kml_n_77.6848998321391_13.0431308448669","degree":1,"number":2348,"kind":"endpoint"},"geometry":{"type":"Point","coordinates":[77.6848998321391,13.0431308448669]}},{"type":"Feature","id":"kml_n_77.684992183039_13.0050818239238","properties":{"id":"kml_n_77.684992183039_13.0050818239238","degree":4,"number":2349,"kind":"junction_candidate"},"geometry":{"type":"Point","coordinates":[77.684992183039,13.0050818239238]}},{"type":"Feature","id":"kml_n_77.6850380684225_13.0299681232824","properties":{"id":"kml_n_77.6850380684225_13.0299681232824","degree":3,"number":2350,"kind":"junction_candidate"},"geometry":{"type":"Point","coordinates":[77.6850380684225,13.0299681232824]}},{"type":"Feature","id":"kml_n_77.6850970887609_13.0333983426243","properties":{"id":"kml_n_77.6850970887609_13.0333983426243","degree":3,"number":2351,"kind":"junction_candidate"},"geometry":{"type":"Point","coordinates":[77.6850970887609,13.0333983426243]}},{"type":"Feature","id":"kml_n_77.6851036693834_13.0333677864961","properties":{"id":"kml_n_77.6851036693834_13.0333677864961","degree":3,"number":2352,"kind":"junction_candidate"},"geometry":{"type":"Point","coordinates":[77.6851036693834,13.0333677864961]}},{"type":"Feature","id":"kml_n_77.6851486262459_12.9943137849081","properties":{"id":"kml_n_77.6851486262459_12.9943137849081","degree":4,"number":2353,"kind":"junction_candidate"},"geometry":{"type":"Point","coordinates":[77.6851486262459,12.9943137849081]}},{"type":"Feature","id":"kml_n_77.6853092497304_13.0285225721016","properties":{"id":"kml_n_77.6853092497304_13.0285225721016","degree":3,"number":2354,"kind":"junction_candidate"},"geometry":{"type":"Point","coordinates":[77.6853092497304,13.0285225721016]}},{"type":"Feature","id":"kml_n_77.6853593108895_12.9693400191368","properties":{"id":"kml_n_77.6853593108895_12.9693400191368","degree":1,"number":2355,"kind":"endpoint"},"geometry":{"type":"Point","coordinates":[77.6853593108895,12.9693400191368]}},{"type":"Feature","id":"kml_n_77.6853935588069_12.9696202483746","properties":{"id":"kml_n_77.6853935588069_12.9696202483746","degree":3,"number":2356,"kind":"junction_candidate"},"geometry":{"type":"Point","coordinates":[77.6853935588069,12.9696202483746]}},{"type":"Feature","id":"kml_n_77.6855348834392_12.9251118854812","properties":{"id":"kml_n_77.6855348834392_12.9251118854812","degree":3,"number":2357,"kind":"junction_candidate"},"geometry":{"type":"Point","coordinates":[77.6855348834392,12.9251118854812]}},{"type":"Feature","id":"kml_n_77.6857680344111_12.8916895093212","properties":{"id":"kml_n_77.6857680344111_12.8916895093212","degree":4,"number":2358,"kind":"junction_candidate"},"geometry":{"type":"Point","coordinates":[77.6857680344111,12.8916895093212]}},{"type":"Feature","id":"kml_n_77.6860861643705_12.8614461214839","properties":{"id":"kml_n_77.6860861643705_12.8614461214839","degree":1,"number":2359,"kind":"endpoint"},"geometry":{"type":"Point","coordinates":[77.6860861643705,12.8614461214839]}},{"type":"Feature","id":"kml_n_77.68650430041_13.0000816889037","properties":{"id":"kml_n_77.68650430041_13.0000816889037","degree":3,"number":2360,"kind":"junction_candidate"},"geometry":{"type":"Point","coordinates":[77.68650430041,13.0000816889037]}},{"type":"Feature","id":"kml_n_77.6873898765981_12.9912817648112","properties":{"id":"kml_n_77.6873898765981_12.9912817648112","degree":3,"number":2361,"kind":"junction_candidate"},"geometry":{"type":"Point","coordinates":[77.6873898765981,12.9912817648112]}},{"type":"Feature","id":"kml_n_77.6874266304375_12.9912294107729","properties":{"id":"kml_n_77.6874266304375_12.9912294107729","degree":3,"number":2362,"kind":"junction_candidate"},"geometry":{"type":"Point","coordinates":[77.6874266304375,12.9912294107729]}},{"type":"Feature","id":"kml_n_77.6877643687366_12.8681085933226","properties":{"id":"kml_n_77.6877643687366_12.8681085933226","degree":3,"number":2363,"kind":"junction_candidate"},"geometry":{"type":"Point","coordinates":[77.6877643687366,12.8681085933226]}},{"type":"Feature","id":"kml_n_77.687843673613_12.8436242341529","properties":{"id":"kml_n_77.687843673613_12.8436242341529","degree":3,"number":2364,"kind":"junction_candidate"},"geometry":{"type":"Point","coordinates":[77.687843673613,12.8436242341529]}},{"type":"Feature","id":"kml_n_77.6878635989227_12.8436497123067","properties":{"id":"kml_n_77.6878635989227_12.8436497123067","degree":4,"number":2365,"kind":"junction_candidate"},"geometry":{"type":"Point","coordinates":[77.6878635989227,12.8436497123067]}},{"type":"Feature","id":"kml_n_77.687878497987_12.843670397101","properties":{"id":"kml_n_77.687878497987_12.843670397101","degree":3,"number":2366,"kind":"junction_candidate"},"geometry":{"type":"Point","coordinates":[77.687878497987,12.843670397101]}},{"type":"Feature","id":"kml_n_77.6880892138793_12.8439473601294","properties":{"id":"kml_n_77.6880892138793_12.8439473601294","degree":3,"number":2367,"kind":"junction_candidate"},"geometry":{"type":"Point","coordinates":[77.6880892138793,12.8439473601294]}},{"type":"Feature","id":"kml_n_77.6884914595365_12.9920490915984","properties":{"id":"kml_n_77.6884914595365_12.9920490915984","degree":3,"number":2368,"kind":"junction_candidate"},"geometry":{"type":"Point","coordinates":[77.6884914595365,12.9920490915984]}},{"type":"Feature","id":"kml_n_77.6885303405768_12.9984412211079","properties":{"id":"kml_n_77.6885303405768_12.9984412211079","degree":3,"number":2369,"kind":"junction_candidate"},"geometry":{"type":"Point","coordinates":[77.6885303405768,12.9984412211079]}},{"type":"Feature","id":"kml_n_77.6889347372886_12.9713873738688","properties":{"id":"kml_n_77.6889347372886_12.9713873738688","degree":1,"number":2370,"kind":"endpoint"},"geometry":{"type":"Point","coordinates":[77.6889347372886,12.9713873738688]}},{"type":"Feature","id":"kml_n_77.689193930333_12.9154830654869","properties":{"id":"kml_n_77.689193930333_12.9154830654869","degree":1,"number":2371,"kind":"endpoint"},"geometry":{"type":"Point","coordinates":[77.689193930333,12.9154830654869]}},{"type":"Feature","id":"kml_n_77.6903997271352_12.9348187883568","properties":{"id":"kml_n_77.6903997271352_12.9348187883568","degree":3,"number":2372,"kind":"junction_candidate"},"geometry":{"type":"Point","coordinates":[77.6903997271352,12.9348187883568]}},{"type":"Feature","id":"kml_n_77.6904328756799_12.9623261478181","properties":{"id":"kml_n_77.6904328756799_12.9623261478181","degree":3,"number":2373,"kind":"junction_candidate"},"geometry":{"type":"Point","coordinates":[77.6904328756799,12.9623261478181]}},{"type":"Feature","id":"kml_n_77.6906799164192_12.9972340992681","properties":{"id":"kml_n_77.6906799164192_12.9972340992681","degree":3,"number":2374,"kind":"junction_candidate"},"geometry":{"type":"Point","coordinates":[77.6906799164192,12.9972340992681]}},{"type":"Feature","id":"kml_n_77.6918506441049_13.0173807704342","properties":{"id":"kml_n_77.6918506441049_13.0173807704342","degree":4,"number":2375,"kind":"junction_candidate"},"geometry":{"type":"Point","coordinates":[77.6918506441049,13.0173807704342]}},{"type":"Feature","id":"kml_n_77.6919235589005_13.0080798348538","properties":{"id":"kml_n_77.6919235589005_13.0080798348538","degree":3,"number":2376,"kind":"junction_candidate"},"geometry":{"type":"Point","coordinates":[77.6919235589005,13.0080798348538]}},{"type":"Feature","id":"kml_n_77.6920249679836_13.0246932259019","properties":{"id":"kml_n_77.6920249679836_13.0246932259019","degree":1,"number":2377,"kind":"endpoint"},"geometry":{"type":"Point","coordinates":[77.6920249679836,13.0246932259019]}},{"type":"Feature","id":"kml_n_77.6920250479815_13.0246921030884","properties":{"id":"kml_n_77.6920250479815_13.0246921030884","degree":1,"number":2378,"kind":"endpoint"},"geometry":{"type":"Point","coordinates":[77.6920250479815,13.0246921030884]}},{"type":"Feature","id":"kml_n_77.692082579382_13.0240667210717","properties":{"id":"kml_n_77.692082579382_13.0240667210717","degree":4,"number":2379,"kind":"junction_candidate"},"geometry":{"type":"Point","coordinates":[77.692082579382,13.0240667210717]}},{"type":"Feature","id":"kml_n_77.6921037948751_13.0261352371178","properties":{"id":"kml_n_77.6921037948751_13.0261352371178","degree":1,"number":2380,"kind":"endpoint"},"geometry":{"type":"Point","coordinates":[77.6921037948751,13.0261352371178]}},{"type":"Feature","id":"kml_n_77.6921037948946_13.0261352389243","properties":{"id":"kml_n_77.6921037948946_13.0261352389243","degree":1,"number":2381,"kind":"endpoint"},"geometry":{"type":"Point","coordinates":[77.6921037948946,13.0261352389243]}},{"type":"Feature","id":"kml_n_77.6922605443664_13.0275418455115","properties":{"id":"kml_n_77.6922605443664_13.0275418455115","degree":4,"number":2382,"kind":"junction_candidate"},"geometry":{"type":"Point","coordinates":[77.6922605443664,13.0275418455115]}},{"type":"Feature","id":"kml_n_77.6924839152924_13.0389771915046","properties":{"id":"kml_n_77.6924839152924_13.0389771915046","degree":1,"number":2383,"kind":"endpoint"},"geometry":{"type":"Point","coordinates":[77.6924839152924,13.0389771915046]}},{"type":"Feature","id":"kml_n_77.6925018473815_13.038986658334","properties":{"id":"kml_n_77.6925018473815_13.038986658334","degree":3,"number":2384,"kind":"junction_candidate"},"geometry":{"type":"Point","coordinates":[77.6925018473815,13.038986658334]}},{"type":"Feature","id":"kml_n_77.6925166749826_13.0082223688838","properties":{"id":"kml_n_77.6925166749826_13.0082223688838","degree":3,"number":2385,"kind":"junction_candidate"},"geometry":{"type":"Point","coordinates":[77.6925166749826,13.0082223688838]}},{"type":"Feature","id":"kml_n_77.6925823154436_13.0433491329742","properties":{"id":"kml_n_77.6925823154436_13.0433491329742","degree":3,"number":2386,"kind":"junction_candidate"},"geometry":{"type":"Point","coordinates":[77.6925823154436,13.0433491329742]}},{"type":"Feature","id":"kml_n_77.6927724107341_13.0374132222454","properties":{"id":"kml_n_77.6927724107341_13.0374132222454","degree":3,"number":2387,"kind":"junction_candidate"},"geometry":{"type":"Point","coordinates":[77.6927724107341,13.0374132222454]}},{"type":"Feature","id":"kml_n_77.6927890164897_13.0374106510633","properties":{"id":"kml_n_77.6927890164897_13.0374106510633","degree":3,"number":2388,"kind":"junction_candidate"},"geometry":{"type":"Point","coordinates":[77.6927890164897,13.0374106510633]}},{"type":"Feature","id":"kml_n_77.6927978887881_12.9826614104612","properties":{"id":"kml_n_77.6927978887881_12.9826614104612","degree":3,"number":2389,"kind":"junction_candidate"},"geometry":{"type":"Point","coordinates":[77.6927978887881,12.9826614104612]}},{"type":"Feature","id":"kml_n_77.692823808071_13.0026565951798","properties":{"id":"kml_n_77.692823808071_13.0026565951798","degree":1,"number":2390,"kind":"endpoint"},"geometry":{"type":"Point","coordinates":[77.692823808071,13.0026565951798]}},{"type":"Feature","id":"kml_n_77.6928881330954_13.0323126359253","properties":{"id":"kml_n_77.6928881330954_13.0323126359253","degree":3,"number":2391,"kind":"junction_candidate"},"geometry":{"type":"Point","coordinates":[77.6928881330954,13.0323126359253]}},{"type":"Feature","id":"kml_n_77.6929686167569_13.0082563035145","properties":{"id":"kml_n_77.6929686167569_13.0082563035145","degree":3,"number":2392,"kind":"junction_candidate"},"geometry":{"type":"Point","coordinates":[77.6929686167569,13.0082563035145]}},{"type":"Feature","id":"kml_n_77.693311086448_13.0176222373284","properties":{"id":"kml_n_77.693311086448_13.0176222373284","degree":1,"number":2393,"kind":"endpoint"},"geometry":{"type":"Point","coordinates":[77.693311086448,13.0176222373284]}},{"type":"Feature","id":"kml_n_77.6933110892116_13.0176222372997","properties":{"id":"kml_n_77.6933110892116_13.0176222372997","degree":1,"number":2394,"kind":"endpoint"},"geometry":{"type":"Point","coordinates":[77.6933110892116,13.0176222372997]}},{"type":"Feature","id":"kml_n_77.6933141836501_12.9717725490866","properties":{"id":"kml_n_77.6933141836501_12.9717725490866","degree":3,"number":2395,"kind":"junction_candidate"},"geometry":{"type":"Point","coordinates":[77.6933141836501,12.9717725490866]}},{"type":"Feature","id":"kml_n_77.6933193679243_12.9680129263025","properties":{"id":"kml_n_77.6933193679243_12.9680129263025","degree":3,"number":2396,"kind":"junction_candidate"},"geometry":{"type":"Point","coordinates":[77.6933193679243,12.9680129263025]}},{"type":"Feature","id":"kml_n_77.6934961967467_12.9687487101977","properties":{"id":"kml_n_77.6934961967467_12.9687487101977","degree":1,"number":2397,"kind":"endpoint"},"geometry":{"type":"Point","coordinates":[77.6934961967467,12.9687487101977]}},{"type":"Feature","id":"kml_n_77.6934964917902_12.9687498490016","properties":{"id":"kml_n_77.6934964917902_12.9687498490016","degree":1,"number":2398,"kind":"endpoint"},"geometry":{"type":"Point","coordinates":[77.6934964917902,12.9687498490016]}},{"type":"Feature","id":"kml_n_77.6934968684945_12.9687513004292","properties":{"id":"kml_n_77.6934968684945_12.9687513004292","degree":1,"number":2399,"kind":"endpoint"},"geometry":{"type":"Point","coordinates":[77.6934968684945,12.9687513004292]}},{"type":"Feature","id":"kml_n_77.6936857648234_12.9741102957105","properties":{"id":"kml_n_77.6936857648234_12.9741102957105","degree":1,"number":2400,"kind":"endpoint"},"geometry":{"type":"Point","coordinates":[77.6936857648234,12.9741102957105]}},{"type":"Feature","id":"kml_n_77.6936865298276_12.9741136736128","properties":{"id":"kml_n_77.6936865298276_12.9741136736128","degree":1,"number":2401,"kind":"endpoint"},"geometry":{"type":"Point","coordinates":[77.6936865298276,12.9741136736128]}},{"type":"Feature","id":"kml_n_77.6942003183234_12.9715794665087","properties":{"id":"kml_n_77.6942003183234_12.9715794665087","degree":1,"number":2402,"kind":"endpoint"},"geometry":{"type":"Point","coordinates":[77.6942003183234,12.9715794665087]}},{"type":"Feature","id":"kml_n_77.6946856398007_13.0177655288161","properties":{"id":"kml_n_77.6946856398007_13.0177655288161","degree":4,"number":2403,"kind":"junction_candidate"},"geometry":{"type":"Point","coordinates":[77.6946856398007,13.0177655288161]}},{"type":"Feature","id":"kml_n_77.694746692285_12.9794926261166","properties":{"id":"kml_n_77.694746692285_12.9794926261166","degree":4,"number":2404,"kind":"junction_candidate"},"geometry":{"type":"Point","coordinates":[77.694746692285,12.9794926261166]}},{"type":"Feature","id":"kml_n_77.6948368135189_13.0083705103352","properties":{"id":"kml_n_77.6948368135189_13.0083705103352","degree":3,"number":2405,"kind":"junction_candidate"},"geometry":{"type":"Point","coordinates":[77.6948368135189,13.0083705103352]}},{"type":"Feature","id":"kml_n_77.6949174324626_12.8974877184701","properties":{"id":"kml_n_77.6949174324626_12.8974877184701","degree":1,"number":2406,"kind":"endpoint"},"geometry":{"type":"Point","coordinates":[77.6949174324626,12.8974877184701]}},{"type":"Feature","id":"kml_n_77.69491745081_12.8974877119574","properties":{"id":"kml_n_77.69491745081_12.8974877119574","degree":1,"number":2407,"kind":"endpoint"},"geometry":{"type":"Point","coordinates":[77.69491745081,12.8974877119574]}},{"type":"Feature","id":"kml_n_77.695004120734_12.9313467351273","properties":{"id":"kml_n_77.695004120734_12.9313467351273","degree":4,"number":2408,"kind":"junction_candidate"},"geometry":{"type":"Point","coordinates":[77.695004120734,12.9313467351273]}},{"type":"Feature","id":"kml_n_77.6950213158706_12.8990284339684","properties":{"id":"kml_n_77.6950213158706_12.8990284339684","degree":1,"number":2409,"kind":"endpoint"},"geometry":{"type":"Point","coordinates":[77.6950213158706,12.8990284339684]}},{"type":"Feature","id":"kml_n_77.6950213186329_12.8990284339399","properties":{"id":"kml_n_77.6950213186329_12.8990284339399","degree":1,"number":2410,"kind":"endpoint"},"geometry":{"type":"Point","coordinates":[77.6950213186329,12.8990284339399]}},{"type":"Feature","id":"kml_n_77.6950777171615_12.9789479222733","properties":{"id":"kml_n_77.6950777171615_12.9789479222733","degree":3,"number":2411,"kind":"junction_candidate"},"geometry":{"type":"Point","coordinates":[77.6950777171615,12.9789479222733]}},{"type":"Feature","id":"kml_n_77.6951637212832_12.9394106219234","properties":{"id":"kml_n_77.6951637212832_12.9394106219234","degree":4,"number":2412,"kind":"junction_candidate"},"geometry":{"type":"Point","coordinates":[77.6951637212832,12.9394106219234]}},{"type":"Feature","id":"kml_n_77.6951836526421_12.9811025058419","properties":{"id":"kml_n_77.6951836526421_12.9811025058419","degree":1,"number":2413,"kind":"endpoint"},"geometry":{"type":"Point","coordinates":[77.6951836526421,12.9811025058419]}},{"type":"Feature","id":"kml_n_77.6951868900595_12.9811173263433","properties":{"id":"kml_n_77.6951868900595_12.9811173263433","degree":1,"number":2414,"kind":"endpoint"},"geometry":{"type":"Point","coordinates":[77.6951868900595,12.9811173263433]}},{"type":"Feature","id":"kml_n_77.6953407318698_12.9224342264915","properties":{"id":"kml_n_77.6953407318698_12.9224342264915","degree":1,"number":2415,"kind":"endpoint"},"geometry":{"type":"Point","coordinates":[77.6953407318698,12.9224342264915]}},{"type":"Feature","id":"kml_n_77.6955310114878_12.9072276733039","properties":{"id":"kml_n_77.6955310114878_12.9072276733039","degree":3,"number":2416,"kind":"junction_candidate"},"geometry":{"type":"Point","coordinates":[77.6955310114878,12.9072276733039]}},{"type":"Feature","id":"kml_n_77.6956700229316_12.9087030045114","properties":{"id":"kml_n_77.6956700229316_12.9087030045114","degree":3,"number":2417,"kind":"junction_candidate"},"geometry":{"type":"Point","coordinates":[77.6956700229316,12.9087030045114]}},{"type":"Feature","id":"kml_n_77.6956736974606_12.9087146128583","properties":{"id":"kml_n_77.6956736974606_12.9087146128583","degree":1,"number":2418,"kind":"endpoint"},"geometry":{"type":"Point","coordinates":[77.6956736974606,12.9087146128583]}},{"type":"Feature","id":"kml_n_77.6956806639958_12.890889145066","properties":{"id":"kml_n_77.6956806639958_12.890889145066","degree":1,"number":2419,"kind":"endpoint"},"geometry":{"type":"Point","coordinates":[77.6956806639958,12.890889145066]}},{"type":"Feature","id":"kml_n_77.6956813513357_12.8909665831744","properties":{"id":"kml_n_77.6956813513357_12.8909665831744","degree":4,"number":2420,"kind":"junction_candidate"},"geometry":{"type":"Point","coordinates":[77.6956813513357,12.8909665831744]}},{"type":"Feature","id":"kml_n_77.6956869115096_12.8908924683308","properties":{"id":"kml_n_77.6956869115096_12.8908924683308","degree":1,"number":2421,"kind":"endpoint"},"geometry":{"type":"Point","coordinates":[77.6956869115096,12.8908924683308]}},{"type":"Feature","id":"kml_n_77.6957163935055_12.9839297920809","properties":{"id":"kml_n_77.6957163935055_12.9839297920809","degree":3,"number":2422,"kind":"junction_candidate"},"geometry":{"type":"Point","coordinates":[77.6957163935055,12.9839297920809]}},{"type":"Feature","id":"kml_n_77.6957271655867_13.0083649500037","properties":{"id":"kml_n_77.6957271655867_13.0083649500037","degree":3,"number":2423,"kind":"junction_candidate"},"geometry":{"type":"Point","coordinates":[77.6957271655867,13.0083649500037]}},{"type":"Feature","id":"kml_n_77.6958199134132_12.983972758157","properties":{"id":"kml_n_77.6958199134132_12.983972758157","degree":3,"number":2424,"kind":"junction_candidate"},"geometry":{"type":"Point","coordinates":[77.6958199134132,12.983972758157]}},{"type":"Feature","id":"kml_n_77.6961451222719_12.9718605240173","properties":{"id":"kml_n_77.6961451222719_12.9718605240173","degree":1,"number":2425,"kind":"endpoint"},"geometry":{"type":"Point","coordinates":[77.6961451222719,12.9718605240173]}},{"type":"Feature","id":"kml_n_77.6961542600516_12.9718496015228","properties":{"id":"kml_n_77.6961542600516_12.9718496015228","degree":1,"number":2426,"kind":"endpoint"},"geometry":{"type":"Point","coordinates":[77.6961542600516,12.9718496015228]}},{"type":"Feature","id":"kml_n_77.6963149861947_13.0226564916516","properties":{"id":"kml_n_77.6963149861947_13.0226564916516","degree":4,"number":2427,"kind":"junction_candidate"},"geometry":{"type":"Point","coordinates":[77.6963149861947,13.0226564916516]}},{"type":"Feature","id":"kml_n_77.6964117607287_13.026897718469","properties":{"id":"kml_n_77.6964117607287_13.026897718469","degree":3,"number":2428,"kind":"junction_candidate"},"geometry":{"type":"Point","coordinates":[77.6964117607287,13.026897718469]}},{"type":"Feature","id":"kml_n_77.6965630901664_13.0269358804315","properties":{"id":"kml_n_77.6965630901664_13.0269358804315","degree":3,"number":2429,"kind":"junction_candidate"},"geometry":{"type":"Point","coordinates":[77.6965630901664,13.0269358804315]}},{"type":"Feature","id":"kml_n_77.6967185892877_13.0122744033959","properties":{"id":"kml_n_77.6967185892877_13.0122744033959","degree":1,"number":2430,"kind":"endpoint"},"geometry":{"type":"Point","coordinates":[77.6967185892877,13.0122744033959]}},{"type":"Feature","id":"kml_n_77.6967591019528_13.012299392842","properties":{"id":"kml_n_77.6967591019528_13.012299392842","degree":1,"number":2431,"kind":"endpoint"},"geometry":{"type":"Point","coordinates":[77.6967591019528,13.012299392842]}},{"type":"Feature","id":"kml_n_77.6975266737534_12.8825432566946","properties":{"id":"kml_n_77.6975266737534_12.8825432566946","degree":3,"number":2432,"kind":"junction_candidate"},"geometry":{"type":"Point","coordinates":[77.6975266737534,12.8825432566946]}},{"type":"Feature","id":"kml_n_77.6975271069002_12.9219468511576","properties":{"id":"kml_n_77.6975271069002_12.9219468511576","degree":4,"number":2433,"kind":"junction_candidate"},"geometry":{"type":"Point","coordinates":[77.6975271069002,12.9219468511576]}},{"type":"Feature","id":"kml_n_77.6977241640202_12.9899286004946","properties":{"id":"kml_n_77.6977241640202_12.9899286004946","degree":3,"number":2434,"kind":"junction_candidate"},"geometry":{"type":"Point","coordinates":[77.6977241640202,12.9899286004946]}},{"type":"Feature","id":"kml_n_77.6977926129752_12.9383494890425","properties":{"id":"kml_n_77.6977926129752_12.9383494890425","degree":3,"number":2435,"kind":"junction_candidate"},"geometry":{"type":"Point","coordinates":[77.6977926129752,12.9383494890425]}},{"type":"Feature","id":"kml_n_77.6980654874338_12.9740260291263","properties":{"id":"kml_n_77.6980654874338_12.9740260291263","degree":1,"number":2436,"kind":"endpoint"},"geometry":{"type":"Point","coordinates":[77.6980654874338,12.9740260291263]}},{"type":"Feature","id":"kml_n_77.6986500320991_12.9155397931218","properties":{"id":"kml_n_77.6986500320991_12.9155397931218","degree":3,"number":2437,"kind":"junction_candidate"},"geometry":{"type":"Point","coordinates":[77.6986500320991,12.9155397931218]}},{"type":"Feature","id":"kml_n_77.6986680958647_12.9155068593168","properties":{"id":"kml_n_77.6986680958647_12.9155068593168","degree":3,"number":2438,"kind":"junction_candidate"},"geometry":{"type":"Point","coordinates":[77.6986680958647,12.9155068593168]}},{"type":"Feature","id":"kml_n_77.6988675914063_12.9780467810329","properties":{"id":"kml_n_77.6988675914063_12.9780467810329","degree":3,"number":2439,"kind":"junction_candidate"},"geometry":{"type":"Point","coordinates":[77.6988675914063,12.9780467810329]}},{"type":"Feature","id":"kml_n_77.6989947397334_12.9167710322807","properties":{"id":"kml_n_77.6989947397334_12.9167710322807","degree":1,"number":2440,"kind":"endpoint"},"geometry":{"type":"Point","coordinates":[77.6989947397334,12.9167710322807]}},{"type":"Feature","id":"kml_n_77.6990085356718_13.0066041743689","properties":{"id":"kml_n_77.6990085356718_13.0066041743689","degree":1,"number":2441,"kind":"endpoint"},"geometry":{"type":"Point","coordinates":[77.6990085356718,13.0066041743689]}},{"type":"Feature","id":"kml_n_77.699033473036_12.9166752045591","properties":{"id":"kml_n_77.699033473036_12.9166752045591","degree":3,"number":2442,"kind":"junction_candidate"},"geometry":{"type":"Point","coordinates":[77.699033473036,12.9166752045591]}},{"type":"Feature","id":"kml_n_77.6991118635281_13.0065493220997","properties":{"id":"kml_n_77.6991118635281_13.0065493220997","degree":1,"number":2443,"kind":"endpoint"},"geometry":{"type":"Point","coordinates":[77.6991118635281,13.0065493220997]}},{"type":"Feature","id":"kml_n_77.6991266554686_12.9722550002459","properties":{"id":"kml_n_77.6991266554686_12.9722550002459","degree":3,"number":2444,"kind":"junction_candidate"},"geometry":{"type":"Point","coordinates":[77.6991266554686,12.9722550002459]}},{"type":"Feature","id":"kml_n_77.6996685414756_13.0132572219561","properties":{"id":"kml_n_77.6996685414756_13.0132572219561","degree":3,"number":2445,"kind":"junction_candidate"},"geometry":{"type":"Point","coordinates":[77.6996685414756,13.0132572219561]}},{"type":"Feature","id":"kml_n_77.6997949859546_13.021700687893","properties":{"id":"kml_n_77.6997949859546_13.021700687893","degree":3,"number":2446,"kind":"junction_candidate"},"geometry":{"type":"Point","coordinates":[77.6997949859546,13.021700687893]}},{"type":"Feature","id":"kml_n_77.7000457787483_12.9894658527525","properties":{"id":"kml_n_77.7000457787483_12.9894658527525","degree":3,"number":2447,"kind":"junction_candidate"},"geometry":{"type":"Point","coordinates":[77.7000457787483,12.9894658527525]}},{"type":"Feature","id":"kml_n_77.7002327765076_12.9305868488404","properties":{"id":"kml_n_77.7002327765076_12.9305868488404","degree":4,"number":2448,"kind":"junction_candidate"},"geometry":{"type":"Point","coordinates":[77.7002327765076,12.9305868488404]}},{"type":"Feature","id":"kml_n_77.7004298050801_13.0354113512454","properties":{"id":"kml_n_77.7004298050801_13.0354113512454","degree":4,"number":2449,"kind":"junction_candidate"},"geometry":{"type":"Point","coordinates":[77.7004298050801,13.0354113512454]}},{"type":"Feature","id":"kml_n_77.7004757728537_12.9210780210346","properties":{"id":"kml_n_77.7004757728537_12.9210780210346","degree":3,"number":2450,"kind":"junction_candidate"},"geometry":{"type":"Point","coordinates":[77.7004757728537,12.9210780210346]}},{"type":"Feature","id":"kml_n_77.7008932987489_13.005928966844","properties":{"id":"kml_n_77.7008932987489_13.005928966844","degree":1,"number":2451,"kind":"endpoint"},"geometry":{"type":"Point","coordinates":[77.7008932987489,13.005928966844]}},{"type":"Feature","id":"kml_n_77.7009212855229_12.9827035244143","properties":{"id":"kml_n_77.7009212855229_12.9827035244143","degree":1,"number":2452,"kind":"endpoint"},"geometry":{"type":"Point","coordinates":[77.7009212855229,12.9827035244143]}},{"type":"Feature","id":"kml_n_77.7009924858983_13.0058897897433","properties":{"id":"kml_n_77.7009924858983_13.0058897897433","degree":1,"number":2453,"kind":"endpoint"},"geometry":{"type":"Point","coordinates":[77.7009924858983,13.0058897897433]}},{"type":"Feature","id":"kml_n_77.7010005379947_12.9569362384584","properties":{"id":"kml_n_77.7010005379947_12.9569362384584","degree":1,"number":2454,"kind":"endpoint"},"geometry":{"type":"Point","coordinates":[77.7010005379947,12.9569362384584]}},{"type":"Feature","id":"kml_n_77.7010457459597_13.0376518701948","properties":{"id":"kml_n_77.7010457459597_13.0376518701948","degree":1,"number":2455,"kind":"endpoint"},"geometry":{"type":"Point","coordinates":[77.7010457459597,13.0376518701948]}},{"type":"Feature","id":"kml_n_77.7012776323831_12.956916368563","properties":{"id":"kml_n_77.7012776323831_12.956916368563","degree":1,"number":2456,"kind":"endpoint"},"geometry":{"type":"Point","coordinates":[77.7012776323831,12.956916368563]}},{"type":"Feature","id":"kml_n_77.7015040867596_12.9346111574806","properties":{"id":"kml_n_77.7015040867596_12.9346111574806","degree":3,"number":2457,"kind":"junction_candidate"},"geometry":{"type":"Point","coordinates":[77.7015040867596,12.9346111574806]}},{"type":"Feature","id":"kml_n_77.7016660106126_13.0274023973627","properties":{"id":"kml_n_77.7016660106126_13.0274023973627","degree":3,"number":2458,"kind":"junction_candidate"},"geometry":{"type":"Point","coordinates":[77.7016660106126,13.0274023973627]}},{"type":"Feature","id":"kml_n_77.7016779306598_12.9680520505568","properties":{"id":"kml_n_77.7016779306598_12.9680520505568","degree":3,"number":2459,"kind":"junction_candidate"},"geometry":{"type":"Point","coordinates":[77.7016779306598,12.9680520505568]}},{"type":"Feature","id":"kml_n_77.7016807206472_12.993894418344","properties":{"id":"kml_n_77.7016807206472_12.993894418344","degree":3,"number":2460,"kind":"junction_candidate"},"geometry":{"type":"Point","coordinates":[77.7016807206472,12.993894418344]}},{"type":"Feature","id":"kml_n_77.7017485560703_13.0175011714806","properties":{"id":"kml_n_77.7017485560703_13.0175011714806","degree":3,"number":2461,"kind":"junction_candidate"},"geometry":{"type":"Point","coordinates":[77.7017485560703,13.0175011714806]}},{"type":"Feature","id":"kml_n_77.7020141753218_13.0441793517697","properties":{"id":"kml_n_77.7020141753218_13.0441793517697","degree":3,"number":2462,"kind":"junction_candidate"},"geometry":{"type":"Point","coordinates":[77.7020141753218,13.0441793517697]}},{"type":"Feature","id":"kml_n_77.7021201347778_12.9703929374132","properties":{"id":"kml_n_77.7021201347778_12.9703929374132","degree":3,"number":2463,"kind":"junction_candidate"},"geometry":{"type":"Point","coordinates":[77.7021201347778,12.9703929374132]}},{"type":"Feature","id":"kml_n_77.7021891310074_12.9661750012489","properties":{"id":"kml_n_77.7021891310074_12.9661750012489","degree":3,"number":2464,"kind":"junction_candidate"},"geometry":{"type":"Point","coordinates":[77.7021891310074,12.9661750012489]}},{"type":"Feature","id":"kml_n_77.7022752710437_12.9043947337279","properties":{"id":"kml_n_77.7022752710437_12.9043947337279","degree":1,"number":2465,"kind":"endpoint"},"geometry":{"type":"Point","coordinates":[77.7022752710437,12.9043947337279]}},{"type":"Feature","id":"kml_n_77.7023117907765_12.9371678327672","properties":{"id":"kml_n_77.7023117907765_12.9371678327672","degree":1,"number":2466,"kind":"endpoint"},"geometry":{"type":"Point","coordinates":[77.7023117907765,12.9371678327672]}},{"type":"Feature","id":"kml_n_77.7023117935392_12.9371678327385","properties":{"id":"kml_n_77.7023117935392_12.9371678327385","degree":1,"number":2467,"kind":"endpoint"},"geometry":{"type":"Point","coordinates":[77.7023117935392,12.9371678327385]}},{"type":"Feature","id":"kml_n_77.70237912001_13.0210937016257","properties":{"id":"kml_n_77.70237912001_13.0210937016257","degree":3,"number":2468,"kind":"junction_candidate"},"geometry":{"type":"Point","coordinates":[77.70237912001,13.0210937016257]}},{"type":"Feature","id":"kml_n_77.7027856306866_12.9141972876087","properties":{"id":"kml_n_77.7027856306866_12.9141972876087","degree":3,"number":2469,"kind":"junction_candidate"},"geometry":{"type":"Point","coordinates":[77.7027856306866,12.9141972876087]}},{"type":"Feature","id":"kml_n_77.7034214011907_12.8617062962213","properties":{"id":"kml_n_77.7034214011907_12.8617062962213","degree":1,"number":2470,"kind":"endpoint"},"geometry":{"type":"Point","coordinates":[77.7034214011907,12.8617062962213]}},{"type":"Feature","id":"kml_n_77.7034708347514_12.9669318057771","properties":{"id":"kml_n_77.7034708347514_12.9669318057771","degree":1,"number":2471,"kind":"endpoint"},"geometry":{"type":"Point","coordinates":[77.7034708347514,12.9669318057771]}},{"type":"Feature","id":"kml_n_77.7035607666886_12.9202119951558","properties":{"id":"kml_n_77.7035607666886_12.9202119951558","degree":3,"number":2472,"kind":"junction_candidate"},"geometry":{"type":"Point","coordinates":[77.7035607666886,12.9202119951558]}},{"type":"Feature","id":"kml_n_77.7039106803124_12.9628583809832","properties":{"id":"kml_n_77.7039106803124_12.9628583809832","degree":1,"number":2473,"kind":"endpoint"},"geometry":{"type":"Point","coordinates":[77.7039106803124,12.9628583809832]}},{"type":"Feature","id":"kml_n_77.7039803051592_12.9034666646376","properties":{"id":"kml_n_77.7039803051592_12.9034666646376","degree":1,"number":2474,"kind":"endpoint"},"geometry":{"type":"Point","coordinates":[77.7039803051592,12.9034666646376]}},{"type":"Feature","id":"kml_n_77.7040056993245_12.9034540059172","properties":{"id":"kml_n_77.7040056993245_12.9034540059172","degree":1,"number":2475,"kind":"endpoint"},"geometry":{"type":"Point","coordinates":[77.7040056993245,12.9034540059172]}},{"type":"Feature","id":"kml_n_77.7041420812759_13.0378630737835","properties":{"id":"kml_n_77.7041420812759_13.0378630737835","degree":1,"number":2476,"kind":"endpoint"},"geometry":{"type":"Point","coordinates":[77.7041420812759,13.0378630737835]}},{"type":"Feature","id":"kml_n_77.7041450493814_13.0378629388894","properties":{"id":"kml_n_77.7041450493814_13.0378629388894","degree":1,"number":2477,"kind":"endpoint"},"geometry":{"type":"Point","coordinates":[77.7041450493814,13.0378629388894]}},{"type":"Feature","id":"kml_n_77.7043908169428_13.017414504801","properties":{"id":"kml_n_77.7043908169428_13.017414504801","degree":3,"number":2478,"kind":"junction_candidate"},"geometry":{"type":"Point","coordinates":[77.7043908169428,13.017414504801]}},{"type":"Feature","id":"kml_n_77.7044696967428_13.0171440597782","properties":{"id":"kml_n_77.7044696967428_13.0171440597782","degree":3,"number":2479,"kind":"junction_candidate"},"geometry":{"type":"Point","coordinates":[77.7044696967428,13.0171440597782]}},{"type":"Feature","id":"kml_n_77.7045469130658_12.9566636236422","properties":{"id":"kml_n_77.7045469130658_12.9566636236422","degree":1,"number":2480,"kind":"endpoint"},"geometry":{"type":"Point","coordinates":[77.7045469130658,12.9566636236422]}},{"type":"Feature","id":"kml_n_77.7048618223259_12.8653094230525","properties":{"id":"kml_n_77.7048618223259_12.8653094230525","degree":4,"number":2481,"kind":"junction_candidate"},"geometry":{"type":"Point","coordinates":[77.7048618223259,12.8653094230525]}},{"type":"Feature","id":"kml_n_77.7048774434407_12.8652098914195","properties":{"id":"kml_n_77.7048774434407_12.8652098914195","degree":3,"number":2482,"kind":"junction_candidate"},"geometry":{"type":"Point","coordinates":[77.7048774434407,12.8652098914195]}},{"type":"Feature","id":"kml_n_77.7048923484243_12.9566407690045","properties":{"id":"kml_n_77.7048923484243_12.9566407690045","degree":3,"number":2483,"kind":"junction_candidate"},"geometry":{"type":"Point","coordinates":[77.7048923484243,12.9566407690045]}},{"type":"Feature","id":"kml_n_77.7049344343474_13.0208686382789","properties":{"id":"kml_n_77.7049344343474_13.0208686382789","degree":3,"number":2484,"kind":"junction_candidate"},"geometry":{"type":"Point","coordinates":[77.7049344343474,13.0208686382789]}},{"type":"Feature","id":"kml_n_77.7051533952288_12.8943889782682","properties":{"id":"kml_n_77.7051533952288_12.8943889782682","degree":3,"number":2485,"kind":"junction_candidate"},"geometry":{"type":"Point","coordinates":[77.7051533952288,12.8943889782682]}},{"type":"Feature","id":"kml_n_77.7054583255497_12.9124542230332","properties":{"id":"kml_n_77.7054583255497_12.9124542230332","degree":1,"number":2486,"kind":"endpoint"},"geometry":{"type":"Point","coordinates":[77.7054583255497,12.9124542230332]}},{"type":"Feature","id":"kml_n_77.7054633643603_12.9124481995996","properties":{"id":"kml_n_77.7054633643603_12.9124481995996","degree":1,"number":2487,"kind":"endpoint"},"geometry":{"type":"Point","coordinates":[77.7054633643603,12.9124481995996]}},{"type":"Feature","id":"kml_n_77.7057374284071_12.9929597267464","properties":{"id":"kml_n_77.7057374284071_12.9929597267464","degree":3,"number":2488,"kind":"junction_candidate"},"geometry":{"type":"Point","coordinates":[77.7057374284071,12.9929597267464]}},{"type":"Feature","id":"kml_n_77.7057797571027_12.9088538601694","properties":{"id":"kml_n_77.7057797571027_12.9088538601694","degree":1,"number":2489,"kind":"endpoint"},"geometry":{"type":"Point","coordinates":[77.7057797571027,12.9088538601694]}},{"type":"Feature","id":"kml_n_77.7058076117448_12.908893774099","properties":{"id":"kml_n_77.7058076117448_12.908893774099","degree":3,"number":2490,"kind":"junction_candidate"},"geometry":{"type":"Point","coordinates":[77.7058076117448,12.908893774099]}},{"type":"Feature","id":"kml_n_77.705985242122_12.9881477333644","properties":{"id":"kml_n_77.705985242122_12.9881477333644","degree":3,"number":2491,"kind":"junction_candidate"},"geometry":{"type":"Point","coordinates":[77.705985242122,12.9881477333644]}},{"type":"Feature","id":"kml_n_77.7062015284297_12.9023010770196","properties":{"id":"kml_n_77.7062015284297_12.9023010770196","degree":1,"number":2492,"kind":"endpoint"},"geometry":{"type":"Point","coordinates":[77.7062015284297,12.9023010770196]}},{"type":"Feature","id":"kml_n_77.7063560233464_12.9842053816064","properties":{"id":"kml_n_77.7063560233464_12.9842053816064","degree":1,"number":2493,"kind":"endpoint"},"geometry":{"type":"Point","coordinates":[77.7063560233464,12.9842053816064]}},{"type":"Feature","id":"kml_n_77.7063634947465_12.9842041727808","properties":{"id":"kml_n_77.7063634947465_12.9842041727808","degree":1,"number":2494,"kind":"endpoint"},"geometry":{"type":"Point","coordinates":[77.7063634947465,12.9842041727808]}},{"type":"Feature","id":"kml_n_77.706387603238_12.9691516159146","properties":{"id":"kml_n_77.706387603238_12.9691516159146","degree":3,"number":2495,"kind":"junction_candidate"},"geometry":{"type":"Point","coordinates":[77.706387603238,12.9691516159146]}},{"type":"Feature","id":"kml_n_77.7064532110411_12.8991981245147","properties":{"id":"kml_n_77.7064532110411_12.8991981245147","degree":1,"number":2496,"kind":"endpoint"},"geometry":{"type":"Point","coordinates":[77.7064532110411,12.8991981245147]}},{"type":"Feature","id":"kml_n_77.7064705848553_12.8989535592758","properties":{"id":"kml_n_77.7064705848553_12.8989535592758","degree":4,"number":2497,"kind":"junction_candidate"},"geometry":{"type":"Point","coordinates":[77.7064705848553,12.8989535592758]}},{"type":"Feature","id":"kml_n_77.7064858635286_12.9691688721522","properties":{"id":"kml_n_77.7064858635286_12.9691688721522","degree":3,"number":2498,"kind":"junction_candidate"},"geometry":{"type":"Point","coordinates":[77.7064858635286,12.9691688721522]}},{"type":"Feature","id":"kml_n_77.7065008735356_12.8988267755975","properties":{"id":"kml_n_77.7065008735356_12.8988267755975","degree":4,"number":2499,"kind":"junction_candidate"},"geometry":{"type":"Point","coordinates":[77.7065008735356,12.8988267755975]}},{"type":"Feature","id":"kml_n_77.7065245377504_12.8987260313234","properties":{"id":"kml_n_77.7065245377504_12.8987260313234","degree":4,"number":2500,"kind":"junction_candidate"},"geometry":{"type":"Point","coordinates":[77.7065245377504,12.8987260313234]}},{"type":"Feature","id":"kml_n_77.7065644522505_12.8984771928981","properties":{"id":"kml_n_77.7065644522505_12.8984771928981","degree":4,"number":2501,"kind":"junction_candidate"},"geometry":{"type":"Point","coordinates":[77.7065644522505,12.8984771928981]}},{"type":"Feature","id":"kml_n_77.7065677107128_12.8984590900704","properties":{"id":"kml_n_77.7065677107128_12.8984590900704","degree":4,"number":2502,"kind":"junction_candidate"},"geometry":{"type":"Point","coordinates":[77.7065677107128,12.8984590900704]}},{"type":"Feature","id":"kml_n_77.7065738091887_12.8984375729354","properties":{"id":"kml_n_77.7065738091887_12.8984375729354","degree":4,"number":2503,"kind":"junction_candidate"},"geometry":{"type":"Point","coordinates":[77.7065738091887,12.8984375729354]}},{"type":"Feature","id":"kml_n_77.7065788323434_12.8984228403589","properties":{"id":"kml_n_77.7065788323434_12.8984228403589","degree":4,"number":2504,"kind":"junction_candidate"},"geometry":{"type":"Point","coordinates":[77.7065788323434,12.8984228403589]}},{"type":"Feature","id":"kml_n_77.706621436554_12.8983173840949","properties":{"id":"kml_n_77.706621436554_12.8983173840949","degree":4,"number":2505,"kind":"junction_candidate"},"geometry":{"type":"Point","coordinates":[77.706621436554,12.8983173840949]}},{"type":"Feature","id":"kml_n_77.7066236637012_12.8983105849022","properties":{"id":"kml_n_77.7066236637012_12.8983105849022","degree":4,"number":2506,"kind":"junction_candidate"},"geometry":{"type":"Point","coordinates":[77.7066236637012,12.8983105849022]}},{"type":"Feature","id":"kml_n_77.7066393138257_12.8982546238739","properties":{"id":"kml_n_77.7066393138257_12.8982546238739","degree":4,"number":2507,"kind":"junction_candidate"},"geometry":{"type":"Point","coordinates":[77.7066393138257,12.8982546238739]}},{"type":"Feature","id":"kml_n_77.7066445129393_12.9751583193456","properties":{"id":"kml_n_77.7066445129393_12.9751583193456","degree":1,"number":2508,"kind":"endpoint"},"geometry":{"type":"Point","coordinates":[77.7066445129393,12.9751583193456]}},{"type":"Feature","id":"kml_n_77.7066531736064_12.8980686113646","properties":{"id":"kml_n_77.7066531736064_12.8980686113646","degree":3,"number":2509,"kind":"junction_candidate"},"geometry":{"type":"Point","coordinates":[77.7066531736064,12.8980686113646]}},{"type":"Feature","id":"kml_n_77.7066763806989_12.8981294584193","properties":{"id":"kml_n_77.7066763806989_12.8981294584193","degree":4,"number":2510,"kind":"junction_candidate"},"geometry":{"type":"Point","coordinates":[77.7066763806989,12.8981294584193]}},{"type":"Feature","id":"kml_n_77.7068154814159_12.9752416658569","properties":{"id":"kml_n_77.7068154814159_12.9752416658569","degree":1,"number":2511,"kind":"endpoint"},"geometry":{"type":"Point","coordinates":[77.7068154814159,12.9752416658569]}},{"type":"Feature","id":"kml_n_77.7068363060072_12.9751847812789","properties":{"id":"kml_n_77.7068363060072_12.9751847812789","degree":4,"number":2512,"kind":"junction_candidate"},"geometry":{"type":"Point","coordinates":[77.7068363060072,12.9751847812789]}},{"type":"Feature","id":"kml_n_77.7069499978847_12.97531684054","properties":{"id":"kml_n_77.7069499978847_12.97531684054","degree":1,"number":2513,"kind":"endpoint"},"geometry":{"type":"Point","coordinates":[77.7069499978847,12.97531684054]}},{"type":"Feature","id":"kml_n_77.7070100697003_12.9194105861651","properties":{"id":"kml_n_77.7070100697003_12.9194105861651","degree":4,"number":2514,"kind":"junction_candidate"},"geometry":{"type":"Point","coordinates":[77.7070100697003,12.9194105861651]}},{"type":"Feature","id":"kml_n_77.7070504037286_12.9116881029896","properties":{"id":"kml_n_77.7070504037286_12.9116881029896","degree":3,"number":2515,"kind":"junction_candidate"},"geometry":{"type":"Point","coordinates":[77.7070504037286,12.9116881029896]}},{"type":"Feature","id":"kml_n_77.7072775956482_12.9879716647844","properties":{"id":"kml_n_77.7072775956482_12.9879716647844","degree":3,"number":2516,"kind":"junction_candidate"},"geometry":{"type":"Point","coordinates":[77.7072775956482,12.9879716647844]}},{"type":"Feature","id":"kml_n_77.7076539055758_12.9370517061032","properties":{"id":"kml_n_77.7076539055758_12.9370517061032","degree":3,"number":2517,"kind":"junction_candidate"},"geometry":{"type":"Point","coordinates":[77.7076539055758,12.9370517061032]}},{"type":"Feature","id":"kml_n_77.7078133714577_12.9661511101056","properties":{"id":"kml_n_77.7078133714577_12.9661511101056","degree":3,"number":2518,"kind":"junction_candidate"},"geometry":{"type":"Point","coordinates":[77.7078133714577,12.9661511101056]}},{"type":"Feature","id":"kml_n_77.708046720108_13.0294568548814","properties":{"id":"kml_n_77.708046720108_13.0294568548814","degree":3,"number":2519,"kind":"junction_candidate"},"geometry":{"type":"Point","coordinates":[77.708046720108,13.0294568548814]}},{"type":"Feature","id":"kml_n_77.708245211843_12.9012874382596","properties":{"id":"kml_n_77.708245211843_12.9012874382596","degree":3,"number":2520,"kind":"junction_candidate"},"geometry":{"type":"Point","coordinates":[77.708245211843,12.9012874382596]}},{"type":"Feature","id":"kml_n_77.7082767410394_12.9758074896986","properties":{"id":"kml_n_77.7082767410394_12.9758074896986","degree":1,"number":2521,"kind":"endpoint"},"geometry":{"type":"Point","coordinates":[77.7082767410394,12.9758074896986]}},{"type":"Feature","id":"kml_n_77.7082767438025_12.9758074896698","properties":{"id":"kml_n_77.7082767438025_12.9758074896698","degree":3,"number":2522,"kind":"junction_candidate"},"geometry":{"type":"Point","coordinates":[77.7082767438025,12.9758074896698]}},{"type":"Feature","id":"kml_n_77.7083028222172_12.9847781052909","properties":{"id":"kml_n_77.7083028222172_12.9847781052909","degree":3,"number":2523,"kind":"junction_candidate"},"geometry":{"type":"Point","coordinates":[77.7083028222172,12.9847781052909]}},{"type":"Feature","id":"kml_n_77.7083669117571_12.8926092537921","properties":{"id":"kml_n_77.7083669117571_12.8926092537921","degree":1,"number":2524,"kind":"endpoint"},"geometry":{"type":"Point","coordinates":[77.7083669117571,12.8926092537921]}},{"type":"Feature","id":"kml_n_77.7085486235192_12.9819036299231","properties":{"id":"kml_n_77.7085486235192_12.9819036299231","degree":1,"number":2525,"kind":"endpoint"},"geometry":{"type":"Point","coordinates":[77.7085486235192,12.9819036299231]}},{"type":"Feature","id":"kml_n_77.708564549421_12.9818389442612","properties":{"id":"kml_n_77.708564549421_12.9818389442612","degree":3,"number":2526,"kind":"junction_candidate"},"geometry":{"type":"Point","coordinates":[77.708564549421,12.9818389442612]}},{"type":"Feature","id":"kml_n_77.7085706580601_13.0330771396796","properties":{"id":"kml_n_77.7085706580601_13.0330771396796","degree":1,"number":2527,"kind":"endpoint"},"geometry":{"type":"Point","coordinates":[77.7085706580601,13.0330771396796]}},{"type":"Feature","id":"kml_n_77.7085708775015_13.0194641575798","properties":{"id":"kml_n_77.7085708775015_13.0194641575798","degree":3,"number":2528,"kind":"junction_candidate"},"geometry":{"type":"Point","coordinates":[77.7085708775015,13.0194641575798]}},{"type":"Feature","id":"kml_n_77.7086126832275_12.9632931595735","properties":{"id":"kml_n_77.7086126832275_12.9632931595735","degree":4,"number":2529,"kind":"junction_candidate"},"geometry":{"type":"Point","coordinates":[77.7086126832275,12.9632931595735]}},{"type":"Feature","id":"kml_n_77.7088608589019_13.0362772815618","properties":{"id":"kml_n_77.7088608589019_13.0362772815618","degree":3,"number":2530,"kind":"junction_candidate"},"geometry":{"type":"Point","coordinates":[77.7088608589019,13.0362772815618]}},{"type":"Feature","id":"kml_n_77.7089294466812_13.0373081523318","properties":{"id":"kml_n_77.7089294466812_13.0373081523318","degree":3,"number":2531,"kind":"junction_candidate"},"geometry":{"type":"Point","coordinates":[77.7089294466812,13.0373081523318]}},{"type":"Feature","id":"kml_n_77.7089392801008_13.0397681866745","properties":{"id":"kml_n_77.7089392801008_13.0397681866745","degree":1,"number":2532,"kind":"endpoint"},"geometry":{"type":"Point","coordinates":[77.7089392801008,13.0397681866745]}},{"type":"Feature","id":"kml_n_77.7089392801303_13.0397681893843","properties":{"id":"kml_n_77.7089392801303_13.0397681893843","degree":1,"number":2533,"kind":"endpoint"},"geometry":{"type":"Point","coordinates":[77.7089392801303,13.0397681893843]}},{"type":"Feature","id":"kml_n_77.7090133792969_13.0372857343509","properties":{"id":"kml_n_77.7090133792969_13.0372857343509","degree":3,"number":2534,"kind":"junction_candidate"},"geometry":{"type":"Point","coordinates":[77.7090133792969,13.0372857343509]}},{"type":"Feature","id":"kml_n_77.7091669284354_13.0418152850365","properties":{"id":"kml_n_77.7091669284354_13.0418152850365","degree":1,"number":2535,"kind":"endpoint"},"geometry":{"type":"Point","coordinates":[77.7091669284354,13.0418152850365]}},{"type":"Feature","id":"kml_n_77.7092746713772_13.0422963199613","properties":{"id":"kml_n_77.7092746713772_13.0422963199613","degree":1,"number":2536,"kind":"endpoint"},"geometry":{"type":"Point","coordinates":[77.7092746713772,13.0422963199613]}},{"type":"Feature","id":"kml_n_77.7093049295309_13.0161556798265","properties":{"id":"kml_n_77.7093049295309_13.0161556798265","degree":3,"number":2537,"kind":"junction_candidate"},"geometry":{"type":"Point","coordinates":[77.7093049295309,13.0161556798265]}},{"type":"Feature","id":"kml_n_77.7093889445999_13.0429534432571","properties":{"id":"kml_n_77.7093889445999_13.0429534432571","degree":1,"number":2538,"kind":"endpoint"},"geometry":{"type":"Point","coordinates":[77.7093889445999,13.0429534432571]}},{"type":"Feature","id":"kml_n_77.7094538045598_12.9609668085445","properties":{"id":"kml_n_77.7094538045598_12.9609668085445","degree":1,"number":2539,"kind":"endpoint"},"geometry":{"type":"Point","coordinates":[77.7094538045598,12.9609668085445]}},{"type":"Feature","id":"kml_n_77.7094600132844_12.9609554636655","properties":{"id":"kml_n_77.7094600132844_12.9609554636655","degree":1,"number":2540,"kind":"endpoint"},"geometry":{"type":"Point","coordinates":[77.7094600132844,12.9609554636655]}},{"type":"Feature","id":"kml_n_77.7096847645355_12.9780221649093","properties":{"id":"kml_n_77.7096847645355_12.9780221649093","degree":3,"number":2541,"kind":"junction_candidate"},"geometry":{"type":"Point","coordinates":[77.7096847645355,12.9780221649093]}},{"type":"Feature","id":"kml_n_77.7099590520974_13.0115309334895","properties":{"id":"kml_n_77.7099590520974_13.0115309334895","degree":1,"number":2542,"kind":"endpoint"},"geometry":{"type":"Point","coordinates":[77.7099590520974,13.0115309334895]}},{"type":"Feature","id":"kml_n_77.7100367162705_13.0042902567934","properties":{"id":"kml_n_77.7100367162705_13.0042902567934","degree":3,"number":2543,"kind":"junction_candidate"},"geometry":{"type":"Point","coordinates":[77.7100367162705,13.0042902567934]}},{"type":"Feature","id":"kml_n_77.7101985290899_12.9765491318623","properties":{"id":"kml_n_77.7101985290899_12.9765491318623","degree":1,"number":2544,"kind":"endpoint"},"geometry":{"type":"Point","coordinates":[77.7101985290899,12.9765491318623]}},{"type":"Feature","id":"kml_n_77.7105032777901_13.0373026231871","properties":{"id":"kml_n_77.7105032777901_13.0373026231871","degree":3,"number":2545,"kind":"junction_candidate"},"geometry":{"type":"Point","coordinates":[77.7105032777901,13.0373026231871]}},{"type":"Feature","id":"kml_n_77.710549240818_12.9242108424454","properties":{"id":"kml_n_77.710549240818_12.9242108424454","degree":3,"number":2546,"kind":"junction_candidate"},"geometry":{"type":"Point","coordinates":[77.710549240818,12.9242108424454]}},{"type":"Feature","id":"kml_n_77.710652827619_12.9064728093795","properties":{"id":"kml_n_77.710652827619_12.9064728093795","degree":4,"number":2547,"kind":"junction_candidate"},"geometry":{"type":"Point","coordinates":[77.710652827619,12.9064728093795]}},{"type":"Feature","id":"kml_n_77.7107169600731_12.8914805442819","properties":{"id":"kml_n_77.7107169600731_12.8914805442819","degree":1,"number":2548,"kind":"endpoint"},"geometry":{"type":"Point","coordinates":[77.7107169600731,12.8914805442819]}},{"type":"Feature","id":"kml_n_77.710892029688_12.9381999897932","properties":{"id":"kml_n_77.710892029688_12.9381999897932","degree":1,"number":2549,"kind":"endpoint"},"geometry":{"type":"Point","coordinates":[77.710892029688,12.9381999897932]}},{"type":"Feature","id":"kml_n_77.710948468534_12.9382269390982","properties":{"id":"kml_n_77.710948468534_12.9382269390982","degree":3,"number":2550,"kind":"junction_candidate"},"geometry":{"type":"Point","coordinates":[77.710948468534,12.9382269390982]}},{"type":"Feature","id":"kml_n_77.7109759150173_13.0408277412552","properties":{"id":"kml_n_77.7109759150173_13.0408277412552","degree":1,"number":2551,"kind":"endpoint"},"geometry":{"type":"Point","coordinates":[77.7109759150173,13.0408277412552]}},{"type":"Feature","id":"kml_n_77.7109779406522_13.0408479894876","properties":{"id":"kml_n_77.7109779406522_13.0408479894876","degree":1,"number":2552,"kind":"endpoint"},"geometry":{"type":"Point","coordinates":[77.7109779406522,13.0408479894876]}},{"type":"Feature","id":"kml_n_77.7113094505255_13.052425281969","properties":{"id":"kml_n_77.7113094505255_13.052425281969","degree":3,"number":2553,"kind":"junction_candidate"},"geometry":{"type":"Point","coordinates":[77.7113094505255,13.052425281969]}},{"type":"Feature","id":"kml_n_77.7113496065372_12.9561381149577","properties":{"id":"kml_n_77.7113496065372_12.9561381149577","degree":1,"number":2554,"kind":"endpoint"},"geometry":{"type":"Point","coordinates":[77.7113496065372,12.9561381149577]}},{"type":"Feature","id":"kml_n_77.7113610754915_12.8999753232677","properties":{"id":"kml_n_77.7113610754915_12.8999753232677","degree":4,"number":2555,"kind":"junction_candidate"},"geometry":{"type":"Point","coordinates":[77.7113610754915,12.8999753232677]}},{"type":"Feature","id":"kml_n_77.7114602347644_12.9731266984751","properties":{"id":"kml_n_77.7114602347644_12.9731266984751","degree":3,"number":2556,"kind":"junction_candidate"},"geometry":{"type":"Point","coordinates":[77.7114602347644,12.9731266984751]}},{"type":"Feature","id":"kml_n_77.7116617568875_12.9193172033675","properties":{"id":"kml_n_77.7116617568875_12.9193172033675","degree":4,"number":2557,"kind":"junction_candidate"},"geometry":{"type":"Point","coordinates":[77.7116617568875,12.9193172033675]}},{"type":"Feature","id":"kml_n_77.7117071408304_13.0213121147184","properties":{"id":"kml_n_77.7117071408304_13.0213121147184","degree":1,"number":2558,"kind":"endpoint"},"geometry":{"type":"Point","coordinates":[77.7117071408304,13.0213121147184]}},{"type":"Feature","id":"kml_n_77.7117936198347_13.0449098712808","properties":{"id":"kml_n_77.7117936198347_13.0449098712808","degree":1,"number":2559,"kind":"endpoint"},"geometry":{"type":"Point","coordinates":[77.7117936198347,13.0449098712808]}},{"type":"Feature","id":"kml_n_77.7117948063562_12.9159453043721","properties":{"id":"kml_n_77.7117948063562_12.9159453043721","degree":1,"number":2560,"kind":"endpoint"},"geometry":{"type":"Point","coordinates":[77.7117948063562,12.9159453043721]}},{"type":"Feature","id":"kml_n_77.7117950415352_12.9159729817817","properties":{"id":"kml_n_77.7117950415352_12.9159729817817","degree":1,"number":2561,"kind":"endpoint"},"geometry":{"type":"Point","coordinates":[77.7117950415352,12.9159729817817]}},{"type":"Feature","id":"kml_n_77.7118498862926_13.0343902052605","properties":{"id":"kml_n_77.7118498862926_13.0343902052605","degree":3,"number":2562,"kind":"junction_candidate"},"geometry":{"type":"Point","coordinates":[77.7118498862926,13.0343902052605]}},{"type":"Feature","id":"kml_n_77.7119123296006_12.9718704600081","properties":{"id":"kml_n_77.7119123296006_12.9718704600081","degree":3,"number":2563,"kind":"junction_candidate"},"geometry":{"type":"Point","coordinates":[77.7119123296006,12.9718704600081]}},{"type":"Feature","id":"kml_n_77.7123046510956_12.8993861746391","properties":{"id":"kml_n_77.7123046510956_12.8993861746391","degree":3,"number":2564,"kind":"junction_candidate"},"geometry":{"type":"Point","coordinates":[77.7123046510956,12.8993861746391]}},{"type":"Feature","id":"kml_n_77.7123572256338_12.8993671608705","properties":{"id":"kml_n_77.7123572256338_12.8993671608705","degree":3,"number":2565,"kind":"junction_candidate"},"geometry":{"type":"Point","coordinates":[77.7123572256338,12.8993671608705]}},{"type":"Feature","id":"kml_n_77.7123848419198_13.0044406661066","properties":{"id":"kml_n_77.7123848419198_13.0044406661066","degree":3,"number":2566,"kind":"junction_candidate"},"geometry":{"type":"Point","coordinates":[77.7123848419198,13.0044406661066]}},{"type":"Feature","id":"kml_n_77.7124365045594_13.0344074561679","properties":{"id":"kml_n_77.7124365045594_13.0344074561679","degree":3,"number":2567,"kind":"junction_candidate"},"geometry":{"type":"Point","coordinates":[77.7124365045594,13.0344074561679]}},{"type":"Feature","id":"kml_n_77.7125972615862_12.9129163619057","properties":{"id":"kml_n_77.7125972615862_12.9129163619057","degree":4,"number":2568,"kind":"junction_candidate"},"geometry":{"type":"Point","coordinates":[77.7125972615862,12.9129163619057]}},{"type":"Feature","id":"kml_n_77.7130700252245_12.9641490098974","properties":{"id":"kml_n_77.7130700252245_12.9641490098974","degree":3,"number":2569,"kind":"junction_candidate"},"geometry":{"type":"Point","coordinates":[77.7130700252245,12.9641490098974]}},{"type":"Feature","id":"kml_n_77.7133233629345_12.9286839158418","properties":{"id":"kml_n_77.7133233629345_12.9286839158418","degree":4,"number":2570,"kind":"junction_candidate"},"geometry":{"type":"Point","coordinates":[77.7133233629345,12.9286839158418]}},{"type":"Feature","id":"kml_n_77.7135361131315_12.9379146271069","properties":{"id":"kml_n_77.7135361131315_12.9379146271069","degree":3,"number":2571,"kind":"junction_candidate"},"geometry":{"type":"Point","coordinates":[77.7135361131315,12.9379146271069]}},{"type":"Feature","id":"kml_n_77.7137610813803_12.9332971454556","properties":{"id":"kml_n_77.7137610813803_12.9332971454556","degree":3,"number":2572,"kind":"junction_candidate"},"geometry":{"type":"Point","coordinates":[77.7137610813803,12.9332971454556]}},{"type":"Feature","id":"kml_n_77.7141216005544_12.9676283787332","properties":{"id":"kml_n_77.7141216005544_12.9676283787332","degree":3,"number":2573,"kind":"junction_candidate"},"geometry":{"type":"Point","coordinates":[77.7141216005544,12.9676283787332]}},{"type":"Feature","id":"kml_n_77.7145148894045_12.9230056344185","properties":{"id":"kml_n_77.7145148894045_12.9230056344185","degree":4,"number":2574,"kind":"junction_candidate"},"geometry":{"type":"Point","coordinates":[77.7145148894045,12.9230056344185]}},{"type":"Feature","id":"kml_n_77.7145579624868_12.9122793867304","properties":{"id":"kml_n_77.7145579624868_12.9122793867304","degree":1,"number":2575,"kind":"endpoint"},"geometry":{"type":"Point","coordinates":[77.7145579624868,12.9122793867304]}},{"type":"Feature","id":"kml_n_77.7145710505232_12.9122939889919","properties":{"id":"kml_n_77.7145710505232_12.9122939889919","degree":1,"number":2576,"kind":"endpoint"},"geometry":{"type":"Point","coordinates":[77.7145710505232,12.9122939889919]}},{"type":"Feature","id":"kml_n_77.7147178364103_12.9558855079272","properties":{"id":"kml_n_77.7147178364103_12.9558855079272","degree":4,"number":2577,"kind":"junction_candidate"},"geometry":{"type":"Point","coordinates":[77.7147178364103,12.9558855079272]}},{"type":"Feature","id":"kml_n_77.7149510403314_12.956383611216","properties":{"id":"kml_n_77.7149510403314_12.956383611216","degree":3,"number":2578,"kind":"junction_candidate"},"geometry":{"type":"Point","coordinates":[77.7149510403314,12.956383611216]}},{"type":"Feature","id":"kml_n_77.7150329244199_12.9061213308813","properties":{"id":"kml_n_77.7150329244199_12.9061213308813","degree":3,"number":2579,"kind":"junction_candidate"},"geometry":{"type":"Point","coordinates":[77.7150329244199,12.9061213308813]}},{"type":"Feature","id":"kml_n_77.715261396924_12.981440646188","properties":{"id":"kml_n_77.715261396924_12.981440646188","degree":1,"number":2580,"kind":"endpoint"},"geometry":{"type":"Point","coordinates":[77.715261396924,12.981440646188]}},{"type":"Feature","id":"kml_n_77.7153226457519_12.9814192417686","properties":{"id":"kml_n_77.7153226457519_12.9814192417686","degree":3,"number":2581,"kind":"junction_candidate"},"geometry":{"type":"Point","coordinates":[77.7153226457519,12.9814192417686]}},{"type":"Feature","id":"kml_n_77.7154374567605_12.9730022897295","properties":{"id":"kml_n_77.7154374567605_12.9730022897295","degree":1,"number":2582,"kind":"endpoint"},"geometry":{"type":"Point","coordinates":[77.7154374567605,12.9730022897295]}},{"type":"Feature","id":"kml_n_77.7154374586025_12.9730022897103","properties":{"id":"kml_n_77.7154374586025_12.9730022897103","degree":1,"number":2583,"kind":"endpoint"},"geometry":{"type":"Point","coordinates":[77.7154374586025,12.9730022897103]}},{"type":"Feature","id":"kml_n_77.7157694440489_12.9489233440384","properties":{"id":"kml_n_77.7157694440489_12.9489233440384","degree":1,"number":2584,"kind":"endpoint"},"geometry":{"type":"Point","coordinates":[77.7157694440489,12.9489233440384]}},{"type":"Feature","id":"kml_n_77.7157694440685_12.9489233458449","properties":{"id":"kml_n_77.7157694440685_12.9489233458449","degree":1,"number":2585,"kind":"endpoint"},"geometry":{"type":"Point","coordinates":[77.7157694440685,12.9489233458449]}},{"type":"Feature","id":"kml_n_77.7159029806862_12.992106668408","properties":{"id":"kml_n_77.7159029806862_12.992106668408","degree":4,"number":2586,"kind":"junction_candidate"},"geometry":{"type":"Point","coordinates":[77.7159029806862,12.992106668408]}},{"type":"Feature","id":"kml_n_77.7160886131827_12.981274756428","properties":{"id":"kml_n_77.7160886131827_12.981274756428","degree":3,"number":2587,"kind":"junction_candidate"},"geometry":{"type":"Point","coordinates":[77.7160886131827,12.981274756428]}},{"type":"Feature","id":"kml_n_77.7161844948664_12.9812672999024","properties":{"id":"kml_n_77.7161844948664_12.9812672999024","degree":1,"number":2588,"kind":"endpoint"},"geometry":{"type":"Point","coordinates":[77.7161844948664,12.9812672999024]}},{"type":"Feature","id":"kml_n_77.7164915291623_13.0044509633872","properties":{"id":"kml_n_77.7164915291623_13.0044509633872","degree":3,"number":2589,"kind":"junction_candidate"},"geometry":{"type":"Point","coordinates":[77.7164915291623,13.0044509633872]}},{"type":"Feature","id":"kml_n_77.7164948812464_12.9607004781667","properties":{"id":"kml_n_77.7164948812464_12.9607004781667","degree":3,"number":2590,"kind":"junction_candidate"},"geometry":{"type":"Point","coordinates":[77.7164948812464,12.9607004781667]}},{"type":"Feature","id":"kml_n_77.7165289863168_12.9774104618946","properties":{"id":"kml_n_77.7165289863168_12.9774104618946","degree":1,"number":2591,"kind":"endpoint"},"geometry":{"type":"Point","coordinates":[77.7165289863168,12.9774104618946]}},{"type":"Feature","id":"kml_n_77.716791012982_12.9115667174582","properties":{"id":"kml_n_77.716791012982_12.9115667174582","degree":3,"number":2592,"kind":"junction_candidate"},"geometry":{"type":"Point","coordinates":[77.716791012982,12.9115667174582]}},{"type":"Feature","id":"kml_n_77.7169509867305_13.01625939882","properties":{"id":"kml_n_77.7169509867305_13.01625939882","degree":3,"number":2593,"kind":"junction_candidate"},"geometry":{"type":"Point","coordinates":[77.7169509867305,13.01625939882]}},{"type":"Feature","id":"kml_n_77.7171657318341_12.9810180139492","properties":{"id":"kml_n_77.7171657318341_12.9810180139492","degree":4,"number":2594,"kind":"junction_candidate"},"geometry":{"type":"Point","coordinates":[77.7171657318341,12.9810180139492]}},{"type":"Feature","id":"kml_n_77.717540032452_13.0299747761705","properties":{"id":"kml_n_77.717540032452_13.0299747761705","degree":3,"number":2595,"kind":"junction_candidate"},"geometry":{"type":"Point","coordinates":[77.717540032452,13.0299747761705]}},{"type":"Feature","id":"kml_n_77.7176580448074_12.9162002045207","properties":{"id":"kml_n_77.7176580448074_12.9162002045207","degree":4,"number":2596,"kind":"junction_candidate"},"geometry":{"type":"Point","coordinates":[77.7176580448074,12.9162002045207]}},{"type":"Feature","id":"kml_n_77.7177633624883_12.9729973732606","properties":{"id":"kml_n_77.7177633624883_12.9729973732606","degree":3,"number":2597,"kind":"junction_candidate"},"geometry":{"type":"Point","coordinates":[77.7177633624883,12.9729973732606]}},{"type":"Feature","id":"kml_n_77.7178342959496_12.9221636349776","properties":{"id":"kml_n_77.7178342959496_12.9221636349776","degree":1,"number":2598,"kind":"endpoint"},"geometry":{"type":"Point","coordinates":[77.7178342959496,12.9221636349776]}},{"type":"Feature","id":"kml_n_77.7178342959692_12.9221636367842","properties":{"id":"kml_n_77.7178342959692_12.9221636367842","degree":1,"number":2599,"kind":"endpoint"},"geometry":{"type":"Point","coordinates":[77.7178342959692,12.9221636367842]}},{"type":"Feature","id":"kml_n_77.7179306338392_12.9389913008034","properties":{"id":"kml_n_77.7179306338392_12.9389913008034","degree":1,"number":2600,"kind":"endpoint"},"geometry":{"type":"Point","coordinates":[77.7179306338392,12.9389913008034]}},{"type":"Feature","id":"kml_n_77.7179306366019_12.9389913007746","properties":{"id":"kml_n_77.7179306366019_12.9389913007746","degree":3,"number":2601,"kind":"junction_candidate"},"geometry":{"type":"Point","coordinates":[77.7179306366019,12.9389913007746]}},{"type":"Feature","id":"kml_n_77.718003756189_12.9739680326451","properties":{"id":"kml_n_77.718003756189_12.9739680326451","degree":1,"number":2602,"kind":"endpoint"},"geometry":{"type":"Point","coordinates":[77.718003756189,12.9739680326451]}},{"type":"Feature","id":"kml_n_77.7180506666431_12.9745175205133","properties":{"id":"kml_n_77.7180506666431_12.9745175205133","degree":3,"number":2603,"kind":"junction_candidate"},"geometry":{"type":"Point","coordinates":[77.7180506666431,12.9745175205133]}},{"type":"Feature","id":"kml_n_77.7181989389442_12.96479108028","properties":{"id":"kml_n_77.7181989389442_12.96479108028","degree":3,"number":2604,"kind":"junction_candidate"},"geometry":{"type":"Point","coordinates":[77.7181989389442,12.96479108028]}},{"type":"Feature","id":"kml_n_77.7182886897458_12.9772959355723","properties":{"id":"kml_n_77.7182886897458_12.9772959355723","degree":3,"number":2605,"kind":"junction_candidate"},"geometry":{"type":"Point","coordinates":[77.7182886897458,12.9772959355723]}},{"type":"Feature","id":"kml_n_77.718549483838_12.9879303366916","properties":{"id":"kml_n_77.718549483838_12.9879303366916","degree":3,"number":2606,"kind":"junction_candidate"},"geometry":{"type":"Point","coordinates":[77.718549483838,12.9879303366916]}},{"type":"Feature","id":"kml_n_77.718550667619_12.9879478655826","properties":{"id":"kml_n_77.718550667619_12.9879478655826","degree":1,"number":2607,"kind":"endpoint"},"geometry":{"type":"Point","coordinates":[77.718550667619,12.9879478655826]}},{"type":"Feature","id":"kml_n_77.7193518062136_12.9961866252975","properties":{"id":"kml_n_77.7193518062136_12.9961866252975","degree":3,"number":2608,"kind":"junction_candidate"},"geometry":{"type":"Point","coordinates":[77.7193518062136,12.9961866252975]}},{"type":"Feature","id":"kml_n_77.7194466933498_13.0511555145049","properties":{"id":"kml_n_77.7194466933498_13.0511555145049","degree":1,"number":2609,"kind":"endpoint"},"geometry":{"type":"Point","coordinates":[77.7194466933498,13.0511555145049]}},{"type":"Feature","id":"kml_n_77.7194982590341_13.0102081409128","properties":{"id":"kml_n_77.7194982590341_13.0102081409128","degree":3,"number":2610,"kind":"junction_candidate"},"geometry":{"type":"Point","coordinates":[77.7194982590341,13.0102081409128]}},{"type":"Feature","id":"kml_n_77.7196979689791_13.0100882951256","properties":{"id":"kml_n_77.7196979689791_13.0100882951256","degree":1,"number":2611,"kind":"endpoint"},"geometry":{"type":"Point","coordinates":[77.7196979689791,13.0100882951256]}},{"type":"Feature","id":"kml_n_77.7196983924964_13.0100880178728","properties":{"id":"kml_n_77.7196983924964_13.0100880178728","degree":1,"number":2612,"kind":"endpoint"},"geometry":{"type":"Point","coordinates":[77.7196983924964,13.0100880178728]}},{"type":"Feature","id":"kml_n_77.7197263040989_12.9920819387296","properties":{"id":"kml_n_77.7197263040989_12.9920819387296","degree":3,"number":2613,"kind":"junction_candidate"},"geometry":{"type":"Point","coordinates":[77.7197263040989,12.9920819387296]}},{"type":"Feature","id":"kml_n_77.7198711273895_13.0166243231184","properties":{"id":"kml_n_77.7198711273895_13.0166243231184","degree":3,"number":2614,"kind":"junction_candidate"},"geometry":{"type":"Point","coordinates":[77.7198711273895,13.0166243231184]}},{"type":"Feature","id":"kml_n_77.7199833341378_12.9960404066904","properties":{"id":"kml_n_77.7199833341378_12.9960404066904","degree":3,"number":2615,"kind":"junction_candidate"},"geometry":{"type":"Point","coordinates":[77.7199833341378,12.9960404066904]}},{"type":"Feature","id":"kml_n_77.7202437285924_13.0166656080814","properties":{"id":"kml_n_77.7202437285924_13.0166656080814","degree":3,"number":2616,"kind":"junction_candidate"},"geometry":{"type":"Point","coordinates":[77.7202437285924,13.0166656080814]}},{"type":"Feature","id":"kml_n_77.7204220286931_13.0262107398235","properties":{"id":"kml_n_77.7204220286931_13.0262107398235","degree":3,"number":2617,"kind":"junction_candidate"},"geometry":{"type":"Point","coordinates":[77.7204220286931,13.0262107398235]}},{"type":"Feature","id":"kml_n_77.7209232045944_13.0264892305655","properties":{"id":"kml_n_77.7209232045944_13.0264892305655","degree":4,"number":2618,"kind":"junction_candidate"},"geometry":{"type":"Point","coordinates":[77.7209232045944,13.0264892305655]}},{"type":"Feature","id":"kml_n_77.7209327148313_13.0205424080584","properties":{"id":"kml_n_77.7209327148313_13.0205424080584","degree":3,"number":2619,"kind":"junction_candidate"},"geometry":{"type":"Point","coordinates":[77.7209327148313,13.0205424080584]}},{"type":"Feature","id":"kml_n_77.721220738173_13.029595214342","properties":{"id":"kml_n_77.721220738173_13.029595214342","degree":1,"number":2620,"kind":"endpoint"},"geometry":{"type":"Point","coordinates":[77.721220738173,13.029595214342]}},{"type":"Feature","id":"kml_n_77.7215252706531_13.0340109221828","properties":{"id":"kml_n_77.7215252706531_13.0340109221828","degree":3,"number":2621,"kind":"junction_candidate"},"geometry":{"type":"Point","coordinates":[77.7215252706531,13.0340109221828]}},{"type":"Feature","id":"kml_n_77.7218038654318_12.9558329387639","properties":{"id":"kml_n_77.7218038654318_12.9558329387639","degree":3,"number":2622,"kind":"junction_candidate"},"geometry":{"type":"Point","coordinates":[77.7218038654318,12.9558329387639]}},{"type":"Feature","id":"kml_n_77.721961535623_12.9157888376917","properties":{"id":"kml_n_77.721961535623_12.9157888376917","degree":1,"number":2623,"kind":"endpoint"},"geometry":{"type":"Point","coordinates":[77.721961535623,12.9157888376917]}},{"type":"Feature","id":"kml_n_77.7220277255866_12.9603129553628","properties":{"id":"kml_n_77.7220277255866_12.9603129553628","degree":3,"number":2624,"kind":"junction_candidate"},"geometry":{"type":"Point","coordinates":[77.7220277255866,12.9603129553628]}},{"type":"Feature","id":"kml_n_77.7222835029268_13.0335698370111","properties":{"id":"kml_n_77.7222835029268_13.0335698370111","degree":1,"number":2625,"kind":"endpoint"},"geometry":{"type":"Point","coordinates":[77.7222835029268,13.0335698370111]}},{"type":"Feature","id":"kml_n_77.722298398126_13.0335677210444","properties":{"id":"kml_n_77.722298398126_13.0335677210444","degree":1,"number":2626,"kind":"endpoint"},"geometry":{"type":"Point","coordinates":[77.722298398126,13.0335677210444]}},{"type":"Feature","id":"kml_n_77.7231002215053_12.9717460896711","properties":{"id":"kml_n_77.7231002215053_12.9717460896711","degree":1,"number":2627,"kind":"endpoint"},"geometry":{"type":"Point","coordinates":[77.7231002215053,12.9717460896711]}},{"type":"Feature","id":"kml_n_77.7231014261169_12.9717213650347","properties":{"id":"kml_n_77.7231014261169_12.9717213650347","degree":1,"number":2628,"kind":"endpoint"},"geometry":{"type":"Point","coordinates":[77.7231014261169,12.9717213650347]}},{"type":"Feature","id":"kml_n_77.7233918323816_13.0098434259244","properties":{"id":"kml_n_77.7233918323816_13.0098434259244","degree":3,"number":2629,"kind":"junction_candidate"},"geometry":{"type":"Point","coordinates":[77.7233918323816,13.0098434259244]}},{"type":"Feature","id":"kml_n_77.7235156057372_13.0454809510781","properties":{"id":"kml_n_77.7235156057372_13.0454809510781","degree":3,"number":2630,"kind":"junction_candidate"},"geometry":{"type":"Point","coordinates":[77.7235156057372,13.0454809510781]}},{"type":"Feature","id":"kml_n_77.7235283611301_13.0035619510414","properties":{"id":"kml_n_77.7235283611301_13.0035619510414","degree":4,"number":2631,"kind":"junction_candidate"},"geometry":{"type":"Point","coordinates":[77.7235283611301,13.0035619510414]}},{"type":"Feature","id":"kml_n_77.7238297985733_12.9271561489775","properties":{"id":"kml_n_77.7238297985733_12.9271561489775","degree":4,"number":2632,"kind":"junction_candidate"},"geometry":{"type":"Point","coordinates":[77.7238297985733,12.9271561489775]}},{"type":"Feature","id":"kml_n_77.7244044288801_13.0167985342554","properties":{"id":"kml_n_77.7244044288801_13.0167985342554","degree":3,"number":2633,"kind":"junction_candidate"},"geometry":{"type":"Point","coordinates":[77.7244044288801,13.0167985342554]}},{"type":"Feature","id":"kml_n_77.7244376844306_13.0169658511822","properties":{"id":"kml_n_77.7244376844306_13.0169658511822","degree":1,"number":2634,"kind":"endpoint"},"geometry":{"type":"Point","coordinates":[77.7244376844306,13.0169658511822]}},{"type":"Feature","id":"kml_n_77.7246683152747_13.0189279187364","properties":{"id":"kml_n_77.7246683152747_13.0189279187364","degree":3,"number":2635,"kind":"junction_candidate"},"geometry":{"type":"Point","coordinates":[77.7246683152747,13.0189279187364]}},{"type":"Feature","id":"kml_n_77.7255994625148_12.9331780995494","properties":{"id":"kml_n_77.7255994625148_12.9331780995494","degree":4,"number":2636,"kind":"junction_candidate"},"geometry":{"type":"Point","coordinates":[77.7255994625148,12.9331780995494]}},{"type":"Feature","id":"kml_n_77.7260116474265_13.0096064014095","properties":{"id":"kml_n_77.7260116474265_13.0096064014095","degree":4,"number":2637,"kind":"junction_candidate"},"geometry":{"type":"Point","coordinates":[77.7260116474265,13.0096064014095]}},{"type":"Feature","id":"kml_n_77.7260387874029_12.9396011469633","properties":{"id":"kml_n_77.7260387874029_12.9396011469633","degree":1,"number":2638,"kind":"endpoint"},"geometry":{"type":"Point","coordinates":[77.7260387874029,12.9396011469633]}},{"type":"Feature","id":"kml_n_77.7266770573182_12.955936825129","properties":{"id":"kml_n_77.7266770573182_12.955936825129","degree":1,"number":2639,"kind":"endpoint"},"geometry":{"type":"Point","coordinates":[77.7266770573182,12.955936825129]}},{"type":"Feature","id":"kml_n_77.7268065861104_12.9710616808115","properties":{"id":"kml_n_77.7268065861104_12.9710616808115","degree":1,"number":2640,"kind":"endpoint"},"geometry":{"type":"Point","coordinates":[77.7268065861104,12.9710616808115]}},{"type":"Feature","id":"kml_n_77.7268355213009_12.9715327112688","properties":{"id":"kml_n_77.7268355213009_12.9715327112688","degree":3,"number":2641,"kind":"junction_candidate"},"geometry":{"type":"Point","coordinates":[77.7268355213009,12.9715327112688]}},{"type":"Feature","id":"kml_n_77.7271884994226_12.9600204951224","properties":{"id":"kml_n_77.7271884994226_12.9600204951224","degree":4,"number":2642,"kind":"junction_candidate"},"geometry":{"type":"Point","coordinates":[77.7271884994226,12.9600204951224]}},{"type":"Feature","id":"kml_n_77.7272235885021_12.9764776920581","properties":{"id":"kml_n_77.7272235885021_12.9764776920581","degree":4,"number":2643,"kind":"junction_candidate"},"geometry":{"type":"Point","coordinates":[77.7272235885021,12.9764776920581]}},{"type":"Feature","id":"kml_n_77.7273931569969_12.9802248317214","properties":{"id":"kml_n_77.7273931569969_12.9802248317214","degree":4,"number":2644,"kind":"junction_candidate"},"geometry":{"type":"Point","coordinates":[77.7273931569969,12.9802248317214]}},{"type":"Feature","id":"kml_n_77.7275472727245_13.0152104021778","properties":{"id":"kml_n_77.7275472727245_13.0152104021778","degree":1,"number":2645,"kind":"endpoint"},"geometry":{"type":"Point","coordinates":[77.7275472727245,13.0152104021778]}},{"type":"Feature","id":"kml_n_77.7276000017853_12.9108894896117","properties":{"id":"kml_n_77.7276000017853_12.9108894896117","degree":1,"number":2646,"kind":"endpoint"},"geometry":{"type":"Point","coordinates":[77.7276000017853,12.9108894896117]}},{"type":"Feature","id":"kml_n_77.7281853579466_13.0167560145858","properties":{"id":"kml_n_77.7281853579466_13.0167560145858","degree":3,"number":2647,"kind":"junction_candidate"},"geometry":{"type":"Point","coordinates":[77.7281853579466,13.0167560145858]}},{"type":"Feature","id":"kml_n_77.7292186303208_12.9204783447102","properties":{"id":"kml_n_77.7292186303208_12.9204783447102","degree":3,"number":2648,"kind":"junction_candidate"},"geometry":{"type":"Point","coordinates":[77.7292186303208,12.9204783447102]}},{"type":"Feature","id":"kml_n_77.7297915853495_12.9181592100827","properties":{"id":"kml_n_77.7297915853495_12.9181592100827","degree":3,"number":2649,"kind":"junction_candidate"},"geometry":{"type":"Point","coordinates":[77.7297915853495,12.9181592100827]}},{"type":"Feature","id":"kml_n_77.7306862351264_13.0055138948504","properties":{"id":"kml_n_77.7306862351264_13.0055138948504","degree":1,"number":2650,"kind":"endpoint"},"geometry":{"type":"Point","coordinates":[77.7306862351264,13.0055138948504]}},{"type":"Feature","id":"kml_n_77.7306862351462_13.0055138966569","properties":{"id":"kml_n_77.7306862351462_13.0055138966569","degree":1,"number":2651,"kind":"endpoint"},"geometry":{"type":"Point","coordinates":[77.7306862351462,13.0055138966569]}},{"type":"Feature","id":"kml_n_77.7309627796225_12.9561613251563","properties":{"id":"kml_n_77.7309627796225_12.9561613251563","degree":3,"number":2652,"kind":"junction_candidate"},"geometry":{"type":"Point","coordinates":[77.7309627796225,12.9561613251563]}},{"type":"Feature","id":"kml_n_77.7311386273924_13.0324200794061","properties":{"id":"kml_n_77.7311386273924_13.0324200794061","degree":4,"number":2653,"kind":"junction_candidate"},"geometry":{"type":"Point","coordinates":[77.7311386273924,13.0324200794061]}},{"type":"Feature","id":"kml_n_77.731754193972_13.0457206295926","properties":{"id":"kml_n_77.731754193972_13.0457206295926","degree":3,"number":2654,"kind":"junction_candidate"},"geometry":{"type":"Point","coordinates":[77.731754193972,13.0457206295926]}},{"type":"Feature","id":"kml_n_77.7317995319344_12.9881449153397","properties":{"id":"kml_n_77.7317995319344_12.9881449153397","degree":3,"number":2655,"kind":"junction_candidate"},"geometry":{"type":"Point","coordinates":[77.7317995319344,12.9881449153397]}},{"type":"Feature","id":"kml_n_77.7322442841743_12.9598370466368","properties":{"id":"kml_n_77.7322442841743_12.9598370466368","degree":3,"number":2656,"kind":"junction_candidate"},"geometry":{"type":"Point","coordinates":[77.7322442841743,12.9598370466368]}},{"type":"Feature","id":"kml_n_77.7322626360607_12.889399609758","properties":{"id":"kml_n_77.7322626360607_12.889399609758","degree":4,"number":2657,"kind":"junction_candidate"},"geometry":{"type":"Point","coordinates":[77.7322626360607,12.889399609758]}},{"type":"Feature","id":"kml_n_77.733195198794_13.0373151648555","properties":{"id":"kml_n_77.733195198794_13.0373151648555","degree":3,"number":2658,"kind":"junction_candidate"},"geometry":{"type":"Point","coordinates":[77.733195198794,13.0373151648555]}},{"type":"Feature","id":"kml_n_77.7332376525998_13.0134748430192","properties":{"id":"kml_n_77.7332376525998_13.0134748430192","degree":1,"number":2659,"kind":"endpoint"},"geometry":{"type":"Point","coordinates":[77.7332376525998,13.0134748430192]}},{"type":"Feature","id":"kml_n_77.7334087952564_12.9257628688752","properties":{"id":"kml_n_77.7334087952564_12.9257628688752","degree":4,"number":2660,"kind":"junction_candidate"},"geometry":{"type":"Point","coordinates":[77.7334087952564,12.9257628688752]}},{"type":"Feature","id":"kml_n_77.7334232377586_12.9781895295915","properties":{"id":"kml_n_77.7334232377586_12.9781895295915","degree":1,"number":2661,"kind":"endpoint"},"geometry":{"type":"Point","coordinates":[77.7334232377586,12.9781895295915]}},{"type":"Feature","id":"kml_n_77.733510053295_12.9782037865012","properties":{"id":"kml_n_77.733510053295_12.9782037865012","degree":1,"number":2662,"kind":"endpoint"},"geometry":{"type":"Point","coordinates":[77.733510053295,12.9782037865012]}},{"type":"Feature","id":"kml_n_77.7335412974892_12.9754400681563","properties":{"id":"kml_n_77.7335412974892_12.9754400681563","degree":1,"number":2663,"kind":"endpoint"},"geometry":{"type":"Point","coordinates":[77.7335412974892,12.9754400681563]}},{"type":"Feature","id":"kml_n_77.7336796471801_13.0342143120095","properties":{"id":"kml_n_77.7336796471801_13.0342143120095","degree":1,"number":2664,"kind":"endpoint"},"geometry":{"type":"Point","coordinates":[77.7336796471801,13.0342143120095]}},{"type":"Feature","id":"kml_n_77.7337458420524_12.9878418734768","properties":{"id":"kml_n_77.7337458420524_12.9878418734768","degree":3,"number":2665,"kind":"junction_candidate"},"geometry":{"type":"Point","coordinates":[77.7337458420524,12.9878418734768]}},{"type":"Feature","id":"kml_n_77.7339176413282_12.9782550294206","properties":{"id":"kml_n_77.7339176413282_12.9782550294206","degree":4,"number":2666,"kind":"junction_candidate"},"geometry":{"type":"Point","coordinates":[77.7339176413282,12.9782550294206]}},{"type":"Feature","id":"kml_n_77.7343833555036_12.9737847048702","properties":{"id":"kml_n_77.7343833555036_12.9737847048702","degree":1,"number":2667,"kind":"endpoint"},"geometry":{"type":"Point","coordinates":[77.7343833555036,12.9737847048702]}},{"type":"Feature","id":"kml_n_77.7344300432508_12.972948828983","properties":{"id":"kml_n_77.7344300432508_12.972948828983","degree":3,"number":2668,"kind":"junction_candidate"},"geometry":{"type":"Point","coordinates":[77.7344300432508,12.972948828983]}},{"type":"Feature","id":"kml_n_77.7349172921747_13.0217337300117","properties":{"id":"kml_n_77.7349172921747_13.0217337300117","degree":1,"number":2669,"kind":"endpoint"},"geometry":{"type":"Point","coordinates":[77.7349172921747,13.0217337300117]}},{"type":"Feature","id":"kml_n_77.7349437571324_13.0364762303868","properties":{"id":"kml_n_77.7349437571324_13.0364762303868","degree":3,"number":2670,"kind":"junction_candidate"},"geometry":{"type":"Point","coordinates":[77.7349437571324,13.0364762303868]}},{"type":"Feature","id":"kml_n_77.7351871333357_13.0418420236738","properties":{"id":"kml_n_77.7351871333357_13.0418420236738","degree":3,"number":2671,"kind":"junction_candidate"},"geometry":{"type":"Point","coordinates":[77.7351871333357,13.0418420236738]}},{"type":"Feature","id":"kml_n_77.735249583665_12.9698575071775","properties":{"id":"kml_n_77.735249583665_12.9698575071775","degree":3,"number":2672,"kind":"junction_candidate"},"geometry":{"type":"Point","coordinates":[77.735249583665,12.9698575071775]}},{"type":"Feature","id":"kml_n_77.7354178857062_13.0354660716939","properties":{"id":"kml_n_77.7354178857062_13.0354660716939","degree":3,"number":2673,"kind":"junction_candidate"},"geometry":{"type":"Point","coordinates":[77.7354178857062,13.0354660716939]}},{"type":"Feature","id":"kml_n_77.7354978049444_12.8877841905425","properties":{"id":"kml_n_77.7354978049444_12.8877841905425","degree":3,"number":2674,"kind":"junction_candidate"},"geometry":{"type":"Point","coordinates":[77.7354978049444,12.8877841905425]}},{"type":"Feature","id":"kml_n_77.7355658955949_12.8877767189049","properties":{"id":"kml_n_77.7355658955949_12.8877767189049","degree":3,"number":2675,"kind":"junction_candidate"},"geometry":{"type":"Point","coordinates":[77.7355658955949,12.8877767189049]}},{"type":"Feature","id":"kml_n_77.7355709448591_13.0064423821586","properties":{"id":"kml_n_77.7355709448591_13.0064423821586","degree":4,"number":2676,"kind":"junction_candidate"},"geometry":{"type":"Point","coordinates":[77.7355709448591,13.0064423821586]}},{"type":"Feature","id":"kml_n_77.7356026728414_12.96935321197","properties":{"id":"kml_n_77.7356026728414_12.96935321197","degree":3,"number":2677,"kind":"junction_candidate"},"geometry":{"type":"Point","coordinates":[77.7356026728414,12.96935321197]}},{"type":"Feature","id":"kml_n_77.7357249990557_12.978275533941","properties":{"id":"kml_n_77.7357249990557_12.978275533941","degree":1,"number":2678,"kind":"endpoint"},"geometry":{"type":"Point","coordinates":[77.7357249990557,12.978275533941]}},{"type":"Feature","id":"kml_n_77.7361569333227_13.0619105399149","properties":{"id":"kml_n_77.7361569333227_13.0619105399149","degree":1,"number":2679,"kind":"endpoint"},"geometry":{"type":"Point","coordinates":[77.7361569333227,13.0619105399149]}},{"type":"Feature","id":"kml_n_77.7362163718462_13.0360156382756","properties":{"id":"kml_n_77.7362163718462_13.0360156382756","degree":3,"number":2680,"kind":"junction_candidate"},"geometry":{"type":"Point","coordinates":[77.7362163718462,13.0360156382756]}},{"type":"Feature","id":"kml_n_77.7362922175582_13.0124984716723","properties":{"id":"kml_n_77.7362922175582_13.0124984716723","degree":1,"number":2681,"kind":"endpoint"},"geometry":{"type":"Point","coordinates":[77.7362922175582,13.0124984716723]}},{"type":"Feature","id":"kml_n_77.7363279710328_13.0272798683589","properties":{"id":"kml_n_77.7363279710328_13.0272798683589","degree":3,"number":2682,"kind":"junction_candidate"},"geometry":{"type":"Point","coordinates":[77.7363279710328,13.0272798683589]}},{"type":"Feature","id":"kml_n_77.7364363573912_12.9192221597939","properties":{"id":"kml_n_77.7364363573912_12.9192221597939","degree":3,"number":2683,"kind":"junction_candidate"},"geometry":{"type":"Point","coordinates":[77.7364363573912,12.9192221597939]}},{"type":"Feature","id":"kml_n_77.7365674496524_13.0240834939228","properties":{"id":"kml_n_77.7365674496524_13.0240834939228","degree":3,"number":2684,"kind":"junction_candidate"},"geometry":{"type":"Point","coordinates":[77.7365674496524,13.0240834939228]}},{"type":"Feature","id":"kml_n_77.7365951878603_13.0272502732584","properties":{"id":"kml_n_77.7365951878603_13.0272502732584","degree":3,"number":2685,"kind":"junction_candidate"},"geometry":{"type":"Point","coordinates":[77.7365951878603,13.0272502732584]}},{"type":"Feature","id":"kml_n_77.7366015149521_13.0272688449705","properties":{"id":"kml_n_77.7366015149521_13.0272688449705","degree":1,"number":2686,"kind":"endpoint"},"geometry":{"type":"Point","coordinates":[77.7366015149521,13.0272688449705]}},{"type":"Feature","id":"kml_n_77.7366544692446_12.997751659427","properties":{"id":"kml_n_77.7366544692446_12.997751659427","degree":3,"number":2687,"kind":"junction_candidate"},"geometry":{"type":"Point","coordinates":[77.7366544692446,12.997751659427]}},{"type":"Feature","id":"kml_n_77.7368744952876_13.0271883570264","properties":{"id":"kml_n_77.7368744952876_13.0271883570264","degree":3,"number":2688,"kind":"junction_candidate"},"geometry":{"type":"Point","coordinates":[77.7368744952876,13.0271883570264]}},{"type":"Feature","id":"kml_n_77.7368788237923_13.0272070699882","properties":{"id":"kml_n_77.7368788237923_13.0272070699882","degree":1,"number":2689,"kind":"endpoint"},"geometry":{"type":"Point","coordinates":[77.7368788237923,13.0272070699882]}},{"type":"Feature","id":"kml_n_77.7371518939025_13.0271212737279","properties":{"id":"kml_n_77.7371518939025_13.0271212737279","degree":3,"number":2690,"kind":"junction_candidate"},"geometry":{"type":"Point","coordinates":[77.7371518939025,13.0271212737279]}},{"type":"Feature","id":"kml_n_77.7371576535246_13.027144876678","properties":{"id":"kml_n_77.7371576535246_13.027144876678","degree":1,"number":2691,"kind":"endpoint"},"geometry":{"type":"Point","coordinates":[77.7371576535246,13.027144876678]}},{"type":"Feature","id":"kml_n_77.7371714378507_12.9252808344648","properties":{"id":"kml_n_77.7371714378507_12.9252808344648","degree":3,"number":2692,"kind":"junction_candidate"},"geometry":{"type":"Point","coordinates":[77.7371714378507,12.9252808344648]}},{"type":"Feature","id":"kml_n_77.7372163842963_12.9253622229429","properties":{"id":"kml_n_77.7372163842963_12.9253622229429","degree":4,"number":2693,"kind":"junction_candidate"},"geometry":{"type":"Point","coordinates":[77.7372163842963,12.9253622229429]}},{"type":"Feature","id":"kml_n_77.7372177898258_12.9253657881438","properties":{"id":"kml_n_77.7372177898258_12.9253657881438","degree":3,"number":2694,"kind":"junction_candidate"},"geometry":{"type":"Point","coordinates":[77.7372177898258,12.9253657881438]}},{"type":"Feature","id":"kml_n_77.7374244064778_13.0270583673312","properties":{"id":"kml_n_77.7374244064778_13.0270583673312","degree":3,"number":2695,"kind":"junction_candidate"},"geometry":{"type":"Point","coordinates":[77.7374244064778,13.0270583673312]}},{"type":"Feature","id":"kml_n_77.7374308150644_13.0270770564884","properties":{"id":"kml_n_77.7374308150644_13.0270770564884","degree":1,"number":2696,"kind":"endpoint"},"geometry":{"type":"Point","coordinates":[77.7374308150644,13.0270770564884]}},{"type":"Feature","id":"kml_n_77.737631979681_12.9322318976191","properties":{"id":"kml_n_77.737631979681_12.9322318976191","degree":4,"number":2697,"kind":"junction_candidate"},"geometry":{"type":"Point","coordinates":[77.737631979681,12.9322318976191]}},{"type":"Feature","id":"kml_n_77.7379179191996_13.0269332373281","properties":{"id":"kml_n_77.7379179191996_13.0269332373281","degree":3,"number":2698,"kind":"junction_candidate"},"geometry":{"type":"Point","coordinates":[77.7379179191996,13.0269332373281]}},{"type":"Feature","id":"kml_n_77.7379617013614_12.9393324697495","properties":{"id":"kml_n_77.7379617013614_12.9393324697495","degree":1,"number":2699,"kind":"endpoint"},"geometry":{"type":"Point","coordinates":[77.7379617013614,12.9393324697495]}},{"type":"Feature","id":"kml_n_77.7381644660198_12.9980333394955","properties":{"id":"kml_n_77.7381644660198_12.9980333394955","degree":3,"number":2700,"kind":"junction_candidate"},"geometry":{"type":"Point","coordinates":[77.7381644660198,12.9980333394955]}},{"type":"Feature","id":"kml_n_77.7381778537179_12.9986176197682","properties":{"id":"kml_n_77.7381778537179_12.9986176197682","degree":1,"number":2701,"kind":"endpoint"},"geometry":{"type":"Point","coordinates":[77.7381778537179,12.9986176197682]}},{"type":"Feature","id":"kml_n_77.7381778730608_12.9986176195641","properties":{"id":"kml_n_77.7381778730608_12.9986176195641","degree":1,"number":2702,"kind":"endpoint"},"geometry":{"type":"Point","coordinates":[77.7381778730608,12.9986176195641]}},{"type":"Feature","id":"kml_n_77.7400024915777_12.9778844876158","properties":{"id":"kml_n_77.7400024915777_12.9778844876158","degree":1,"number":2703,"kind":"endpoint"},"geometry":{"type":"Point","coordinates":[77.7400024915777,12.9778844876158]}},{"type":"Feature","id":"kml_n_77.7400058611025_12.9778874349197","properties":{"id":"kml_n_77.7400058611025_12.9778874349197","degree":1,"number":2704,"kind":"endpoint"},"geometry":{"type":"Point","coordinates":[77.7400058611025,12.9778874349197]}},{"type":"Feature","id":"kml_n_77.7401710052176_13.0388925636304","properties":{"id":"kml_n_77.7401710052176_13.0388925636304","degree":3,"number":2705,"kind":"junction_candidate"},"geometry":{"type":"Point","coordinates":[77.7401710052176,13.0388925636304]}},{"type":"Feature","id":"kml_n_77.7404008259916_12.9122469290287","properties":{"id":"kml_n_77.7404008259916_12.9122469290287","degree":4,"number":2706,"kind":"junction_candidate"},"geometry":{"type":"Point","coordinates":[77.7404008259916,12.9122469290287]}},{"type":"Feature","id":"kml_n_77.7406303950538_13.0306741551923","properties":{"id":"kml_n_77.7406303950538_13.0306741551923","degree":1,"number":2707,"kind":"endpoint"},"geometry":{"type":"Point","coordinates":[77.7406303950538,13.0306741551923]}},{"type":"Feature","id":"kml_n_77.7406356324105_13.030687767213","properties":{"id":"kml_n_77.7406356324105_13.030687767213","degree":1,"number":2708,"kind":"endpoint"},"geometry":{"type":"Point","coordinates":[77.7406356324105,13.030687767213]}},{"type":"Feature","id":"kml_n_77.7406819411004_12.887154958671","properties":{"id":"kml_n_77.7406819411004_12.887154958671","degree":1,"number":2709,"kind":"endpoint"},"geometry":{"type":"Point","coordinates":[77.7406819411004,12.887154958671]}},{"type":"Feature","id":"kml_n_77.7407121572643_12.8871526394616","properties":{"id":"kml_n_77.7407121572643_12.8871526394616","degree":1,"number":2710,"kind":"endpoint"},"geometry":{"type":"Point","coordinates":[77.7407121572643,12.8871526394616]}},{"type":"Feature","id":"kml_n_77.740800207042_13.0081818255556","properties":{"id":"kml_n_77.740800207042_13.0081818255556","degree":3,"number":2711,"kind":"junction_candidate"},"geometry":{"type":"Point","coordinates":[77.740800207042,13.0081818255556]}},{"type":"Feature","id":"kml_n_77.7408550212749_12.9873990881969","properties":{"id":"kml_n_77.7408550212749_12.9873990881969","degree":3,"number":2712,"kind":"junction_candidate"},"geometry":{"type":"Point","coordinates":[77.7408550212749,12.9873990881969]}},{"type":"Feature","id":"kml_n_77.7411162261321_13.0073257586109","properties":{"id":"kml_n_77.7411162261321_13.0073257586109","degree":1,"number":2713,"kind":"endpoint"},"geometry":{"type":"Point","coordinates":[77.7411162261321,13.0073257586109]}},{"type":"Feature","id":"kml_n_77.7411162279743_13.0073257585915","properties":{"id":"kml_n_77.7411162279743_13.0073257585915","degree":3,"number":2714,"kind":"junction_candidate"},"geometry":{"type":"Point","coordinates":[77.7411162279743,13.0073257585915]}},{"type":"Feature","id":"kml_n_77.7413745165813_12.9760310728492","properties":{"id":"kml_n_77.7413745165813_12.9760310728492","degree":1,"number":2715,"kind":"endpoint"},"geometry":{"type":"Point","coordinates":[77.7413745165813,12.9760310728492]}},{"type":"Feature","id":"kml_n_77.7418886690214_12.9694171712137","properties":{"id":"kml_n_77.7418886690214_12.9694171712137","degree":3,"number":2716,"kind":"junction_candidate"},"geometry":{"type":"Point","coordinates":[77.7418886690214,12.9694171712137]}},{"type":"Feature","id":"kml_n_77.741956276531_12.956987661917","properties":{"id":"kml_n_77.741956276531_12.956987661917","degree":3,"number":2717,"kind":"junction_candidate"},"geometry":{"type":"Point","coordinates":[77.741956276531,12.956987661917]}},{"type":"Feature","id":"kml_n_77.7426225427352_13.035262054767","properties":{"id":"kml_n_77.7426225427352_13.035262054767","degree":3,"number":2718,"kind":"junction_candidate"},"geometry":{"type":"Point","coordinates":[77.7426225427352,13.035262054767]}},{"type":"Feature","id":"kml_n_77.742672570317_12.9756700182595","properties":{"id":"kml_n_77.742672570317_12.9756700182595","degree":4,"number":2719,"kind":"junction_candidate"},"geometry":{"type":"Point","coordinates":[77.742672570317,12.9756700182595]}},{"type":"Feature","id":"kml_n_77.7427776354913_12.9691087313428","properties":{"id":"kml_n_77.7427776354913_12.9691087313428","degree":3,"number":2720,"kind":"junction_candidate"},"geometry":{"type":"Point","coordinates":[77.7427776354913,12.9691087313428]}},{"type":"Feature","id":"kml_n_77.7432051152743_13.0363447210446","properties":{"id":"kml_n_77.7432051152743_13.0363447210446","degree":4,"number":2721,"kind":"junction_candidate"},"geometry":{"type":"Point","coordinates":[77.7432051152743,13.0363447210446]}},{"type":"Feature","id":"kml_n_77.7432699588331_13.0071065161055","properties":{"id":"kml_n_77.7432699588331_13.0071065161055","degree":3,"number":2722,"kind":"junction_candidate"},"geometry":{"type":"Point","coordinates":[77.7432699588331,13.0071065161055]}},{"type":"Feature","id":"kml_n_77.7433821886516_12.998887945482","properties":{"id":"kml_n_77.7433821886516_12.998887945482","degree":3,"number":2723,"kind":"junction_candidate"},"geometry":{"type":"Point","coordinates":[77.7433821886516,12.998887945482]}},{"type":"Feature","id":"kml_n_77.7434614809536_13.0296572442401","properties":{"id":"kml_n_77.7434614809536_13.0296572442401","degree":1,"number":2724,"kind":"endpoint"},"geometry":{"type":"Point","coordinates":[77.7434614809536,13.0296572442401]}},{"type":"Feature","id":"kml_n_77.7434716852588_12.9781216234322","properties":{"id":"kml_n_77.7434716852588_12.9781216234322","degree":1,"number":2725,"kind":"endpoint"},"geometry":{"type":"Point","coordinates":[77.7434716852588,12.9781216234322]}},{"type":"Feature","id":"kml_n_77.7434716852885_12.9781216261419","properties":{"id":"kml_n_77.7434716852885_12.9781216261419","degree":3,"number":2726,"kind":"junction_candidate"},"geometry":{"type":"Point","coordinates":[77.7434716852885,12.9781216261419]}},{"type":"Feature","id":"kml_n_77.7436295735079_13.0071337956761","properties":{"id":"kml_n_77.7436295735079_13.0071337956761","degree":1,"number":2727,"kind":"endpoint"},"geometry":{"type":"Point","coordinates":[77.7436295735079,13.0071337956761]}},{"type":"Feature","id":"kml_n_77.7438119240509_12.9837767864164","properties":{"id":"kml_n_77.7438119240509_12.9837767864164","degree":3,"number":2728,"kind":"junction_candidate"},"geometry":{"type":"Point","coordinates":[77.7438119240509,12.9837767864164]}},{"type":"Feature","id":"kml_n_77.7438177509927_12.9836951411306","properties":{"id":"kml_n_77.7438177509927_12.9836951411306","degree":3,"number":2729,"kind":"junction_candidate"},"geometry":{"type":"Point","coordinates":[77.7438177509927,12.9836951411306]}},{"type":"Feature","id":"kml_n_77.7442804293711_13.0418753847596","properties":{"id":"kml_n_77.7442804293711_13.0418753847596","degree":3,"number":2730,"kind":"junction_candidate"},"geometry":{"type":"Point","coordinates":[77.7442804293711,13.0418753847596]}},{"type":"Feature","id":"kml_n_77.7449087755977_12.9778727173989","properties":{"id":"kml_n_77.7449087755977_12.9778727173989","degree":1,"number":2731,"kind":"endpoint"},"geometry":{"type":"Point","coordinates":[77.7449087755977,12.9778727173989]}},{"type":"Feature","id":"kml_n_77.7449087783608_12.9778727173697","properties":{"id":"kml_n_77.7449087783608_12.9778727173697","degree":1,"number":2732,"kind":"endpoint"},"geometry":{"type":"Point","coordinates":[77.7449087783608,12.9778727173697]}},{"type":"Feature","id":"kml_n_77.7449224562582_12.9863820023825","properties":{"id":"kml_n_77.7449224562582_12.9863820023825","degree":3,"number":2733,"kind":"junction_candidate"},"geometry":{"type":"Point","coordinates":[77.7449224562582,12.9863820023825]}},{"type":"Feature","id":"kml_n_77.7452199380304_12.9834023507284","properties":{"id":"kml_n_77.7452199380304_12.9834023507284","degree":4,"number":2734,"kind":"junction_candidate"},"geometry":{"type":"Point","coordinates":[77.7452199380304,12.9834023507284]}},{"type":"Feature","id":"kml_n_77.7454647930477_12.9988625558784","properties":{"id":"kml_n_77.7454647930477_12.9988625558784","degree":3,"number":2735,"kind":"junction_candidate"},"geometry":{"type":"Point","coordinates":[77.7454647930477,12.9988625558784]}},{"type":"Feature","id":"kml_n_77.7456667033576_12.9239713309197","properties":{"id":"kml_n_77.7456667033576_12.9239713309197","degree":3,"number":2736,"kind":"junction_candidate"},"geometry":{"type":"Point","coordinates":[77.7456667033576,12.9239713309197]}},{"type":"Feature","id":"kml_n_77.7456906963185_12.9574196861057","properties":{"id":"kml_n_77.7456906963185_12.9574196861057","degree":3,"number":2737,"kind":"junction_candidate"},"geometry":{"type":"Point","coordinates":[77.7456906963185,12.9574196861057]}},{"type":"Feature","id":"kml_n_77.7456950472372_12.9574330348633","properties":{"id":"kml_n_77.7456950472372_12.9574330348633","degree":1,"number":2738,"kind":"endpoint"},"geometry":{"type":"Point","coordinates":[77.7456950472372,12.9574330348633]}},{"type":"Feature","id":"kml_n_77.7460345773389_13.0175470000184","properties":{"id":"kml_n_77.7460345773389_13.0175470000184","degree":1,"number":2739,"kind":"endpoint"},"geometry":{"type":"Point","coordinates":[77.7460345773389,13.0175470000184]}},{"type":"Feature","id":"kml_n_77.7460593555554_13.0176148812159","properties":{"id":"kml_n_77.7460593555554_13.0176148812159","degree":1,"number":2740,"kind":"endpoint"},"geometry":{"type":"Point","coordinates":[77.7460593555554,13.0176148812159]}},{"type":"Feature","id":"kml_n_77.7462232506621_13.0220252246979","properties":{"id":"kml_n_77.7462232506621_13.0220252246979","degree":1,"number":2741,"kind":"endpoint"},"geometry":{"type":"Point","coordinates":[77.7462232506621,13.0220252246979]}},{"type":"Feature","id":"kml_n_77.7463284793656_12.9859211411949","properties":{"id":"kml_n_77.7463284793656_12.9859211411949","degree":3,"number":2742,"kind":"junction_candidate"},"geometry":{"type":"Point","coordinates":[77.7463284793656,12.9859211411949]}},{"type":"Feature","id":"kml_n_77.7464169790918_13.0352453977904","properties":{"id":"kml_n_77.7464169790918_13.0352453977904","degree":4,"number":2743,"kind":"junction_candidate"},"geometry":{"type":"Point","coordinates":[77.7464169790918,13.0352453977904]}},{"type":"Feature","id":"kml_n_77.7464668830428_13.0237917298367","properties":{"id":"kml_n_77.7464668830428_13.0237917298367","degree":1,"number":2744,"kind":"endpoint"},"geometry":{"type":"Point","coordinates":[77.7464668830428,13.0237917298367]}},{"type":"Feature","id":"kml_n_77.7465201935311_13.0195024434147","properties":{"id":"kml_n_77.7465201935311_13.0195024434147","degree":3,"number":2745,"kind":"junction_candidate"},"geometry":{"type":"Point","coordinates":[77.7465201935311,13.0195024434147]}},{"type":"Feature","id":"kml_n_77.7466493342554_12.9382511187026","properties":{"id":"kml_n_77.7466493342554_12.9382511187026","degree":3,"number":2746,"kind":"junction_candidate"},"geometry":{"type":"Point","coordinates":[77.7466493342554,12.9382511187026]}},{"type":"Feature","id":"kml_n_77.7466653451384_12.9380838348387","properties":{"id":"kml_n_77.7466653451384_12.9380838348387","degree":4,"number":2747,"kind":"junction_candidate"},"geometry":{"type":"Point","coordinates":[77.7466653451384,12.9380838348387]}},{"type":"Feature","id":"kml_n_77.7469558268662_12.9383583337217","properties":{"id":"kml_n_77.7469558268662_12.9383583337217","degree":3,"number":2748,"kind":"junction_candidate"},"geometry":{"type":"Point","coordinates":[77.7469558268662,12.9383583337217]}},{"type":"Feature","id":"kml_n_77.7469605203813_12.9444327978302","properties":{"id":"kml_n_77.7469605203813_12.9444327978302","degree":4,"number":2749,"kind":"junction_candidate"},"geometry":{"type":"Point","coordinates":[77.7469605203813,12.9444327978302]}},{"type":"Feature","id":"kml_n_77.7469618570907_12.9444499750972","properties":{"id":"kml_n_77.7469618570907_12.9444499750972","degree":4,"number":2750,"kind":"junction_candidate"},"geometry":{"type":"Point","coordinates":[77.7469618570907,12.9444499750972]}},{"type":"Feature","id":"kml_n_77.7469650496574_12.9442989797958","properties":{"id":"kml_n_77.7469650496574_12.9442989797958","degree":4,"number":2751,"kind":"junction_candidate"},"geometry":{"type":"Point","coordinates":[77.7469650496574,12.9442989797958]}},{"type":"Feature","id":"kml_n_77.7469659892995_12.9442539513127","properties":{"id":"kml_n_77.7469659892995_12.9442539513127","degree":4,"number":2752,"kind":"junction_candidate"},"geometry":{"type":"Point","coordinates":[77.7469659892995,12.9442539513127]}},{"type":"Feature","id":"kml_n_77.746968673264_12.944537542042","properties":{"id":"kml_n_77.746968673264_12.944537542042","degree":4,"number":2753,"kind":"junction_candidate"},"geometry":{"type":"Point","coordinates":[77.746968673264,12.944537542042]}},{"type":"Feature","id":"kml_n_77.7469688053609_12.9441191079869","properties":{"id":"kml_n_77.7469688053609_12.9441191079869","degree":4,"number":2754,"kind":"junction_candidate"},"geometry":{"type":"Point","coordinates":[77.7469688053609,12.9441191079869]}},{"type":"Feature","id":"kml_n_77.7469737735764_12.9438811164033","properties":{"id":"kml_n_77.7469737735764_12.9438811164033","degree":4,"number":2755,"kind":"junction_candidate"},"geometry":{"type":"Point","coordinates":[77.7469737735764,12.9438811164033]}},{"type":"Feature","id":"kml_n_77.7469740083047_12.9436234901533","properties":{"id":"kml_n_77.7469740083047_12.9436234901533","degree":4,"number":2756,"kind":"junction_candidate"},"geometry":{"type":"Point","coordinates":[77.7469740083047,12.9436234901533]}},{"type":"Feature","id":"kml_n_77.74697496107_12.9438242453016","properties":{"id":"kml_n_77.74697496107_12.9438242453016","degree":4,"number":2757,"kind":"junction_candidate"},"geometry":{"type":"Point","coordinates":[77.74697496107,12.9438242453016]}},{"type":"Feature","id":"kml_n_77.7469806316265_12.9433130454329","properties":{"id":"kml_n_77.7469806316265_12.9433130454329","degree":4,"number":2758,"kind":"junction_candidate"},"geometry":{"type":"Point","coordinates":[77.7469806316265,12.9433130454329]}},{"type":"Feature","id":"kml_n_77.7469834218839_12.9445792127531","properties":{"id":"kml_n_77.7469834218839_12.9445792127531","degree":4,"number":2759,"kind":"junction_candidate"},"geometry":{"type":"Point","coordinates":[77.7469834218839,12.9445792127531]}},{"type":"Feature","id":"kml_n_77.7469873755986_12.9445903805497","properties":{"id":"kml_n_77.7469873755986_12.9445903805497","degree":4,"number":2760,"kind":"junction_candidate"},"geometry":{"type":"Point","coordinates":[77.7469873755986,12.9445903805497]}},{"type":"Feature","id":"kml_n_77.7469877005735_12.9429817371147","properties":{"id":"kml_n_77.7469877005735_12.9429817371147","degree":4,"number":2761,"kind":"junction_candidate"},"geometry":{"type":"Point","coordinates":[77.7469877005735,12.9429817371147]}},{"type":"Feature","id":"kml_n_77.7469920784835_12.9428340933297","properties":{"id":"kml_n_77.7469920784835_12.9428340933297","degree":4,"number":2762,"kind":"junction_candidate"},"geometry":{"type":"Point","coordinates":[77.7469920784835,12.9428340933297]}},{"type":"Feature","id":"kml_n_77.7469985686871_12.9424899655634","properties":{"id":"kml_n_77.7469985686871_12.9424899655634","degree":4,"number":2763,"kind":"junction_candidate"},"geometry":{"type":"Point","coordinates":[77.7469985686871,12.9424899655634]}},{"type":"Feature","id":"kml_n_77.7470006961646_12.9424426409276","properties":{"id":"kml_n_77.7470006961646_12.9424426409276","degree":4,"number":2764,"kind":"junction_candidate"},"geometry":{"type":"Point","coordinates":[77.7470006961646,12.9424426409276]}},{"type":"Feature","id":"kml_n_77.7470010106445_12.9425327054883","properties":{"id":"kml_n_77.7470010106445_12.9425327054883","degree":4,"number":2765,"kind":"junction_candidate"},"geometry":{"type":"Point","coordinates":[77.7470010106445,12.9425327054883]}},{"type":"Feature","id":"kml_n_77.747009343638_12.9446590896359","properties":{"id":"kml_n_77.747009343638_12.9446590896359","degree":4,"number":2766,"kind":"junction_candidate"},"geometry":{"type":"Point","coordinates":[77.747009343638,12.9446590896359]}},{"type":"Feature","id":"kml_n_77.7470116395945_12.9422110009294","properties":{"id":"kml_n_77.7470116395945_12.9422110009294","degree":4,"number":2767,"kind":"junction_candidate"},"geometry":{"type":"Point","coordinates":[77.7470116395945,12.9422110009294]}},{"type":"Feature","id":"kml_n_77.7470216366365_12.9420700946041","properties":{"id":"kml_n_77.7470216366365_12.9420700946041","degree":4,"number":2768,"kind":"junction_candidate"},"geometry":{"type":"Point","coordinates":[77.7470216366365,12.9420700946041]}},{"type":"Feature","id":"kml_n_77.7470308781391_12.9446890764383","properties":{"id":"kml_n_77.7470308781391_12.9446890764383","degree":4,"number":2769,"kind":"junction_candidate"},"geometry":{"type":"Point","coordinates":[77.7470308781391,12.9446890764383]}},{"type":"Feature","id":"kml_n_77.7470446349778_12.9417459146119","properties":{"id":"kml_n_77.7470446349778_12.9417459146119","degree":4,"number":2770,"kind":"junction_candidate"},"geometry":{"type":"Point","coordinates":[77.7470446349778,12.9417459146119]}},{"type":"Feature","id":"kml_n_77.7470469600746_12.9416996456982","properties":{"id":"kml_n_77.7470469600746_12.9416996456982","degree":4,"number":2771,"kind":"junction_candidate"},"geometry":{"type":"Point","coordinates":[77.7470469600746,12.9416996456982]}},{"type":"Feature","id":"kml_n_77.7470652253865_12.9415322296902","properties":{"id":"kml_n_77.7470652253865_12.9415322296902","degree":4,"number":2772,"kind":"junction_candidate"},"geometry":{"type":"Point","coordinates":[77.7470652253865,12.9415322296902]}},{"type":"Feature","id":"kml_n_77.7470771115826_12.9447622342618","properties":{"id":"kml_n_77.7470771115826_12.9447622342618","degree":4,"number":2773,"kind":"junction_candidate"},"geometry":{"type":"Point","coordinates":[77.7470771115826,12.9447622342618]}},{"type":"Feature","id":"kml_n_77.7470979950214_12.9413221742725","properties":{"id":"kml_n_77.7470979950214_12.9413221742725","degree":4,"number":2774,"kind":"junction_candidate"},"geometry":{"type":"Point","coordinates":[77.7470979950214,12.9413221742725]}},{"type":"Feature","id":"kml_n_77.7471091101581_12.9412966860634","properties":{"id":"kml_n_77.7471091101581_12.9412966860634","degree":4,"number":2775,"kind":"junction_candidate"},"geometry":{"type":"Point","coordinates":[77.7471091101581,12.9412966860634]}},{"type":"Feature","id":"kml_n_77.7471335090483_12.941106728642","properties":{"id":"kml_n_77.7471335090483_12.941106728642","degree":4,"number":2776,"kind":"junction_candidate"},"geometry":{"type":"Point","coordinates":[77.7471335090483,12.941106728642]}},{"type":"Feature","id":"kml_n_77.7471347353169_12.9384998166923","properties":{"id":"kml_n_77.7471347353169_12.9384998166923","degree":3,"number":2777,"kind":"junction_candidate"},"geometry":{"type":"Point","coordinates":[77.7471347353169,12.9384998166923]}},{"type":"Feature","id":"kml_n_77.7471389317711_13.0067168133434","properties":{"id":"kml_n_77.7471389317711_13.0067168133434","degree":3,"number":2778,"kind":"junction_candidate"},"geometry":{"type":"Point","coordinates":[77.7471389317711,13.0067168133434]}},{"type":"Feature","id":"kml_n_77.7471540114698_12.9409292313352","properties":{"id":"kml_n_77.7471540114698_12.9409292313352","degree":4,"number":2779,"kind":"junction_candidate"},"geometry":{"type":"Point","coordinates":[77.7471540114698,12.9409292313352]}},{"type":"Feature","id":"kml_n_77.7471560121276_12.9385130657105","properties":{"id":"kml_n_77.7471560121276_12.9385130657105","degree":4,"number":2780,"kind":"junction_candidate"},"geometry":{"type":"Point","coordinates":[77.7471560121276,12.9385130657105]}},{"type":"Feature","id":"kml_n_77.7471691804041_12.9385188880455","properties":{"id":"kml_n_77.7471691804041_12.9385188880455","degree":4,"number":2781,"kind":"junction_candidate"},"geometry":{"type":"Point","coordinates":[77.7471691804041,12.9385188880455]}},{"type":"Feature","id":"kml_n_77.7471805316882_12.9406703713987","properties":{"id":"kml_n_77.7471805316882_12.9406703713987","degree":4,"number":2782,"kind":"junction_candidate"},"geometry":{"type":"Point","coordinates":[77.7471805316882,12.9406703713987]}},{"type":"Feature","id":"kml_n_77.7471953547403_12.9404997116756","properties":{"id":"kml_n_77.7471953547403_12.9404997116756","degree":4,"number":2783,"kind":"junction_candidate"},"geometry":{"type":"Point","coordinates":[77.7471953547403,12.9404997116756]}},{"type":"Feature","id":"kml_n_77.747205505021_12.9403753961952","properties":{"id":"kml_n_77.747205505021_12.9403753961952","degree":4,"number":2784,"kind":"junction_candidate"},"geometry":{"type":"Point","coordinates":[77.747205505021,12.9403753961952]}},{"type":"Feature","id":"kml_n_77.7472105365037_12.9403617940497","properties":{"id":"kml_n_77.7472105365037_12.9403617940497","degree":4,"number":2785,"kind":"junction_candidate"},"geometry":{"type":"Point","coordinates":[77.7472105365037,12.9403617940497]}},{"type":"Feature","id":"kml_n_77.7472120527083_12.9385744782192","properties":{"id":"kml_n_77.7472120527083_12.9385744782192","degree":4,"number":2786,"kind":"junction_candidate"},"geometry":{"type":"Point","coordinates":[77.7472120527083,12.9385744782192]}},{"type":"Feature","id":"kml_n_77.7472250089479_13.0380264103872","properties":{"id":"kml_n_77.7472250089479_13.0380264103872","degree":1,"number":2787,"kind":"endpoint"},"geometry":{"type":"Point","coordinates":[77.7472250089479,13.0380264103872]}},{"type":"Feature","id":"kml_n_77.7472329340697_12.9386019029098","properties":{"id":"kml_n_77.7472329340697_12.9386019029098","degree":4,"number":2788,"kind":"junction_candidate"},"geometry":{"type":"Point","coordinates":[77.7472329340697,12.9386019029098]}},{"type":"Feature","id":"kml_n_77.7472333363759_12.9402362142715","properties":{"id":"kml_n_77.7472333363759_12.9402362142715","degree":4,"number":2789,"kind":"junction_candidate"},"geometry":{"type":"Point","coordinates":[77.7472333363759,12.9402362142715]}},{"type":"Feature","id":"kml_n_77.7472383669546_12.9402226139423","properties":{"id":"kml_n_77.7472383669546_12.9402226139423","degree":4,"number":2790,"kind":"junction_candidate"},"geometry":{"type":"Point","coordinates":[77.7472383669546,12.9402226139423]}},{"type":"Feature","id":"kml_n_77.7472572447082_12.9450502620568","properties":{"id":"kml_n_77.7472572447082_12.9450502620568","degree":4,"number":2791,"kind":"junction_candidate"},"geometry":{"type":"Point","coordinates":[77.7472572447082,12.9450502620568]}},{"type":"Feature","id":"kml_n_77.7472631342827_12.940171539429","properties":{"id":"kml_n_77.7472631342827_12.940171539429","degree":4,"number":2792,"kind":"junction_candidate"},"geometry":{"type":"Point","coordinates":[77.7472631342827,12.940171539429]}},{"type":"Feature","id":"kml_n_77.7472703441749_13.0380080342504","properties":{"id":"kml_n_77.7472703441749_13.0380080342504","degree":1,"number":2793,"kind":"endpoint"},"geometry":{"type":"Point","coordinates":[77.7472703441749,13.0380080342504]}},{"type":"Feature","id":"kml_n_77.7472726597019_12.9401477265015","properties":{"id":"kml_n_77.7472726597019_12.9401477265015","degree":4,"number":2794,"kind":"junction_candidate"},"geometry":{"type":"Point","coordinates":[77.7472726597019,12.9401477265015]}},{"type":"Feature","id":"kml_n_77.7472886135156_12.9400936482506","properties":{"id":"kml_n_77.7472886135156_12.9400936482506","degree":4,"number":2795,"kind":"junction_candidate"},"geometry":{"type":"Point","coordinates":[77.7472886135156,12.9400936482506]}},{"type":"Feature","id":"kml_n_77.7473023452629_12.9387489768125","properties":{"id":"kml_n_77.7473023452629_12.9387489768125","degree":4,"number":2796,"kind":"junction_candidate"},"geometry":{"type":"Point","coordinates":[77.7473023452629,12.9387489768125]}},{"type":"Feature","id":"kml_n_77.7473133157278_12.9400246107134","properties":{"id":"kml_n_77.7473133157278_12.9400246107134","degree":4,"number":2797,"kind":"junction_candidate"},"geometry":{"type":"Point","coordinates":[77.7473133157278,12.9400246107134]}},{"type":"Feature","id":"kml_n_77.7473252626758_12.9399775385005","properties":{"id":"kml_n_77.7473252626758_12.9399775385005","degree":4,"number":2798,"kind":"junction_candidate"},"geometry":{"type":"Point","coordinates":[77.7473252626758,12.9399775385005]}},{"type":"Feature","id":"kml_n_77.7473444726148_12.9451993726084","properties":{"id":"kml_n_77.7473444726148_12.9451993726084","degree":4,"number":2799,"kind":"junction_candidate"},"geometry":{"type":"Point","coordinates":[77.7473444726148,12.9451993726084]}},{"type":"Feature","id":"kml_n_77.7473452224241_12.9399096466937","properties":{"id":"kml_n_77.7473452224241_12.9399096466937","degree":4,"number":2800,"kind":"junction_candidate"},"geometry":{"type":"Point","coordinates":[77.7473452224241,12.9399096466937]}},{"type":"Feature","id":"kml_n_77.7473586924287_12.9452366487122","properties":{"id":"kml_n_77.7473586924287_12.9452366487122","degree":3,"number":2801,"kind":"junction_candidate"},"geometry":{"type":"Point","coordinates":[77.7473586924287,12.9452366487122]}},{"type":"Feature","id":"kml_n_77.7473636924387_12.9389369013484","properties":{"id":"kml_n_77.7473636924387_12.9389369013484","degree":4,"number":2802,"kind":"junction_candidate"},"geometry":{"type":"Point","coordinates":[77.7473636924387,12.9389369013484]}},{"type":"Feature","id":"kml_n_77.7473818118516_12.9390367926155","properties":{"id":"kml_n_77.7473818118516_12.9390367926155","degree":4,"number":2803,"kind":"junction_candidate"},"geometry":{"type":"Point","coordinates":[77.7473818118516,12.9390367926155]}},{"type":"Feature","id":"kml_n_77.7473894425889_12.9390907234631","properties":{"id":"kml_n_77.7473894425889_12.9390907234631","degree":4,"number":2804,"kind":"junction_candidate"},"geometry":{"type":"Point","coordinates":[77.7473894425889,12.9390907234631]}},{"type":"Feature","id":"kml_n_77.7474011697363_12.9396201200661","properties":{"id":"kml_n_77.7474011697363_12.9396201200661","degree":4,"number":2805,"kind":"junction_candidate"},"geometry":{"type":"Point","coordinates":[77.7474011697363,12.9396201200661]}},{"type":"Feature","id":"kml_n_77.7474151406698_12.9392824093799","properties":{"id":"kml_n_77.7474151406698_12.9392824093799","degree":4,"number":2806,"kind":"junction_candidate"},"geometry":{"type":"Point","coordinates":[77.7474151406698,12.9392824093799]}},{"type":"Feature","id":"kml_n_77.7474170766802_12.9393015875417","properties":{"id":"kml_n_77.7474170766802_12.9393015875417","degree":4,"number":2807,"kind":"junction_candidate"},"geometry":{"type":"Point","coordinates":[77.7474170766802,12.9393015875417]}},{"type":"Feature","id":"kml_n_77.7474195834653_12.9393726969012","properties":{"id":"kml_n_77.7474195834653_12.9393726969012","degree":4,"number":2808,"kind":"junction_candidate"},"geometry":{"type":"Point","coordinates":[77.7474195834653,12.9393726969012]}},{"type":"Feature","id":"kml_n_77.7474204024671_12.9395205894091","properties":{"id":"kml_n_77.7474204024671_12.9395205894091","degree":4,"number":2809,"kind":"junction_candidate"},"geometry":{"type":"Point","coordinates":[77.7474204024671,12.9395205894091]}},{"type":"Feature","id":"kml_n_77.7474242168527_12.9394908882196","properties":{"id":"kml_n_77.7474242168527_12.9394908882196","degree":4,"number":2810,"kind":"junction_candidate"},"geometry":{"type":"Point","coordinates":[77.7474242168527,12.9394908882196]}},{"type":"Feature","id":"kml_n_77.7476534240652_12.9613041968186","properties":{"id":"kml_n_77.7476534240652_12.9613041968186","degree":3,"number":2811,"kind":"junction_candidate"},"geometry":{"type":"Point","coordinates":[77.7476534240652,12.9613041968186]}},{"type":"Feature","id":"kml_n_77.7477942535605_13.0380457406042","properties":{"id":"kml_n_77.7477942535605_13.0380457406042","degree":1,"number":2812,"kind":"endpoint"},"geometry":{"type":"Point","coordinates":[77.7477942535605,13.0380457406042]}},{"type":"Feature","id":"kml_n_77.7478990789863_13.0015937176218","properties":{"id":"kml_n_77.7478990789863_13.0015937176218","degree":3,"number":2813,"kind":"junction_candidate"},"geometry":{"type":"Point","coordinates":[77.7478990789863,13.0015937176218]}},{"type":"Feature","id":"kml_n_77.7481359799955_12.9984285975811","properties":{"id":"kml_n_77.7481359799955_12.9984285975811","degree":3,"number":2814,"kind":"junction_candidate"},"geometry":{"type":"Point","coordinates":[77.7481359799955,12.9984285975811]}},{"type":"Feature","id":"kml_n_77.7482087606207_13.0380089826184","properties":{"id":"kml_n_77.7482087606207_13.0380089826184","degree":3,"number":2815,"kind":"junction_candidate"},"geometry":{"type":"Point","coordinates":[77.7482087606207,13.0380089826184]}},{"type":"Feature","id":"kml_n_77.7485924402764_12.9373453735429","properties":{"id":"kml_n_77.7485924402764_12.9373453735429","degree":3,"number":2816,"kind":"junction_candidate"},"geometry":{"type":"Point","coordinates":[77.7485924402764,12.9373453735429]}},{"type":"Feature","id":"kml_n_77.7488114321525_12.9857983920172","properties":{"id":"kml_n_77.7488114321525_12.9857983920172","degree":1,"number":2817,"kind":"endpoint"},"geometry":{"type":"Point","coordinates":[77.7488114321525,12.9857983920172]}},{"type":"Feature","id":"kml_n_77.7490259560919_13.0273759978579","properties":{"id":"kml_n_77.7490259560919_13.0273759978579","degree":3,"number":2818,"kind":"junction_candidate"},"geometry":{"type":"Point","coordinates":[77.7490259560919,13.0273759978579]}},{"type":"Feature","id":"kml_n_77.7492860656325_13.006100127551","properties":{"id":"kml_n_77.7492860656325_13.006100127551","degree":1,"number":2819,"kind":"endpoint"},"geometry":{"type":"Point","coordinates":[77.7492860656325,13.006100127551]}},{"type":"Feature","id":"kml_n_77.7494017323863_13.0060943850855","properties":{"id":"kml_n_77.7494017323863_13.0060943850855","degree":3,"number":2820,"kind":"junction_candidate"},"geometry":{"type":"Point","coordinates":[77.7494017323863,13.0060943850855]}},{"type":"Feature","id":"kml_n_77.7495651918556_12.9678247128678","properties":{"id":"kml_n_77.7495651918556_12.9678247128678","degree":3,"number":2821,"kind":"junction_candidate"},"geometry":{"type":"Point","coordinates":[77.7495651918556,12.9678247128678]}},{"type":"Feature","id":"kml_n_77.7495749364929_12.9678845251346","properties":{"id":"kml_n_77.7495749364929_12.9678845251346","degree":3,"number":2822,"kind":"junction_candidate"},"geometry":{"type":"Point","coordinates":[77.7495749364929,12.9678845251346]}},{"type":"Feature","id":"kml_n_77.7497413656974_13.0458043545311","properties":{"id":"kml_n_77.7497413656974_13.0458043545311","degree":3,"number":2823,"kind":"junction_candidate"},"geometry":{"type":"Point","coordinates":[77.7497413656974,13.0458043545311]}},{"type":"Feature","id":"kml_n_77.7499612772025_12.9698266646148","properties":{"id":"kml_n_77.7499612772025_12.9698266646148","degree":3,"number":2824,"kind":"junction_candidate"},"geometry":{"type":"Point","coordinates":[77.7499612772025,12.9698266646148]}},{"type":"Feature","id":"kml_n_77.7499716134719_13.0459849012005","properties":{"id":"kml_n_77.7499716134719_13.0459849012005","degree":3,"number":2825,"kind":"junction_candidate"},"geometry":{"type":"Point","coordinates":[77.7499716134719,13.0459849012005]}},{"type":"Feature","id":"kml_n_77.7499786215083_13.0156508558007","properties":{"id":"kml_n_77.7499786215083_13.0156508558007","degree":3,"number":2826,"kind":"junction_candidate"},"geometry":{"type":"Point","coordinates":[77.7499786215083,13.0156508558007]}},{"type":"Feature","id":"kml_n_77.7502580085782_12.9722579513167","properties":{"id":"kml_n_77.7502580085782_12.9722579513167","degree":3,"number":2827,"kind":"junction_candidate"},"geometry":{"type":"Point","coordinates":[77.7502580085782,12.9722579513167]}},{"type":"Feature","id":"kml_n_77.7503646233518_13.0462922587277","properties":{"id":"kml_n_77.7503646233518_13.0462922587277","degree":3,"number":2828,"kind":"junction_candidate"},"geometry":{"type":"Point","coordinates":[77.7503646233518,13.0462922587277]}},{"type":"Feature","id":"kml_n_77.7509434295734_12.9979693377594","properties":{"id":"kml_n_77.7509434295734_12.9979693377594","degree":3,"number":2829,"kind":"junction_candidate"},"geometry":{"type":"Point","coordinates":[77.7509434295734,12.9979693377594]}},{"type":"Feature","id":"kml_n_77.7511437614893_12.9773682855035","properties":{"id":"kml_n_77.7511437614893_12.9773682855035","degree":3,"number":2830,"kind":"junction_candidate"},"geometry":{"type":"Point","coordinates":[77.7511437614893,12.9773682855035]}},{"type":"Feature","id":"kml_n_77.7511437642523_12.9773682854742","properties":{"id":"kml_n_77.7511437642523_12.9773682854742","degree":1,"number":2831,"kind":"endpoint"},"geometry":{"type":"Point","coordinates":[77.7511437642523,12.9773682854742]}},{"type":"Feature","id":"kml_n_77.7516334942217_12.9355743809401","properties":{"id":"kml_n_77.7516334942217_12.9355743809401","degree":4,"number":2832,"kind":"junction_candidate"},"geometry":{"type":"Point","coordinates":[77.7516334942217,12.9355743809401]}},{"type":"Feature","id":"kml_n_77.7516726478025_12.9800164401785","properties":{"id":"kml_n_77.7516726478025_12.9800164401785","degree":3,"number":2833,"kind":"junction_candidate"},"geometry":{"type":"Point","coordinates":[77.7516726478025,12.9800164401785]}},{"type":"Feature","id":"kml_n_77.7518986405809_13.0620023362228","properties":{"id":"kml_n_77.7518986405809_13.0620023362228","degree":1,"number":2834,"kind":"endpoint"},"geometry":{"type":"Point","coordinates":[77.7518986405809,13.0620023362228]}},{"type":"Feature","id":"kml_n_77.7519335978031_13.0620163222712","properties":{"id":"kml_n_77.7519335978031_13.0620163222712","degree":1,"number":2835,"kind":"endpoint"},"geometry":{"type":"Point","coordinates":[77.7519335978031,13.0620163222712]}},{"type":"Feature","id":"kml_n_77.7519826748311_12.9816578490192","properties":{"id":"kml_n_77.7519826748311_12.9816578490192","degree":3,"number":2836,"kind":"junction_candidate"},"geometry":{"type":"Point","coordinates":[77.7519826748311,12.9816578490192]}},{"type":"Feature","id":"kml_n_77.7519988706832_12.9353826038449","properties":{"id":"kml_n_77.7519988706832_12.9353826038449","degree":1,"number":2837,"kind":"endpoint"},"geometry":{"type":"Point","coordinates":[77.7519988706832,12.9353826038449]}},{"type":"Feature","id":"kml_n_77.7521816445469_12.9669792223239","properties":{"id":"kml_n_77.7521816445469_12.9669792223239","degree":3,"number":2838,"kind":"junction_candidate"},"geometry":{"type":"Point","coordinates":[77.7521816445469,12.9669792223239]}},{"type":"Feature","id":"kml_n_77.7523616270764_12.8832866175246","properties":{"id":"kml_n_77.7523616270764_12.8832866175246","degree":3,"number":2839,"kind":"junction_candidate"},"geometry":{"type":"Point","coordinates":[77.7523616270764,12.8832866175246]}},{"type":"Feature","id":"kml_n_77.7524128994474_12.9669665175372","properties":{"id":"kml_n_77.7524128994474_12.9669665175372","degree":1,"number":2840,"kind":"endpoint"},"geometry":{"type":"Point","coordinates":[77.7524128994474,12.9669665175372]}},{"type":"Feature","id":"kml_n_77.7524655254882_12.9837373858491","properties":{"id":"kml_n_77.7524655254882_12.9837373858491","degree":3,"number":2841,"kind":"junction_candidate"},"geometry":{"type":"Point","coordinates":[77.7524655254882,12.9837373858491]}},{"type":"Feature","id":"kml_n_77.7524656926276_12.9570433475288","properties":{"id":"kml_n_77.7524656926276_12.9570433475288","degree":1,"number":2842,"kind":"endpoint"},"geometry":{"type":"Point","coordinates":[77.7524656926276,12.9570433475288]}},{"type":"Feature","id":"kml_n_77.7524898460322_12.9837869612477","properties":{"id":"kml_n_77.7524898460322_12.9837869612477","degree":3,"number":2843,"kind":"junction_candidate"},"geometry":{"type":"Point","coordinates":[77.7524898460322,12.9837869612477]}},{"type":"Feature","id":"kml_n_77.7526274375501_13.0260037634082","properties":{"id":"kml_n_77.7526274375501_13.0260037634082","degree":3,"number":2844,"kind":"junction_candidate"},"geometry":{"type":"Point","coordinates":[77.7526274375501,13.0260037634082]}},{"type":"Feature","id":"kml_n_77.7527215213775_12.9622900560361","properties":{"id":"kml_n_77.7527215213775_12.9622900560361","degree":1,"number":2845,"kind":"endpoint"},"geometry":{"type":"Point","coordinates":[77.7527215213775,12.9622900560361]}},{"type":"Feature","id":"kml_n_77.7527300364597_12.9623015240684","properties":{"id":"kml_n_77.7527300364597_12.9623015240684","degree":1,"number":2846,"kind":"endpoint"},"geometry":{"type":"Point","coordinates":[77.7527300364597,12.9623015240684]}},{"type":"Feature","id":"kml_n_77.752945857978_13.0372744486001","properties":{"id":"kml_n_77.752945857978_13.0372744486001","degree":3,"number":2847,"kind":"junction_candidate"},"geometry":{"type":"Point","coordinates":[77.752945857978,13.0372744486001]}},{"type":"Feature","id":"kml_n_77.7530405603402_13.0372678245094","properties":{"id":"kml_n_77.7530405603402_13.0372678245094","degree":1,"number":2848,"kind":"endpoint"},"geometry":{"type":"Point","coordinates":[77.7530405603402,13.0372678245094]}},{"type":"Feature","id":"kml_n_77.7534652456628_13.0045435226057","properties":{"id":"kml_n_77.7534652456628_13.0045435226057","degree":3,"number":2849,"kind":"junction_candidate"},"geometry":{"type":"Point","coordinates":[77.7534652456628,13.0045435226057]}},{"type":"Feature","id":"kml_n_77.7536079696508_12.964947048377","properties":{"id":"kml_n_77.7536079696508_12.964947048377","degree":1,"number":2850,"kind":"endpoint"},"geometry":{"type":"Point","coordinates":[77.7536079696508,12.964947048377]}},{"type":"Feature","id":"kml_n_77.7536205592492_12.9649475953467","properties":{"id":"kml_n_77.7536205592492_12.9649475953467","degree":1,"number":2851,"kind":"endpoint"},"geometry":{"type":"Point","coordinates":[77.7536205592492,12.9649475953467]}},{"type":"Feature","id":"kml_n_77.7539266188535_12.9693623533112","properties":{"id":"kml_n_77.7539266188535_12.9693623533112","degree":3,"number":2852,"kind":"junction_candidate"},"geometry":{"type":"Point","coordinates":[77.7539266188535,12.9693623533112]}},{"type":"Feature","id":"kml_n_77.753957543282_12.9643539519557","properties":{"id":"kml_n_77.753957543282_12.9643539519557","degree":3,"number":2853,"kind":"junction_candidate"},"geometry":{"type":"Point","coordinates":[77.753957543282,12.9643539519557]}},{"type":"Feature","id":"kml_n_77.753992463139_12.96436429855","properties":{"id":"kml_n_77.753992463139_12.96436429855","degree":3,"number":2854,"kind":"junction_candidate"},"geometry":{"type":"Point","coordinates":[77.753992463139,12.96436429855]}},{"type":"Feature","id":"kml_n_77.7540588841495_12.9693011064965","properties":{"id":"kml_n_77.7540588841495_12.9693011064965","degree":3,"number":2855,"kind":"junction_candidate"},"geometry":{"type":"Point","coordinates":[77.7540588841495,12.9693011064965]}},{"type":"Feature","id":"kml_n_77.7540878239797_12.9636661752215","properties":{"id":"kml_n_77.7540878239797_12.9636661752215","degree":3,"number":2856,"kind":"junction_candidate"},"geometry":{"type":"Point","coordinates":[77.7540878239797,12.9636661752215]}},{"type":"Feature","id":"kml_n_77.7541020449476_12.9636713480224","properties":{"id":"kml_n_77.7541020449476_12.9636713480224","degree":1,"number":2857,"kind":"endpoint"},"geometry":{"type":"Point","coordinates":[77.7541020449476,12.9636713480224]}},{"type":"Feature","id":"kml_n_77.7541318388092_13.0488630585762","properties":{"id":"kml_n_77.7541318388092_13.0488630585762","degree":1,"number":2858,"kind":"endpoint"},"geometry":{"type":"Point","coordinates":[77.7541318388092,13.0488630585762]}},{"type":"Feature","id":"kml_n_77.7541720568434_13.0045431360608","properties":{"id":"kml_n_77.7541720568434_13.0045431360608","degree":1,"number":2859,"kind":"endpoint"},"geometry":{"type":"Point","coordinates":[77.7541720568434,13.0045431360608]}},{"type":"Feature","id":"kml_n_77.7542509400171_13.00458418321","properties":{"id":"kml_n_77.7542509400171_13.00458418321","degree":1,"number":2860,"kind":"endpoint"},"geometry":{"type":"Point","coordinates":[77.7542509400171,13.00458418321]}},{"type":"Feature","id":"kml_n_77.754271981538_13.0306264503431","properties":{"id":"kml_n_77.754271981538_13.0306264503431","degree":4,"number":2861,"kind":"junction_candidate"},"geometry":{"type":"Point","coordinates":[77.754271981538,13.0306264503431]}},{"type":"Feature","id":"kml_n_77.7545940836307_12.9727314706363","properties":{"id":"kml_n_77.7545940836307_12.9727314706363","degree":3,"number":2862,"kind":"junction_candidate"},"geometry":{"type":"Point","coordinates":[77.7545940836307,12.9727314706363]}},{"type":"Feature","id":"kml_n_77.7550124796518_13.0132217153866","properties":{"id":"kml_n_77.7550124796518_13.0132217153866","degree":1,"number":2863,"kind":"endpoint"},"geometry":{"type":"Point","coordinates":[77.7550124796518,13.0132217153866]}},{"type":"Feature","id":"kml_n_77.7550126041075_13.0132216399915","properties":{"id":"kml_n_77.7550126041075_13.0132216399915","degree":1,"number":2864,"kind":"endpoint"},"geometry":{"type":"Point","coordinates":[77.7550126041075,13.0132216399915]}},{"type":"Feature","id":"kml_n_77.7553271607551_12.9767524637985","properties":{"id":"kml_n_77.7553271607551_12.9767524637985","degree":3,"number":2865,"kind":"junction_candidate"},"geometry":{"type":"Point","coordinates":[77.7553271607551,12.9767524637985]}},{"type":"Feature","id":"kml_n_77.7554056610281_12.9769291454748","properties":{"id":"kml_n_77.7554056610281_12.9769291454748","degree":1,"number":2866,"kind":"endpoint"},"geometry":{"type":"Point","coordinates":[77.7554056610281,12.9769291454748]}},{"type":"Feature","id":"kml_n_77.7555613108852_12.9751018810421","properties":{"id":"kml_n_77.7555613108852_12.9751018810421","degree":1,"number":2867,"kind":"endpoint"},"geometry":{"type":"Point","coordinates":[77.7555613108852,12.9751018810421]}},{"type":"Feature","id":"kml_n_77.755577366044_12.9750960641874","properties":{"id":"kml_n_77.755577366044_12.9750960641874","degree":1,"number":2868,"kind":"endpoint"},"geometry":{"type":"Point","coordinates":[77.755577366044,12.9750960641874]}},{"type":"Feature","id":"kml_n_77.7563273624248_12.9766958049893","properties":{"id":"kml_n_77.7563273624248_12.9766958049893","degree":3,"number":2869,"kind":"junction_candidate"},"geometry":{"type":"Point","coordinates":[77.7563273624248,12.9766958049893]}},{"type":"Feature","id":"kml_n_77.7563778936571_12.9609876008503","properties":{"id":"kml_n_77.7563778936571_12.9609876008503","degree":1,"number":2870,"kind":"endpoint"},"geometry":{"type":"Point","coordinates":[77.7563778936571,12.9609876008503]}},{"type":"Feature","id":"kml_n_77.7565200535271_12.965162508073","properties":{"id":"kml_n_77.7565200535271_12.965162508073","degree":3,"number":2871,"kind":"junction_candidate"},"geometry":{"type":"Point","coordinates":[77.7565200535271,12.965162508073]}},{"type":"Feature","id":"kml_n_77.7566536091719_13.0255549862803","properties":{"id":"kml_n_77.7566536091719_13.0255549862803","degree":3,"number":2872,"kind":"junction_candidate"},"geometry":{"type":"Point","coordinates":[77.7566536091719,13.0255549862803]}},{"type":"Feature","id":"kml_n_77.7567841370251_12.9650692789945","properties":{"id":"kml_n_77.7567841370251_12.9650692789945","degree":1,"number":2873,"kind":"endpoint"},"geometry":{"type":"Point","coordinates":[77.7567841370251,12.9650692789945]}},{"type":"Feature","id":"kml_n_77.756843954637_12.9659817286076","properties":{"id":"kml_n_77.756843954637_12.9659817286076","degree":1,"number":2874,"kind":"endpoint"},"geometry":{"type":"Point","coordinates":[77.756843954637,12.9659817286076]}},{"type":"Feature","id":"kml_n_77.7570745193156_12.9766997573324","properties":{"id":"kml_n_77.7570745193156_12.9766997573324","degree":3,"number":2875,"kind":"junction_candidate"},"geometry":{"type":"Point","coordinates":[77.7570745193156,12.9766997573324]}},{"type":"Feature","id":"kml_n_77.7572286133575_13.01948371704","properties":{"id":"kml_n_77.7572286133575_13.01948371704","degree":3,"number":2876,"kind":"junction_candidate"},"geometry":{"type":"Point","coordinates":[77.7572286133575,13.01948371704]}},{"type":"Feature","id":"kml_n_77.7572716351822_13.0233397335477","properties":{"id":"kml_n_77.7572716351822_13.0233397335477","degree":4,"number":2877,"kind":"junction_candidate"},"geometry":{"type":"Point","coordinates":[77.7572716351822,13.0233397335477]}},{"type":"Feature","id":"kml_n_77.7573554608434_13.0193424834098","properties":{"id":"kml_n_77.7573554608434_13.0193424834098","degree":3,"number":2878,"kind":"junction_candidate"},"geometry":{"type":"Point","coordinates":[77.7573554608434,13.0193424834098]}},{"type":"Feature","id":"kml_n_77.7575106328228_13.0317534045669","properties":{"id":"kml_n_77.7575106328228_13.0317534045669","degree":3,"number":2879,"kind":"junction_candidate"},"geometry":{"type":"Point","coordinates":[77.7575106328228,13.0317534045669]}},{"type":"Feature","id":"kml_n_77.757683045948_12.9797247363238","properties":{"id":"kml_n_77.757683045948_12.9797247363238","degree":4,"number":2880,"kind":"junction_candidate"},"geometry":{"type":"Point","coordinates":[77.757683045948,12.9797247363238]}},{"type":"Feature","id":"kml_n_77.7578164446921_13.0233785893189","properties":{"id":"kml_n_77.7578164446921_13.0233785893189","degree":1,"number":2881,"kind":"endpoint"},"geometry":{"type":"Point","coordinates":[77.7578164446921,13.0233785893189]}},{"type":"Feature","id":"kml_n_77.7578628396786_12.9677991875516","properties":{"id":"kml_n_77.7578628396786_12.9677991875516","degree":1,"number":2882,"kind":"endpoint"},"geometry":{"type":"Point","coordinates":[77.7578628396786,12.9677991875516]}},{"type":"Feature","id":"kml_n_77.7581634295071_12.9824432763419","properties":{"id":"kml_n_77.7581634295071_12.9824432763419","degree":3,"number":2883,"kind":"junction_candidate"},"geometry":{"type":"Point","coordinates":[77.7581634295071,12.9824432763419]}},{"type":"Feature","id":"kml_n_77.7583095233147_12.9977731700341","properties":{"id":"kml_n_77.7583095233147_12.9977731700341","degree":3,"number":2884,"kind":"junction_candidate"},"geometry":{"type":"Point","coordinates":[77.7583095233147,12.9977731700341]}},{"type":"Feature","id":"kml_n_77.7583216067532_12.9824475051581","properties":{"id":"kml_n_77.7583216067532_12.9824475051581","degree":3,"number":2885,"kind":"junction_candidate"},"geometry":{"type":"Point","coordinates":[77.7583216067532,12.9824475051581]}},{"type":"Feature","id":"kml_n_77.7585827511033_13.0321077143342","properties":{"id":"kml_n_77.7585827511033_13.0321077143342","degree":3,"number":2886,"kind":"junction_candidate"},"geometry":{"type":"Point","coordinates":[77.7585827511033,13.0321077143342]}},{"type":"Feature","id":"kml_n_77.7586144401279_13.0321966393888","properties":{"id":"kml_n_77.7586144401279_13.0321966393888","degree":3,"number":2887,"kind":"junction_candidate"},"geometry":{"type":"Point","coordinates":[77.7586144401279,13.0321966393888]}},{"type":"Feature","id":"kml_n_77.7590010437076_13.0345686154553","properties":{"id":"kml_n_77.7590010437076_13.0345686154553","degree":3,"number":2888,"kind":"junction_candidate"},"geometry":{"type":"Point","coordinates":[77.7590010437076,13.0345686154553]}},{"type":"Feature","id":"kml_n_77.7591606723825_12.8806531458745","properties":{"id":"kml_n_77.7591606723825_12.8806531458745","degree":1,"number":2889,"kind":"endpoint"},"geometry":{"type":"Point","coordinates":[77.7591606723825,12.8806531458745]}},{"type":"Feature","id":"kml_n_77.759788719324_13.0379791023802","properties":{"id":"kml_n_77.759788719324_13.0379791023802","degree":3,"number":2890,"kind":"junction_candidate"},"geometry":{"type":"Point","coordinates":[77.759788719324,13.0379791023802]}},{"type":"Feature","id":"kml_n_77.7597927713507_12.987988218238","properties":{"id":"kml_n_77.7597927713507_12.987988218238","degree":1,"number":2891,"kind":"endpoint"},"geometry":{"type":"Point","coordinates":[77.7597927713507,12.987988218238]}},{"type":"Feature","id":"kml_n_77.7598920717333_13.016187277752","properties":{"id":"kml_n_77.7598920717333_13.016187277752","degree":4,"number":2892,"kind":"junction_candidate"},"geometry":{"type":"Point","coordinates":[77.7598920717333,13.016187277752]}},{"type":"Feature","id":"kml_n_77.7599197644254_12.9649998741292","properties":{"id":"kml_n_77.7599197644254_12.9649998741292","degree":3,"number":2893,"kind":"junction_candidate"},"geometry":{"type":"Point","coordinates":[77.7599197644254,12.9649998741292]}},{"type":"Feature","id":"kml_n_77.7603876882165_13.0440723726225","properties":{"id":"kml_n_77.7603876882165_13.0440723726225","degree":4,"number":2894,"kind":"junction_candidate"},"geometry":{"type":"Point","coordinates":[77.7603876882165,13.0440723726225]}},{"type":"Feature","id":"kml_n_77.76050687075_12.975847244769","properties":{"id":"kml_n_77.76050687075_12.975847244769","degree":4,"number":2895,"kind":"junction_candidate"},"geometry":{"type":"Point","coordinates":[77.76050687075,12.975847244769]}},{"type":"Feature","id":"kml_n_77.7608058467012_12.9754543014386","properties":{"id":"kml_n_77.7608058467012_12.9754543014386","degree":1,"number":2896,"kind":"endpoint"},"geometry":{"type":"Point","coordinates":[77.7608058467012,12.9754543014386]}},{"type":"Feature","id":"kml_n_77.7611286141619_13.0134589558645","properties":{"id":"kml_n_77.7611286141619_13.0134589558645","degree":4,"number":2897,"kind":"junction_candidate"},"geometry":{"type":"Point","coordinates":[77.7611286141619,13.0134589558645]}},{"type":"Feature","id":"kml_n_77.7612186895743_13.0131909162296","properties":{"id":"kml_n_77.7612186895743_13.0131909162296","degree":4,"number":2898,"kind":"junction_candidate"},"geometry":{"type":"Point","coordinates":[77.7612186895743,13.0131909162296]}},{"type":"Feature","id":"kml_n_77.7612774535414_12.963560065944","properties":{"id":"kml_n_77.7612774535414_12.963560065944","degree":3,"number":2899,"kind":"junction_candidate"},"geometry":{"type":"Point","coordinates":[77.7612774535414,12.963560065944]}},{"type":"Feature","id":"kml_n_77.7613414537817_13.0131414374781","properties":{"id":"kml_n_77.7613414537817_13.0131414374781","degree":4,"number":2900,"kind":"junction_candidate"},"geometry":{"type":"Point","coordinates":[77.7613414537817,13.0131414374781]}},{"type":"Feature","id":"kml_n_77.7613930176153_13.0140740377959","properties":{"id":"kml_n_77.7613930176153_13.0140740377959","degree":3,"number":2901,"kind":"junction_candidate"},"geometry":{"type":"Point","coordinates":[77.7613930176153,13.0140740377959]}},{"type":"Feature","id":"kml_n_77.7614354655528_12.9647647297973","properties":{"id":"kml_n_77.7614354655528_12.9647647297973","degree":4,"number":2902,"kind":"junction_candidate"},"geometry":{"type":"Point","coordinates":[77.7614354655528,12.9647647297973]}},{"type":"Feature","id":"kml_n_77.7615751486456_13.0130453826673","properties":{"id":"kml_n_77.7615751486456_13.0130453826673","degree":4,"number":2903,"kind":"junction_candidate"},"geometry":{"type":"Point","coordinates":[77.7615751486456,13.0130453826673]}},{"type":"Feature","id":"kml_n_77.7616079217952_12.9668650158495","properties":{"id":"kml_n_77.7616079217952_12.9668650158495","degree":3,"number":2904,"kind":"junction_candidate"},"geometry":{"type":"Point","coordinates":[77.7616079217952,12.9668650158495]}},{"type":"Feature","id":"kml_n_77.7617898642322_13.0129629884041","properties":{"id":"kml_n_77.7617898642322_13.0129629884041","degree":4,"number":2905,"kind":"junction_candidate"},"geometry":{"type":"Point","coordinates":[77.7617898642322,13.0129629884041]}},{"type":"Feature","id":"kml_n_77.7618049664566_13.0236893340543","properties":{"id":"kml_n_77.7618049664566_13.0236893340543","degree":1,"number":2906,"kind":"endpoint"},"geometry":{"type":"Point","coordinates":[77.7618049664566,13.0236893340543]}},{"type":"Feature","id":"kml_n_77.7618857048068_13.012919475377","properties":{"id":"kml_n_77.7618857048068_13.012919475377","degree":4,"number":2907,"kind":"junction_candidate"},"geometry":{"type":"Point","coordinates":[77.7618857048068,13.012919475377]}},{"type":"Feature","id":"kml_n_77.7619055408012_13.0129094910687","properties":{"id":"kml_n_77.7619055408012_13.0129094910687","degree":4,"number":2908,"kind":"junction_candidate"},"geometry":{"type":"Point","coordinates":[77.7619055408012,13.0129094910687]}},{"type":"Feature","id":"kml_n_77.7620436532396_13.0128359674694","properties":{"id":"kml_n_77.7620436532396_13.0128359674694","degree":4,"number":2909,"kind":"junction_candidate"},"geometry":{"type":"Point","coordinates":[77.7620436532396,13.0128359674694]}},{"type":"Feature","id":"kml_n_77.7621607870713_13.0197802341958","properties":{"id":"kml_n_77.7621607870713_13.0197802341958","degree":3,"number":2910,"kind":"junction_candidate"},"geometry":{"type":"Point","coordinates":[77.7621607870713,13.0197802341958]}},{"type":"Feature","id":"kml_n_77.7622548947256_13.0127236648187","properties":{"id":"kml_n_77.7622548947256_13.0127236648187","degree":4,"number":2911,"kind":"junction_candidate"},"geometry":{"type":"Point","coordinates":[77.7622548947256,13.0127236648187]}},{"type":"Feature","id":"kml_n_77.7624538570238_12.9718452700471","properties":{"id":"kml_n_77.7624538570238_12.9718452700471","degree":3,"number":2912,"kind":"junction_candidate"},"geometry":{"type":"Point","coordinates":[77.7624538570238,12.9718452700471]}},{"type":"Feature","id":"kml_n_77.7624579637592_12.9697917766957","properties":{"id":"kml_n_77.7624579637592_12.9697917766957","degree":1,"number":2913,"kind":"endpoint"},"geometry":{"type":"Point","coordinates":[77.7624579637592,12.9697917766957]}},{"type":"Feature","id":"kml_n_77.7624604966819_12.9704134325802","properties":{"id":"kml_n_77.7624604966819_12.9704134325802","degree":1,"number":2914,"kind":"endpoint"},"geometry":{"type":"Point","coordinates":[77.7624604966819,12.9704134325802]}},{"type":"Feature","id":"kml_n_77.7624666133805_12.9704461121484","properties":{"id":"kml_n_77.7624666133805_12.9704461121484","degree":3,"number":2915,"kind":"junction_candidate"},"geometry":{"type":"Point","coordinates":[77.7624666133805,12.9704461121484]}},{"type":"Feature","id":"kml_n_77.7624877830741_13.0126023746298","properties":{"id":"kml_n_77.7624877830741_13.0126023746298","degree":4,"number":2916,"kind":"junction_candidate"},"geometry":{"type":"Point","coordinates":[77.7624877830741,13.0126023746298]}},{"type":"Feature","id":"kml_n_77.7627662419631_13.0124627229454","properties":{"id":"kml_n_77.7627662419631_13.0124627229454","degree":4,"number":2917,"kind":"junction_candidate"},"geometry":{"type":"Point","coordinates":[77.7627662419631,13.0124627229454]}},{"type":"Feature","id":"kml_n_77.7630319465765_13.0123338444158","properties":{"id":"kml_n_77.7630319465765_13.0123338444158","degree":4,"number":2918,"kind":"junction_candidate"},"geometry":{"type":"Point","coordinates":[77.7630319465765,13.0123338444158]}},{"type":"Feature","id":"kml_n_77.7630357912311_12.9753857175087","properties":{"id":"kml_n_77.7630357912311_12.9753857175087","degree":3,"number":2919,"kind":"junction_candidate"},"geometry":{"type":"Point","coordinates":[77.7630357912311,12.9753857175087]}},{"type":"Feature","id":"kml_n_77.7630487492922_12.9667297648487","properties":{"id":"kml_n_77.7630487492922_12.9667297648487","degree":4,"number":2920,"kind":"junction_candidate"},"geometry":{"type":"Point","coordinates":[77.7630487492922,12.9667297648487]}},{"type":"Feature","id":"kml_n_77.763259191086_12.9752816048656","properties":{"id":"kml_n_77.763259191086_12.9752816048656","degree":1,"number":2921,"kind":"endpoint"},"geometry":{"type":"Point","coordinates":[77.763259191086,12.9752816048656]}},{"type":"Feature","id":"kml_n_77.7632619863783_12.9753753562034","properties":{"id":"kml_n_77.7632619863783_12.9753753562034","degree":4,"number":2922,"kind":"junction_candidate"},"geometry":{"type":"Point","coordinates":[77.7632619863783,12.9753753562034]}},{"type":"Feature","id":"kml_n_77.7632652888692_12.9655907993504","properties":{"id":"kml_n_77.7632652888692_12.9655907993504","degree":3,"number":2923,"kind":"junction_candidate"},"geometry":{"type":"Point","coordinates":[77.7632652888692,12.9655907993504]}},{"type":"Feature","id":"kml_n_77.7635722973024_13.0121071757931","properties":{"id":"kml_n_77.7635722973024_13.0121071757931","degree":4,"number":2924,"kind":"junction_candidate"},"geometry":{"type":"Point","coordinates":[77.7635722973024,13.0121071757931]}},{"type":"Feature","id":"kml_n_77.7638075685913_13.0120333557753","properties":{"id":"kml_n_77.7638075685913_13.0120333557753","degree":4,"number":2925,"kind":"junction_candidate"},"geometry":{"type":"Point","coordinates":[77.7638075685913,13.0120333557753]}},{"type":"Feature","id":"kml_n_77.7638624993922_13.0120192765227","properties":{"id":"kml_n_77.7638624993922_13.0120192765227","degree":4,"number":2926,"kind":"junction_candidate"},"geometry":{"type":"Point","coordinates":[77.7638624993922,13.0120192765227]}},{"type":"Feature","id":"kml_n_77.7639498495603_12.9827455997322","properties":{"id":"kml_n_77.7639498495603_12.9827455997322","degree":3,"number":2927,"kind":"junction_candidate"},"geometry":{"type":"Point","coordinates":[77.7639498495603,12.9827455997322]}},{"type":"Feature","id":"kml_n_77.7640299013534_12.9761151533359","properties":{"id":"kml_n_77.7640299013534_12.9761151533359","degree":1,"number":2928,"kind":"endpoint"},"geometry":{"type":"Point","coordinates":[77.7640299013534,12.9761151533359]}},{"type":"Feature","id":"kml_n_77.7640872725708_13.0119989290416","properties":{"id":"kml_n_77.7640872725708_13.0119989290416","degree":4,"number":2929,"kind":"junction_candidate"},"geometry":{"type":"Point","coordinates":[77.7640872725708,13.0119989290416]}},{"type":"Feature","id":"kml_n_77.7643674409418_13.0119621963158","properties":{"id":"kml_n_77.7643674409418_13.0119621963158","degree":4,"number":2930,"kind":"junction_candidate"},"geometry":{"type":"Point","coordinates":[77.7643674409418,13.0119621963158]}},{"type":"Feature","id":"kml_n_77.7644487533884_12.9673164452121","properties":{"id":"kml_n_77.7644487533884_12.9673164452121","degree":3,"number":2931,"kind":"junction_candidate"},"geometry":{"type":"Point","coordinates":[77.7644487533884,12.9673164452121]}},{"type":"Feature","id":"kml_n_77.7644729924243_12.9773876410113","properties":{"id":"kml_n_77.7644729924243_12.9773876410113","degree":1,"number":2932,"kind":"endpoint"},"geometry":{"type":"Point","coordinates":[77.7644729924243,12.9773876410113]}},{"type":"Feature","id":"kml_n_77.7644967412527_12.977386311698","properties":{"id":"kml_n_77.7644967412527_12.977386311698","degree":1,"number":2933,"kind":"endpoint"},"geometry":{"type":"Point","coordinates":[77.7644967412527,12.977386311698]}},{"type":"Feature","id":"kml_n_77.7646116875183_13.0119219638105","properties":{"id":"kml_n_77.7646116875183_13.0119219638105","degree":4,"number":2934,"kind":"junction_candidate"},"geometry":{"type":"Point","coordinates":[77.7646116875183,13.0119219638105]}},{"type":"Feature","id":"kml_n_77.7646318662306_13.0119164877516","properties":{"id":"kml_n_77.7646318662306_13.0119164877516","degree":4,"number":2935,"kind":"junction_candidate"},"geometry":{"type":"Point","coordinates":[77.7646318662306,13.0119164877516]}},{"type":"Feature","id":"kml_n_77.7647660394497_13.0118732607022","properties":{"id":"kml_n_77.7647660394497_13.0118732607022","degree":4,"number":2936,"kind":"junction_candidate"},"geometry":{"type":"Point","coordinates":[77.7647660394497,13.0118732607022]}},{"type":"Feature","id":"kml_n_77.7647886164323_13.0119881913111","properties":{"id":"kml_n_77.7647886164323_13.0119881913111","degree":4,"number":2937,"kind":"junction_candidate"},"geometry":{"type":"Point","coordinates":[77.7647886164323,13.0119881913111]}},{"type":"Feature","id":"kml_n_77.7647987655295_13.0120208311122","properties":{"id":"kml_n_77.7647987655295_13.0120208311122","degree":4,"number":2938,"kind":"junction_candidate"},"geometry":{"type":"Point","coordinates":[77.7647987655295,13.0120208311122]}},{"type":"Feature","id":"kml_n_77.7648098046914_13.0120552292169","properties":{"id":"kml_n_77.7648098046914_13.0120552292169","degree":4,"number":2939,"kind":"junction_candidate"},"geometry":{"type":"Point","coordinates":[77.7648098046914,13.0120552292169]}},{"type":"Feature","id":"kml_n_77.7648148988007_13.0120737281641","properties":{"id":"kml_n_77.7648148988007_13.0120737281641","degree":4,"number":2940,"kind":"junction_candidate"},"geometry":{"type":"Point","coordinates":[77.7648148988007,13.0120737281641]}},{"type":"Feature","id":"kml_n_77.7648340580839_13.0121401445353","properties":{"id":"kml_n_77.7648340580839_13.0121401445353","degree":4,"number":2941,"kind":"junction_candidate"},"geometry":{"type":"Point","coordinates":[77.7648340580839,13.0121401445353]}},{"type":"Feature","id":"kml_n_77.7648704162868_13.0122515425464","properties":{"id":"kml_n_77.7648704162868_13.0122515425464","degree":4,"number":2942,"kind":"junction_candidate"},"geometry":{"type":"Point","coordinates":[77.7648704162868,13.0122515425464]}},{"type":"Feature","id":"kml_n_77.7648978769749_13.0123393214983","properties":{"id":"kml_n_77.7648978769749_13.0123393214983","degree":4,"number":2943,"kind":"junction_candidate"},"geometry":{"type":"Point","coordinates":[77.7648978769749,13.0123393214983]}},{"type":"Feature","id":"kml_n_77.7649199032343_13.0124045790394","properties":{"id":"kml_n_77.7649199032343_13.0124045790394","degree":4,"number":2944,"kind":"junction_candidate"},"geometry":{"type":"Point","coordinates":[77.7649199032343,13.0124045790394]}},{"type":"Feature","id":"kml_n_77.7649501404685_13.0124832951875","properties":{"id":"kml_n_77.7649501404685_13.0124832951875","degree":4,"number":2945,"kind":"junction_candidate"},"geometry":{"type":"Point","coordinates":[77.7649501404685,13.0124832951875]}},{"type":"Feature","id":"kml_n_77.7649536554631_13.0124889052545","properties":{"id":"kml_n_77.7649536554631_13.0124889052545","degree":4,"number":2946,"kind":"junction_candidate"},"geometry":{"type":"Point","coordinates":[77.7649536554631,13.0124889052545]}},{"type":"Feature","id":"kml_n_77.7650313535078_13.0125896991726","properties":{"id":"kml_n_77.7650313535078_13.0125896991726","degree":4,"number":2947,"kind":"junction_candidate"},"geometry":{"type":"Point","coordinates":[77.7650313535078,13.0125896991726]}},{"type":"Feature","id":"kml_n_77.7650723288509_13.0126502380345","properties":{"id":"kml_n_77.7650723288509_13.0126502380345","degree":4,"number":2948,"kind":"junction_candidate"},"geometry":{"type":"Point","coordinates":[77.7650723288509,13.0126502380345]}},{"type":"Feature","id":"kml_n_77.7650738955735_13.0126522050149","properties":{"id":"kml_n_77.7650738955735_13.0126522050149","degree":4,"number":2949,"kind":"junction_candidate"},"geometry":{"type":"Point","coordinates":[77.7650738955735,13.0126522050149]}},{"type":"Feature","id":"kml_n_77.7650859211518_13.0126673049207","properties":{"id":"kml_n_77.7650859211518_13.0126673049207","degree":4,"number":2950,"kind":"junction_candidate"},"geometry":{"type":"Point","coordinates":[77.7650859211518,13.0126673049207]}},{"type":"Feature","id":"kml_n_77.7651234580819_13.0127201660964","properties":{"id":"kml_n_77.7651234580819_13.0127201660964","degree":4,"number":2951,"kind":"junction_candidate"},"geometry":{"type":"Point","coordinates":[77.7651234580819,13.0127201660964]}},{"type":"Feature","id":"kml_n_77.7651402187961_13.0127420762068","properties":{"id":"kml_n_77.7651402187961_13.0127420762068","degree":4,"number":2952,"kind":"junction_candidate"},"geometry":{"type":"Point","coordinates":[77.7651402187961,13.0127420762068]}},{"type":"Feature","id":"kml_n_77.7651680998262_13.0127837642183","properties":{"id":"kml_n_77.7651680998262_13.0127837642183","degree":4,"number":2953,"kind":"junction_candidate"},"geometry":{"type":"Point","coordinates":[77.7651680998262,13.0127837642183]}},{"type":"Feature","id":"kml_n_77.7651799467355_13.0128015253918","properties":{"id":"kml_n_77.7651799467355_13.0128015253918","degree":4,"number":2954,"kind":"junction_candidate"},"geometry":{"type":"Point","coordinates":[77.7651799467355,13.0128015253918]}},{"type":"Feature","id":"kml_n_77.765318004049_13.0129976512529","properties":{"id":"kml_n_77.765318004049_13.0129976512529","degree":4,"number":2955,"kind":"junction_candidate"},"geometry":{"type":"Point","coordinates":[77.765318004049,13.0129976512529]}},{"type":"Feature","id":"kml_n_77.765374236772_13.0130839968164","properties":{"id":"kml_n_77.765374236772_13.0130839968164","degree":4,"number":2956,"kind":"junction_candidate"},"geometry":{"type":"Point","coordinates":[77.765374236772,13.0130839968164]}},{"type":"Feature","id":"kml_n_77.7654963992706_13.0133006203112","properties":{"id":"kml_n_77.7654963992706_13.0133006203112","degree":4,"number":2957,"kind":"junction_candidate"},"geometry":{"type":"Point","coordinates":[77.7654963992706,13.0133006203112]}},{"type":"Feature","id":"kml_n_77.7655040596885_13.0133163475772","properties":{"id":"kml_n_77.7655040596885_13.0133163475772","degree":4,"number":2958,"kind":"junction_candidate"},"geometry":{"type":"Point","coordinates":[77.7655040596885,13.0133163475772]}},{"type":"Feature","id":"kml_n_77.7655352480157_13.0133800357896","properties":{"id":"kml_n_77.7655352480157_13.0133800357896","degree":4,"number":2959,"kind":"junction_candidate"},"geometry":{"type":"Point","coordinates":[77.7655352480157,13.0133800357896]}},{"type":"Feature","id":"kml_n_77.7655486265919_12.9703240646119","properties":{"id":"kml_n_77.7655486265919_12.9703240646119","degree":1,"number":2960,"kind":"endpoint"},"geometry":{"type":"Point","coordinates":[77.7655486265919,12.9703240646119]}},{"type":"Feature","id":"kml_n_77.7655490797691_13.0134085496394","properties":{"id":"kml_n_77.7655490797691_13.0134085496394","degree":4,"number":2961,"kind":"junction_candidate"},"geometry":{"type":"Point","coordinates":[77.7655490797691,13.0134085496394]}},{"type":"Feature","id":"kml_n_77.7656212583671_13.0135606654408","properties":{"id":"kml_n_77.7656212583671_13.0135606654408","degree":4,"number":2962,"kind":"junction_candidate"},"geometry":{"type":"Point","coordinates":[77.7656212583671,13.0135606654408]}},{"type":"Feature","id":"kml_n_77.7656355514344_13.0135922293827","properties":{"id":"kml_n_77.7656355514344_13.0135922293827","degree":4,"number":2963,"kind":"junction_candidate"},"geometry":{"type":"Point","coordinates":[77.7656355514344,13.0135922293827]}},{"type":"Feature","id":"kml_n_77.7656507700263_13.0136258403059","properties":{"id":"kml_n_77.7656507700263_13.0136258403059","degree":4,"number":2964,"kind":"junction_candidate"},"geometry":{"type":"Point","coordinates":[77.7656507700263,13.0136258403059]}},{"type":"Feature","id":"kml_n_77.7657935476507_13.0139359628879","properties":{"id":"kml_n_77.7657935476507_13.0139359628879","degree":4,"number":2965,"kind":"junction_candidate"},"geometry":{"type":"Point","coordinates":[77.7657935476507,13.0139359628879]}},{"type":"Feature","id":"kml_n_77.7661572150069_13.0146942583854","properties":{"id":"kml_n_77.7661572150069_13.0146942583854","degree":4,"number":2966,"kind":"junction_candidate"},"geometry":{"type":"Point","coordinates":[77.7661572150069,13.0146942583854]}},{"type":"Feature","id":"kml_n_77.7662799805691_13.0149650711129","properties":{"id":"kml_n_77.7662799805691_13.0149650711129","degree":4,"number":2967,"kind":"junction_candidate"},"geometry":{"type":"Point","coordinates":[77.7662799805691,13.0149650711129]}},{"type":"Feature","id":"kml_n_77.7662989339239_13.0150013249656","properties":{"id":"kml_n_77.7662989339239_13.0150013249656","degree":4,"number":2968,"kind":"junction_candidate"},"geometry":{"type":"Point","coordinates":[77.7662989339239,13.0150013249656]}},{"type":"Feature","id":"kml_n_77.766314187866_13.0150381024673","properties":{"id":"kml_n_77.766314187866_13.0150381024673","degree":4,"number":2969,"kind":"junction_candidate"},"geometry":{"type":"Point","coordinates":[77.766314187866,13.0150381024673]}},{"type":"Feature","id":"kml_n_77.766364989269_13.0151538625169","properties":{"id":"kml_n_77.766364989269_13.0151538625169","degree":4,"number":2970,"kind":"junction_candidate"},"geometry":{"type":"Point","coordinates":[77.766364989269,13.0151538625169]}},{"type":"Feature","id":"kml_n_77.7664007427345_12.9749470729254","properties":{"id":"kml_n_77.7664007427345_12.9749470729254","degree":1,"number":2971,"kind":"endpoint"},"geometry":{"type":"Point","coordinates":[77.7664007427345,12.9749470729254]}},{"type":"Feature","id":"kml_n_77.7664008016253_12.9749428212773","properties":{"id":"kml_n_77.7664008016253_12.9749428212773","degree":1,"number":2972,"kind":"endpoint"},"geometry":{"type":"Point","coordinates":[77.7664008016253,12.9749428212773]}},{"type":"Feature","id":"kml_n_77.7664416789521_12.9698951765595","properties":{"id":"kml_n_77.7664416789521_12.9698951765595","degree":3,"number":2973,"kind":"junction_candidate"},"geometry":{"type":"Point","coordinates":[77.7664416789521,12.9698951765595]}},{"type":"Feature","id":"kml_n_77.7664443125204_13.0153494876085","properties":{"id":"kml_n_77.7664443125204_13.0153494876085","degree":4,"number":2974,"kind":"junction_candidate"},"geometry":{"type":"Point","coordinates":[77.7664443125204,13.0153494876085]}},{"type":"Feature","id":"kml_n_77.7665701720778_13.015691404185","properties":{"id":"kml_n_77.7665701720778_13.015691404185","degree":4,"number":2975,"kind":"junction_candidate"},"geometry":{"type":"Point","coordinates":[77.7665701720778,13.015691404185]}},{"type":"Feature","id":"kml_n_77.7666338657299_13.0158792937261","properties":{"id":"kml_n_77.7666338657299_13.0158792937261","degree":4,"number":2976,"kind":"junction_candidate"},"geometry":{"type":"Point","coordinates":[77.7666338657299,13.0158792937261]}},{"type":"Feature","id":"kml_n_77.7666630356012_12.9650853247202","properties":{"id":"kml_n_77.7666630356012_12.9650853247202","degree":4,"number":2977,"kind":"junction_candidate"},"geometry":{"type":"Point","coordinates":[77.7666630356012,12.9650853247202]}},{"type":"Feature","id":"kml_n_77.766719814251_13.0161008173976","properties":{"id":"kml_n_77.766719814251_13.0161008173976","degree":4,"number":2978,"kind":"junction_candidate"},"geometry":{"type":"Point","coordinates":[77.766719814251,13.0161008173976]}},{"type":"Feature","id":"kml_n_77.7667251200209_13.0161120504285","properties":{"id":"kml_n_77.7667251200209_13.0161120504285","degree":4,"number":2979,"kind":"junction_candidate"},"geometry":{"type":"Point","coordinates":[77.7667251200209,13.0161120504285]}},{"type":"Feature","id":"kml_n_77.7668104268206_13.016275997135","properties":{"id":"kml_n_77.7668104268206_13.016275997135","degree":4,"number":2980,"kind":"junction_candidate"},"geometry":{"type":"Point","coordinates":[77.7668104268206,13.016275997135]}},{"type":"Feature","id":"kml_n_77.7668233556445_13.0162995721198","properties":{"id":"kml_n_77.7668233556445_13.0162995721198","degree":4,"number":2981,"kind":"junction_candidate"},"geometry":{"type":"Point","coordinates":[77.7668233556445,13.0162995721198]}},{"type":"Feature","id":"kml_n_77.7668707074219_12.9955239378025","properties":{"id":"kml_n_77.7668707074219_12.9955239378025","degree":3,"number":2982,"kind":"junction_candidate"},"geometry":{"type":"Point","coordinates":[77.7668707074219,12.9955239378025]}},{"type":"Feature","id":"kml_n_77.7669482128783_13.0164992274908","properties":{"id":"kml_n_77.7669482128783_13.0164992274908","degree":4,"number":2983,"kind":"junction_candidate"},"geometry":{"type":"Point","coordinates":[77.7669482128783,13.0164992274908]}},{"type":"Feature","id":"kml_n_77.7671022973538_13.016738090887","properties":{"id":"kml_n_77.7671022973538_13.016738090887","degree":4,"number":2984,"kind":"junction_candidate"},"geometry":{"type":"Point","coordinates":[77.7671022973538,13.016738090887]}},{"type":"Feature","id":"kml_n_77.7671146351962_13.0167605402993","properties":{"id":"kml_n_77.7671146351962_13.0167605402993","degree":4,"number":2985,"kind":"junction_candidate"},"geometry":{"type":"Point","coordinates":[77.7671146351962,13.0167605402993]}},{"type":"Feature","id":"kml_n_77.7672053639547_13.0169458826722","properties":{"id":"kml_n_77.7672053639547_13.0169458826722","degree":4,"number":2986,"kind":"junction_candidate"},"geometry":{"type":"Point","coordinates":[77.7672053639547,13.0169458826722]}},{"type":"Feature","id":"kml_n_77.7672186876428_12.9663771785281","properties":{"id":"kml_n_77.7672186876428_12.9663771785281","degree":1,"number":2987,"kind":"endpoint"},"geometry":{"type":"Point","coordinates":[77.7672186876428,12.9663771785281]}},{"type":"Feature","id":"kml_n_77.7673052668814_13.0171240269774","properties":{"id":"kml_n_77.7673052668814_13.0171240269774","degree":4,"number":2988,"kind":"junction_candidate"},"geometry":{"type":"Point","coordinates":[77.7673052668814,13.0171240269774]}},{"type":"Feature","id":"kml_n_77.7673366461386_12.9749793949302","properties":{"id":"kml_n_77.7673366461386_12.9749793949302","degree":3,"number":2989,"kind":"junction_candidate"},"geometry":{"type":"Point","coordinates":[77.7673366461386,12.9749793949302]}},{"type":"Feature","id":"kml_n_77.767356907031_13.0171633173651","properties":{"id":"kml_n_77.767356907031_13.0171633173651","degree":4,"number":2990,"kind":"junction_candidate"},"geometry":{"type":"Point","coordinates":[77.767356907031,13.0171633173651]}},{"type":"Feature","id":"kml_n_77.7673675175737_13.0171780500968","properties":{"id":"kml_n_77.7673675175737_13.0171780500968","degree":1,"number":2991,"kind":"endpoint"},"geometry":{"type":"Point","coordinates":[77.7673675175737,13.0171780500968]}},{"type":"Feature","id":"kml_n_77.7673945655559_13.0171843681919","properties":{"id":"kml_n_77.7673945655559_13.0171843681919","degree":4,"number":2992,"kind":"junction_candidate"},"geometry":{"type":"Point","coordinates":[77.7673945655559,13.0171843681919]}},{"type":"Feature","id":"kml_n_77.7674281323615_13.0171998187741","properties":{"id":"kml_n_77.7674281323615_13.0171998187741","degree":4,"number":2993,"kind":"junction_candidate"},"geometry":{"type":"Point","coordinates":[77.7674281323615,13.0171998187741]}},{"type":"Feature","id":"kml_n_77.7674541513116_13.0172097042055","properties":{"id":"kml_n_77.7674541513116_13.0172097042055","degree":4,"number":2994,"kind":"junction_candidate"},"geometry":{"type":"Point","coordinates":[77.7674541513116,13.0172097042055]}},{"type":"Feature","id":"kml_n_77.7674847777698_13.0172195377327","properties":{"id":"kml_n_77.7674847777698_13.0172195377327","degree":4,"number":2995,"kind":"junction_candidate"},"geometry":{"type":"Point","coordinates":[77.7674847777698,13.0172195377327]}},{"type":"Feature","id":"kml_n_77.7675159655822_13.0172282379234","properties":{"id":"kml_n_77.7675159655822_13.0172282379234","degree":4,"number":2996,"kind":"junction_candidate"},"geometry":{"type":"Point","coordinates":[77.7675159655822,13.0172282379234]}},{"type":"Feature","id":"kml_n_77.7675857897245_13.0172421740397","properties":{"id":"kml_n_77.7675857897245_13.0172421740397","degree":4,"number":2997,"kind":"junction_candidate"},"geometry":{"type":"Point","coordinates":[77.7675857897245,13.0172421740397]}},{"type":"Feature","id":"kml_n_77.7677820262237_13.0172881785809","properties":{"id":"kml_n_77.7677820262237_13.0172881785809","degree":4,"number":2998,"kind":"junction_candidate"},"geometry":{"type":"Point","coordinates":[77.7677820262237,13.0172881785809]}},{"type":"Feature","id":"kml_n_77.767811507381_13.0172950903227","properties":{"id":"kml_n_77.767811507381_13.0172950903227","degree":4,"number":2999,"kind":"junction_candidate"},"geometry":{"type":"Point","coordinates":[77.767811507381,13.0172950903227]}},{"type":"Feature","id":"kml_n_77.7678126755808_13.0172953443274","properties":{"id":"kml_n_77.7678126755808_13.0172953443274","degree":4,"number":3000,"kind":"junction_candidate"},"geometry":{"type":"Point","coordinates":[77.7678126755808,13.0172953443274]}},{"type":"Feature","id":"kml_n_77.7679368571277_12.9762059261749","properties":{"id":"kml_n_77.7679368571277_12.9762059261749","degree":1,"number":3001,"kind":"endpoint"},"geometry":{"type":"Point","coordinates":[77.7679368571277,12.9762059261749]}},{"type":"Feature","id":"kml_n_77.767946000433_12.9762048071745","properties":{"id":"kml_n_77.767946000433_12.9762048071745","degree":1,"number":3002,"kind":"endpoint"},"geometry":{"type":"Point","coordinates":[77.767946000433,12.9762048071745]}},{"type":"Feature","id":"kml_n_77.7679818179349_13.0173361801666","properties":{"id":"kml_n_77.7679818179349_13.0173361801666","degree":4,"number":3003,"kind":"junction_candidate"},"geometry":{"type":"Point","coordinates":[77.7679818179349,13.0173361801666]}},{"type":"Feature","id":"kml_n_77.7679881588413_13.0173378350799","properties":{"id":"kml_n_77.7679881588413_13.0173378350799","degree":4,"number":3004,"kind":"junction_candidate"},"geometry":{"type":"Point","coordinates":[77.7679881588413,13.0173378350799]}},{"type":"Feature","id":"kml_n_77.768060390898_12.9834128987334","properties":{"id":"kml_n_77.768060390898_12.9834128987334","degree":3,"number":3005,"kind":"junction_candidate"},"geometry":{"type":"Point","coordinates":[77.768060390898,12.9834128987334]}},{"type":"Feature","id":"kml_n_77.7682139428419_12.9814968324996","properties":{"id":"kml_n_77.7682139428419_12.9814968324996","degree":1,"number":3006,"kind":"endpoint"},"geometry":{"type":"Point","coordinates":[77.7682139428419,12.9814968324996]}},{"type":"Feature","id":"kml_n_77.7683771345221_12.9834610468667","properties":{"id":"kml_n_77.7683771345221_12.9834610468667","degree":3,"number":3007,"kind":"junction_candidate"},"geometry":{"type":"Point","coordinates":[77.7683771345221,12.9834610468667]}},{"type":"Feature","id":"kml_n_77.7684391620871_13.017455502003","properties":{"id":"kml_n_77.7684391620871_13.017455502003","degree":4,"number":3008,"kind":"junction_candidate"},"geometry":{"type":"Point","coordinates":[77.7684391620871,13.017455502003]}},{"type":"Feature","id":"kml_n_77.7684472596881_13.0174588038563","properties":{"id":"kml_n_77.7684472596881_13.0174588038563","degree":4,"number":3009,"kind":"junction_candidate"},"geometry":{"type":"Point","coordinates":[77.7684472596881,13.0174588038563]}},{"type":"Feature","id":"kml_n_77.7687665824939_13.0175412072892","properties":{"id":"kml_n_77.7687665824939_13.0175412072892","degree":4,"number":3010,"kind":"junction_candidate"},"geometry":{"type":"Point","coordinates":[77.7687665824939,13.0175412072892]}},{"type":"Feature","id":"kml_n_77.7690176792292_13.0175983697114","properties":{"id":"kml_n_77.7690176792292_13.0175983697114","degree":4,"number":3011,"kind":"junction_candidate"},"geometry":{"type":"Point","coordinates":[77.7690176792292,13.0175983697114]}},{"type":"Feature","id":"kml_n_77.7690476933374_13.0176048221408","properties":{"id":"kml_n_77.7690476933374_13.0176048221408","degree":4,"number":3012,"kind":"junction_candidate"},"geometry":{"type":"Point","coordinates":[77.7690476933374,13.0176048221408]}},{"type":"Feature","id":"kml_n_77.7690863599715_13.0176129472113","properties":{"id":"kml_n_77.7690863599715_13.0176129472113","degree":4,"number":3013,"kind":"junction_candidate"},"geometry":{"type":"Point","coordinates":[77.7690863599715,13.0176129472113]}},{"type":"Feature","id":"kml_n_77.7691233114017_13.0176220815359","properties":{"id":"kml_n_77.7691233114017_13.0176220815359","degree":4,"number":3014,"kind":"junction_candidate"},"geometry":{"type":"Point","coordinates":[77.7691233114017,13.0176220815359]}},{"type":"Feature","id":"kml_n_77.7691325497344_13.0176242420344","properties":{"id":"kml_n_77.7691325497344_13.0176242420344","degree":4,"number":3015,"kind":"junction_candidate"},"geometry":{"type":"Point","coordinates":[77.7691325497344,13.0176242420344]}},{"type":"Feature","id":"kml_n_77.7692462409753_13.0176478686122","properties":{"id":"kml_n_77.7692462409753_13.0176478686122","degree":4,"number":3016,"kind":"junction_candidate"},"geometry":{"type":"Point","coordinates":[77.7692462409753,13.0176478686122]}},{"type":"Feature","id":"kml_n_77.7692837751697_13.0176576308131","properties":{"id":"kml_n_77.7692837751697_13.0176576308131","degree":4,"number":3017,"kind":"junction_candidate"},"geometry":{"type":"Point","coordinates":[77.7692837751697,13.0176576308131]}},{"type":"Feature","id":"kml_n_77.7694651634541_13.0177110191064","properties":{"id":"kml_n_77.7694651634541_13.0177110191064","degree":4,"number":3018,"kind":"junction_candidate"},"geometry":{"type":"Point","coordinates":[77.7694651634541,13.0177110191064]}},{"type":"Feature","id":"kml_n_77.7694928836115_13.0177186269392","properties":{"id":"kml_n_77.7694928836115_13.0177186269392","degree":4,"number":3019,"kind":"junction_candidate"},"geometry":{"type":"Point","coordinates":[77.7694928836115,13.0177186269392]}},{"type":"Feature","id":"kml_n_77.7695202834111_13.0177275823245","properties":{"id":"kml_n_77.7695202834111_13.0177275823245","degree":4,"number":3020,"kind":"junction_candidate"},"geometry":{"type":"Point","coordinates":[77.7695202834111,13.0177275823245]}},{"type":"Feature","id":"kml_n_77.769539956686_13.018690316792","properties":{"id":"kml_n_77.769539956686_13.018690316792","degree":4,"number":3021,"kind":"junction_candidate"},"geometry":{"type":"Point","coordinates":[77.769539956686,13.018690316792]}},{"type":"Feature","id":"kml_n_77.7695422787147_13.0184847878141","properties":{"id":"kml_n_77.7695422787147_13.0184847878141","degree":4,"number":3022,"kind":"junction_candidate"},"geometry":{"type":"Point","coordinates":[77.7695422787147,13.0184847878141]}},{"type":"Feature","id":"kml_n_77.7695453684456_13.0188664053907","properties":{"id":"kml_n_77.7695453684456_13.0188664053907","degree":4,"number":3023,"kind":"junction_candidate"},"geometry":{"type":"Point","coordinates":[77.7695453684456,13.0188664053907]}},{"type":"Feature","id":"kml_n_77.7695577886224_13.0189995116341","properties":{"id":"kml_n_77.7695577886224_13.0189995116341","degree":4,"number":3024,"kind":"junction_candidate"},"geometry":{"type":"Point","coordinates":[77.7695577886224,13.0189995116341]}},{"type":"Feature","id":"kml_n_77.7695682579128_13.0192161953548","properties":{"id":"kml_n_77.7695682579128_13.0192161953548","degree":4,"number":3025,"kind":"junction_candidate"},"geometry":{"type":"Point","coordinates":[77.7695682579128,13.0192161953548]}},{"type":"Feature","id":"kml_n_77.7695688461967_13.0192173200187","properties":{"id":"kml_n_77.7695688461967_13.0192173200187","degree":4,"number":3026,"kind":"junction_candidate"},"geometry":{"type":"Point","coordinates":[77.7695688461967,13.0192173200187]}},{"type":"Feature","id":"kml_n_77.7695727947635_13.0208237430116","properties":{"id":"kml_n_77.7695727947635_13.0208237430116","degree":4,"number":3027,"kind":"junction_candidate"},"geometry":{"type":"Point","coordinates":[77.7695727947635,13.0208237430116]}},{"type":"Feature","id":"kml_n_77.7695735101201_13.0208880965512","properties":{"id":"kml_n_77.7695735101201_13.0208880965512","degree":4,"number":3028,"kind":"junction_candidate"},"geometry":{"type":"Point","coordinates":[77.7695735101201,13.0208880965512]}},{"type":"Feature","id":"kml_n_77.7695740792339_13.0207322677497","properties":{"id":"kml_n_77.7695740792339_13.0207322677497","degree":4,"number":3029,"kind":"junction_candidate"},"geometry":{"type":"Point","coordinates":[77.7695740792339,13.0207322677497]}},{"type":"Feature","id":"kml_n_77.7695756956529_13.0193674211304","properties":{"id":"kml_n_77.7695756956529_13.0193674211304","degree":4,"number":3030,"kind":"junction_candidate"},"geometry":{"type":"Point","coordinates":[77.7695756956529,13.0193674211304]}},{"type":"Feature","id":"kml_n_77.7695757616192_13.0181818186077","properties":{"id":"kml_n_77.7695757616192_13.0181818186077","degree":4,"number":3031,"kind":"junction_candidate"},"geometry":{"type":"Point","coordinates":[77.7695757616192,13.0181818186077]}},{"type":"Feature","id":"kml_n_77.7695783156095_13.0194475632382","properties":{"id":"kml_n_77.7695783156095_13.0194475632382","degree":4,"number":3032,"kind":"junction_candidate"},"geometry":{"type":"Point","coordinates":[77.7695783156095,13.0194475632382]}},{"type":"Feature","id":"kml_n_77.769579821807_13.0210415944301","properties":{"id":"kml_n_77.769579821807_13.0210415944301","degree":4,"number":3033,"kind":"junction_candidate"},"geometry":{"type":"Point","coordinates":[77.769579821807,13.0210415944301]}},{"type":"Feature","id":"kml_n_77.7695803733792_13.0177437193564","properties":{"id":"kml_n_77.7695803733792_13.0177437193564","degree":4,"number":3034,"kind":"junction_candidate"},"geometry":{"type":"Point","coordinates":[77.7695803733792,13.0177437193564]}},{"type":"Feature","id":"kml_n_77.7695811311405_13.0194938289451","properties":{"id":"kml_n_77.7695811311405_13.0194938289451","degree":4,"number":3035,"kind":"junction_candidate"},"geometry":{"type":"Point","coordinates":[77.7695811311405,13.0194938289451]}},{"type":"Feature","id":"kml_n_77.7695834961961_13.0204916595228","properties":{"id":"kml_n_77.7695834961961_13.0204916595228","degree":4,"number":3036,"kind":"junction_candidate"},"geometry":{"type":"Point","coordinates":[77.7695834961961,13.0204916595228]}},{"type":"Feature","id":"kml_n_77.7695855682193_13.0196857341461","properties":{"id":"kml_n_77.7695855682193_13.0196857341461","degree":4,"number":3037,"kind":"junction_candidate"},"geometry":{"type":"Point","coordinates":[77.7695855682193,13.0196857341461]}},{"type":"Feature","id":"kml_n_77.7695905758_13.0203515700561","properties":{"id":"kml_n_77.7695905758_13.0203515700561","degree":4,"number":3038,"kind":"junction_candidate"},"geometry":{"type":"Point","coordinates":[77.7695905758,13.0203515700561]}},{"type":"Feature","id":"kml_n_77.7695913321115_13.0177861222053","properties":{"id":"kml_n_77.7695913321115_13.0177861222053","degree":4,"number":3039,"kind":"junction_candidate"},"geometry":{"type":"Point","coordinates":[77.7695913321115,13.0177861222053]}},{"type":"Feature","id":"kml_n_77.7695913777133_13.0212006783627","properties":{"id":"kml_n_77.7695913777133_13.0212006783627","degree":4,"number":3040,"kind":"junction_candidate"},"geometry":{"type":"Point","coordinates":[77.7695913777133,13.0212006783627]}},{"type":"Feature","id":"kml_n_77.7695928880995_13.0202487941794","properties":{"id":"kml_n_77.7695928880995_13.0202487941794","degree":4,"number":3041,"kind":"junction_candidate"},"geometry":{"type":"Point","coordinates":[77.7695928880995,13.0202487941794]}},{"type":"Feature","id":"kml_n_77.7695930449195_13.0197884072227","properties":{"id":"kml_n_77.7695930449195_13.0197884072227","degree":4,"number":3042,"kind":"junction_candidate"},"geometry":{"type":"Point","coordinates":[77.7695930449195,13.0197884072227]}},{"type":"Feature","id":"kml_n_77.7695942169755_13.0201105050504","properties":{"id":"kml_n_77.7695942169755_13.0201105050504","degree":4,"number":3043,"kind":"junction_candidate"},"geometry":{"type":"Point","coordinates":[77.7695942169755,13.0201105050504]}},{"type":"Feature","id":"kml_n_77.7695954305371_13.0201067993301","properties":{"id":"kml_n_77.7695954305371_13.0201067993301","degree":4,"number":3044,"kind":"junction_candidate"},"geometry":{"type":"Point","coordinates":[77.7695954305371,13.0201067993301]}},{"type":"Feature","id":"kml_n_77.7695956065798_13.0180506267879","properties":{"id":"kml_n_77.7695956065798_13.0180506267879","degree":4,"number":3045,"kind":"junction_candidate"},"geometry":{"type":"Point","coordinates":[77.7695956065798,13.0180506267879]}},{"type":"Feature","id":"kml_n_77.7695973937336_13.0201877731767","properties":{"id":"kml_n_77.7695973937336_13.0201877731767","degree":4,"number":3046,"kind":"junction_candidate"},"geometry":{"type":"Point","coordinates":[77.7695973937336,13.0201877731767]}},{"type":"Feature","id":"kml_n_77.7695981533651_13.021292067478","properties":{"id":"kml_n_77.7695981533651_13.021292067478","degree":4,"number":3047,"kind":"junction_candidate"},"geometry":{"type":"Point","coordinates":[77.7695981533651,13.021292067478]}},{"type":"Feature","id":"kml_n_77.7695983075666_13.0200548279775","properties":{"id":"kml_n_77.7695983075666_13.0200548279775","degree":4,"number":3048,"kind":"junction_candidate"},"geometry":{"type":"Point","coordinates":[77.7695983075666,13.0200548279775]}},{"type":"Feature","id":"kml_n_77.769599732919_13.0199757744981","properties":{"id":"kml_n_77.769599732919_13.0199757744981","degree":4,"number":3049,"kind":"junction_candidate"},"geometry":{"type":"Point","coordinates":[77.769599732919,13.0199757744981]}},{"type":"Feature","id":"kml_n_77.7695999160491_13.0180277359041","properties":{"id":"kml_n_77.7695999160491_13.0180277359041","degree":4,"number":3050,"kind":"junction_candidate"},"geometry":{"type":"Point","coordinates":[77.7695999160491,13.0180277359041]}},{"type":"Feature","id":"kml_n_77.7696021467197_13.0178163851358","properties":{"id":"kml_n_77.7696021467197_13.0178163851358","degree":4,"number":3051,"kind":"junction_candidate"},"geometry":{"type":"Point","coordinates":[77.7696021467197,13.0178163851358]}},{"type":"Feature","id":"kml_n_77.7696039531398_13.0180058677733","properties":{"id":"kml_n_77.7696039531398_13.0180058677733","degree":4,"number":3052,"kind":"junction_candidate"},"geometry":{"type":"Point","coordinates":[77.7696039531398,13.0180058677733]}},{"type":"Feature","id":"kml_n_77.7696047628507_13.0178382499251","properties":{"id":"kml_n_77.7696047628507_13.0178382499251","degree":4,"number":3053,"kind":"junction_candidate"},"geometry":{"type":"Point","coordinates":[77.7696047628507,13.0178382499251]}},{"type":"Feature","id":"kml_n_77.7696059924968_13.0179488937781","properties":{"id":"kml_n_77.7696059924968_13.0179488937781","degree":4,"number":3054,"kind":"junction_candidate"},"geometry":{"type":"Point","coordinates":[77.7696059924968,13.0179488937781]}},{"type":"Feature","id":"kml_n_77.7696079550935_13.0178664444099","properties":{"id":"kml_n_77.7696079550935_13.0178664444099","degree":4,"number":3055,"kind":"junction_candidate"},"geometry":{"type":"Point","coordinates":[77.7696079550935,13.0178664444099]}},{"type":"Feature","id":"kml_n_77.7696184346453_13.021510905464","properties":{"id":"kml_n_77.7696184346453_13.021510905464","degree":4,"number":3056,"kind":"junction_candidate"},"geometry":{"type":"Point","coordinates":[77.7696184346453,13.021510905464]}},{"type":"Feature","id":"kml_n_77.7696374122876_13.0216642652436","properties":{"id":"kml_n_77.7696374122876_13.0216642652436","degree":4,"number":3057,"kind":"junction_candidate"},"geometry":{"type":"Point","coordinates":[77.7696374122876,13.0216642652436]}},{"type":"Feature","id":"kml_n_77.7696413492433_13.0230541987313","properties":{"id":"kml_n_77.7696413492433_13.0230541987313","degree":4,"number":3058,"kind":"junction_candidate"},"geometry":{"type":"Point","coordinates":[77.7696413492433,13.0230541987313]}},{"type":"Feature","id":"kml_n_77.7696451239616_13.0229276952267","properties":{"id":"kml_n_77.7696451239616_13.0229276952267","degree":4,"number":3059,"kind":"junction_candidate"},"geometry":{"type":"Point","coordinates":[77.7696451239616,13.0229276952267]}},{"type":"Feature","id":"kml_n_77.7696472121389_13.0231670494964","properties":{"id":"kml_n_77.7696472121389_13.0231670494964","degree":4,"number":3060,"kind":"junction_candidate"},"geometry":{"type":"Point","coordinates":[77.7696472121389,13.0231670494964]}},{"type":"Feature","id":"kml_n_77.7696474770758_13.0225177910185","properties":{"id":"kml_n_77.7696474770758_13.0225177910185","degree":4,"number":3061,"kind":"junction_candidate"},"geometry":{"type":"Point","coordinates":[77.7696474770758,13.0225177910185]}},{"type":"Feature","id":"kml_n_77.7696483808308_13.0225990796843","properties":{"id":"kml_n_77.7696483808308_13.0225990796843","degree":4,"number":3062,"kind":"junction_candidate"},"geometry":{"type":"Point","coordinates":[77.7696483808308,13.0225990796843]}},{"type":"Feature","id":"kml_n_77.7696489318977_13.0233217255615","properties":{"id":"kml_n_77.7696489318977_13.0233217255615","degree":4,"number":3063,"kind":"junction_candidate"},"geometry":{"type":"Point","coordinates":[77.7696489318977,13.0233217255615]}},{"type":"Feature","id":"kml_n_77.7696504378708_13.0226803551189","properties":{"id":"kml_n_77.7696504378708_13.0226803551189","degree":4,"number":3064,"kind":"junction_candidate"},"geometry":{"type":"Point","coordinates":[77.7696504378708,13.0226803551189]}},{"type":"Feature","id":"kml_n_77.7696505943832_13.0217623589306","properties":{"id":"kml_n_77.7696505943832_13.0217623589306","degree":4,"number":3065,"kind":"junction_candidate"},"geometry":{"type":"Point","coordinates":[77.7696505943832,13.0217623589306]}},{"type":"Feature","id":"kml_n_77.7696511307332_13.0224319361625","properties":{"id":"kml_n_77.7696511307332_13.0224319361625","degree":4,"number":3066,"kind":"junction_candidate"},"geometry":{"type":"Point","coordinates":[77.7696511307332,13.0224319361625]}},{"type":"Feature","id":"kml_n_77.7696543051124_13.023442483754","properties":{"id":"kml_n_77.7696543051124_13.023442483754","degree":4,"number":3067,"kind":"junction_candidate"},"geometry":{"type":"Point","coordinates":[77.7696543051124,13.023442483754]}},{"type":"Feature","id":"kml_n_77.7696595013004_13.0223561931797","properties":{"id":"kml_n_77.7696595013004_13.0223561931797","degree":4,"number":3068,"kind":"junction_candidate"},"geometry":{"type":"Point","coordinates":[77.7696595013004,13.0223561931797]}},{"type":"Feature","id":"kml_n_77.769660065832_13.0235463060722","properties":{"id":"kml_n_77.769660065832_13.0235463060722","degree":4,"number":3069,"kind":"junction_candidate"},"geometry":{"type":"Point","coordinates":[77.769660065832,13.0235463060722]}},{"type":"Feature","id":"kml_n_77.7696691678987_13.0236399267675","properties":{"id":"kml_n_77.7696691678987_13.0236399267675","degree":4,"number":3070,"kind":"junction_candidate"},"geometry":{"type":"Point","coordinates":[77.7696691678987,13.0236399267675]}},{"type":"Feature","id":"kml_n_77.7696768431156_13.0222589023884","properties":{"id":"kml_n_77.7696768431156_13.0222589023884","degree":4,"number":3071,"kind":"junction_candidate"},"geometry":{"type":"Point","coordinates":[77.7696768431156,13.0222589023884]}},{"type":"Feature","id":"kml_n_77.7696805770626_13.0219731873867","properties":{"id":"kml_n_77.7696805770626_13.0219731873867","degree":4,"number":3072,"kind":"junction_candidate"},"geometry":{"type":"Point","coordinates":[77.7696805770626,13.0219731873867]}},{"type":"Feature","id":"kml_n_77.7696817099483_13.0237323824479","properties":{"id":"kml_n_77.7696817099483_13.0237323824479","degree":4,"number":3073,"kind":"junction_candidate"},"geometry":{"type":"Point","coordinates":[77.7696817099483,13.0237323824479]}},{"type":"Feature","id":"kml_n_77.7696930338236_13.0220577418052","properties":{"id":"kml_n_77.7696930338236_13.0220577418052","degree":4,"number":3074,"kind":"junction_candidate"},"geometry":{"type":"Point","coordinates":[77.7696930338236,13.0220577418052]}},{"type":"Feature","id":"kml_n_77.7696950377017_13.0221864427345","properties":{"id":"kml_n_77.7696950377017_13.0221864427345","degree":4,"number":3075,"kind":"junction_candidate"},"geometry":{"type":"Point","coordinates":[77.7696950377017,13.0221864427345]}},{"type":"Feature","id":"kml_n_77.7696979801467_13.0221401145977","properties":{"id":"kml_n_77.7696979801467_13.0221401145977","degree":4,"number":3076,"kind":"junction_candidate"},"geometry":{"type":"Point","coordinates":[77.7696979801467,13.0221401145977]}},{"type":"Feature","id":"kml_n_77.7697014396599_13.0238496015387","properties":{"id":"kml_n_77.7697014396599_13.0238496015387","degree":4,"number":3077,"kind":"junction_candidate"},"geometry":{"type":"Point","coordinates":[77.7697014396599,13.0238496015387]}},{"type":"Feature","id":"kml_n_77.7697185015231_13.0239341048919","properties":{"id":"kml_n_77.7697185015231_13.0239341048919","degree":4,"number":3078,"kind":"junction_candidate"},"geometry":{"type":"Point","coordinates":[77.7697185015231,13.0239341048919]}},{"type":"Feature","id":"kml_n_77.7697357009032_13.0008755835015","properties":{"id":"kml_n_77.7697357009032_13.0008755835015","degree":3,"number":3079,"kind":"junction_candidate"},"geometry":{"type":"Point","coordinates":[77.7697357009032,13.0008755835015]}},{"type":"Feature","id":"kml_n_77.7697680721044_13.0241977944834","properties":{"id":"kml_n_77.7697680721044_13.0241977944834","degree":4,"number":3080,"kind":"junction_candidate"},"geometry":{"type":"Point","coordinates":[77.7697680721044,13.0241977944834]}},{"type":"Feature","id":"kml_n_77.7697923431593_13.0243093210903","properties":{"id":"kml_n_77.7697923431593_13.0243093210903","degree":4,"number":3081,"kind":"junction_candidate"},"geometry":{"type":"Point","coordinates":[77.7697923431593,13.0243093210903]}},{"type":"Feature","id":"kml_n_77.7698248287036_13.0244862483652","properties":{"id":"kml_n_77.7698248287036_13.0244862483652","degree":4,"number":3082,"kind":"junction_candidate"},"geometry":{"type":"Point","coordinates":[77.7698248287036,13.0244862483652]}},{"type":"Feature","id":"kml_n_77.7698345569474_13.0245324401323","properties":{"id":"kml_n_77.7698345569474_13.0245324401323","degree":4,"number":3083,"kind":"junction_candidate"},"geometry":{"type":"Point","coordinates":[77.7698345569474,13.0245324401323]}},{"type":"Feature","id":"kml_n_77.7698383861102_13.0245662725848","properties":{"id":"kml_n_77.7698383861102_13.0245662725848","degree":4,"number":3084,"kind":"junction_candidate"},"geometry":{"type":"Point","coordinates":[77.7698383861102,13.0245662725848]}},{"type":"Feature","id":"kml_n_77.7698414037747_13.024578660897","properties":{"id":"kml_n_77.7698414037747_13.024578660897","degree":4,"number":3085,"kind":"junction_candidate"},"geometry":{"type":"Point","coordinates":[77.7698414037747,13.024578660897]}},{"type":"Feature","id":"kml_n_77.7698616215807_13.0246879734326","properties":{"id":"kml_n_77.7698616215807_13.0246879734326","degree":4,"number":3086,"kind":"junction_candidate"},"geometry":{"type":"Point","coordinates":[77.7698616215807,13.0246879734326]}},{"type":"Feature","id":"kml_n_77.769871422375_13.0247409356645","properties":{"id":"kml_n_77.769871422375_13.0247409356645","degree":4,"number":3087,"kind":"junction_candidate"},"geometry":{"type":"Point","coordinates":[77.769871422375,13.0247409356645]}},{"type":"Feature","id":"kml_n_77.7699250486733_13.0250068409795","properties":{"id":"kml_n_77.7699250486733_13.0250068409795","degree":4,"number":3088,"kind":"junction_candidate"},"geometry":{"type":"Point","coordinates":[77.7699250486733,13.0250068409795]}},{"type":"Feature","id":"kml_n_77.7699445885492_13.0251071257901","properties":{"id":"kml_n_77.7699445885492_13.0251071257901","degree":4,"number":3089,"kind":"junction_candidate"},"geometry":{"type":"Point","coordinates":[77.7699445885492,13.0251071257901]}},{"type":"Feature","id":"kml_n_77.7699690895512_13.0252389744572","properties":{"id":"kml_n_77.7699690895512_13.0252389744572","degree":4,"number":3090,"kind":"junction_candidate"},"geometry":{"type":"Point","coordinates":[77.7699690895512,13.0252389744572]}},{"type":"Feature","id":"kml_n_77.7699823661312_13.0319296029476","properties":{"id":"kml_n_77.7699823661312_13.0319296029476","degree":4,"number":3091,"kind":"junction_candidate"},"geometry":{"type":"Point","coordinates":[77.7699823661312,13.0319296029476]}},{"type":"Feature","id":"kml_n_77.7699827178961_13.0319612151748","properties":{"id":"kml_n_77.7699827178961_13.0319612151748","degree":4,"number":3092,"kind":"junction_candidate"},"geometry":{"type":"Point","coordinates":[77.7699827178961,13.0319612151748]}},{"type":"Feature","id":"kml_n_77.7699859817433_13.0318923007614","properties":{"id":"kml_n_77.7699859817433_13.0318923007614","degree":4,"number":3093,"kind":"junction_candidate"},"geometry":{"type":"Point","coordinates":[77.7699859817433,13.0318923007614]}},{"type":"Feature","id":"kml_n_77.7699860093585_13.0319984416675","properties":{"id":"kml_n_77.7699860093585_13.0319984416675","degree":4,"number":3094,"kind":"junction_candidate"},"geometry":{"type":"Point","coordinates":[77.7699860093585,13.0319984416675]}},{"type":"Feature","id":"kml_n_77.7699913865025_13.0318606269556","properties":{"id":"kml_n_77.7699913865025_13.0318606269556","degree":4,"number":3095,"kind":"junction_candidate"},"geometry":{"type":"Point","coordinates":[77.7699913865025,13.0318606269556]}},{"type":"Feature","id":"kml_n_77.7699922470721_13.0253538976269","properties":{"id":"kml_n_77.7699922470721_13.0253538976269","degree":4,"number":3096,"kind":"junction_candidate"},"geometry":{"type":"Point","coordinates":[77.7699922470721,13.0253538976269]}},{"type":"Feature","id":"kml_n_77.7700059269806_13.0320806569059","properties":{"id":"kml_n_77.7700059269806_13.0320806569059","degree":4,"number":3097,"kind":"junction_candidate"},"geometry":{"type":"Point","coordinates":[77.7700059269806,13.0320806569059]}},{"type":"Feature","id":"kml_n_77.7700065296742_13.032082906937","properties":{"id":"kml_n_77.7700065296742_13.032082906937","degree":4,"number":3098,"kind":"junction_candidate"},"geometry":{"type":"Point","coordinates":[77.7700065296742,13.032082906937]}},{"type":"Feature","id":"kml_n_77.770013537805_13.0317813518303","properties":{"id":"kml_n_77.770013537805_13.0317813518303","degree":4,"number":3099,"kind":"junction_candidate"},"geometry":{"type":"Point","coordinates":[77.770013537805,13.0317813518303]}},{"type":"Feature","id":"kml_n_77.7700508181409_13.0323325752428","properties":{"id":"kml_n_77.7700508181409_13.0323325752428","degree":4,"number":3100,"kind":"junction_candidate"},"geometry":{"type":"Point","coordinates":[77.7700508181409,13.0323325752428]}},{"type":"Feature","id":"kml_n_77.7700586143213_13.0316408550649","properties":{"id":"kml_n_77.7700586143213_13.0316408550649","degree":4,"number":3101,"kind":"junction_candidate"},"geometry":{"type":"Point","coordinates":[77.7700586143213,13.0316408550649]}},{"type":"Feature","id":"kml_n_77.7700655065633_13.0324153739425","properties":{"id":"kml_n_77.7700655065633_13.0324153739425","degree":4,"number":3102,"kind":"junction_candidate"},"geometry":{"type":"Point","coordinates":[77.7700655065633,13.0324153739425]}},{"type":"Feature","id":"kml_n_77.7700693229905_13.025760694973","properties":{"id":"kml_n_77.7700693229905_13.025760694973","degree":4,"number":3103,"kind":"junction_candidate"},"geometry":{"type":"Point","coordinates":[77.7700693229905,13.025760694973]}},{"type":"Feature","id":"kml_n_77.7700786867129_13.0335997023609","properties":{"id":"kml_n_77.7700786867129_13.0335997023609","degree":4,"number":3104,"kind":"junction_candidate"},"geometry":{"type":"Point","coordinates":[77.7700786867129,13.0335997023609]}},{"type":"Feature","id":"kml_n_77.7700810839136_13.0335048305662","properties":{"id":"kml_n_77.7700810839136_13.0335048305662","degree":4,"number":3105,"kind":"junction_candidate"},"geometry":{"type":"Point","coordinates":[77.7700810839136,13.0335048305662]}},{"type":"Feature","id":"kml_n_77.7700836480588_13.0325450321423","properties":{"id":"kml_n_77.7700836480588_13.0325450321423","degree":4,"number":3106,"kind":"junction_candidate"},"geometry":{"type":"Point","coordinates":[77.7700836480588,13.0325450321423]}},{"type":"Feature","id":"kml_n_77.7700841471321_13.0336764256169","properties":{"id":"kml_n_77.7700841471321_13.0336764256169","degree":4,"number":3107,"kind":"junction_candidate"},"geometry":{"type":"Point","coordinates":[77.7700841471321,13.0336764256169]}},{"type":"Feature","id":"kml_n_77.7700881535727_13.0334155508801","properties":{"id":"kml_n_77.7700881535727_13.0334155508801","degree":5,"number":3108,"kind":"junction_candidate"},"geometry":{"type":"Point","coordinates":[77.7700881535727,13.0334155508801]}},{"type":"Feature","id":"kml_n_77.770089933327_13.0337825021825","properties":{"id":"kml_n_77.770089933327_13.0337825021825","degree":4,"number":3109,"kind":"junction_candidate"},"geometry":{"type":"Point","coordinates":[77.770089933327,13.0337825021825]}},{"type":"Feature","id":"kml_n_77.7700922192621_13.0333669542628","properties":{"id":"kml_n_77.7700922192621_13.0333669542628","degree":4,"number":3110,"kind":"junction_candidate"},"geometry":{"type":"Point","coordinates":[77.7700922192621,13.0333669542628]}},{"type":"Feature","id":"kml_n_77.7700947411183_13.0326104028212","properties":{"id":"kml_n_77.7700947411183_13.0326104028212","degree":4,"number":3111,"kind":"junction_candidate"},"geometry":{"type":"Point","coordinates":[77.7700947411183,13.0326104028212]}},{"type":"Feature","id":"kml_n_77.7700949823819_13.0315456198648","properties":{"id":"kml_n_77.7700949823819_13.0315456198648","degree":4,"number":3112,"kind":"junction_candidate"},"geometry":{"type":"Point","coordinates":[77.7700949823819,13.0315456198648]}},{"type":"Feature","id":"kml_n_77.7700972633589_13.0339235683489","properties":{"id":"kml_n_77.7700972633589_13.0339235683489","degree":4,"number":3113,"kind":"junction_candidate"},"geometry":{"type":"Point","coordinates":[77.7700972633589,13.0339235683489]}},{"type":"Feature","id":"kml_n_77.7701024431887_13.033302483768","properties":{"id":"kml_n_77.7701024431887_13.033302483768","degree":4,"number":3114,"kind":"junction_candidate"},"geometry":{"type":"Point","coordinates":[77.7701024431887,13.033302483768]}},{"type":"Feature","id":"kml_n_77.770103952482_13.0326622430176","properties":{"id":"kml_n_77.770103952482_13.0326622430176","degree":4,"number":3115,"kind":"junction_candidate"},"geometry":{"type":"Point","coordinates":[77.770103952482,13.0326622430176]}},{"type":"Feature","id":"kml_n_77.7701047130957_13.0340239823038","properties":{"id":"kml_n_77.7701047130957_13.0340239823038","degree":4,"number":3116,"kind":"junction_candidate"},"geometry":{"type":"Point","coordinates":[77.7701047130957,13.0340239823038]}},{"type":"Feature","id":"kml_n_77.7701166386789_13.0327671193408","properties":{"id":"kml_n_77.7701166386789_13.0327671193408","degree":4,"number":3117,"kind":"junction_candidate"},"geometry":{"type":"Point","coordinates":[77.7701166386789,13.0327671193408]}},{"type":"Feature","id":"kml_n_77.770116968397_13.0331589291007","properties":{"id":"kml_n_77.770116968397_13.0331589291007","degree":4,"number":3118,"kind":"junction_candidate"},"geometry":{"type":"Point","coordinates":[77.770116968397,13.0331589291007]}},{"type":"Feature","id":"kml_n_77.7701233455341_13.0330594936411","properties":{"id":"kml_n_77.7701233455341_13.0330594936411","degree":4,"number":3119,"kind":"junction_candidate"},"geometry":{"type":"Point","coordinates":[77.7701233455341,13.0330594936411]}},{"type":"Feature","id":"kml_n_77.7701245258274_13.0328551080619","properties":{"id":"kml_n_77.7701245258274_13.0328551080619","degree":4,"number":3120,"kind":"junction_candidate"},"geometry":{"type":"Point","coordinates":[77.7701245258274,13.0328551080619]}},{"type":"Feature","id":"kml_n_77.7701263571386_13.0314673716028","properties":{"id":"kml_n_77.7701263571386_13.0314673716028","degree":4,"number":3121,"kind":"junction_candidate"},"geometry":{"type":"Point","coordinates":[77.7701263571386,13.0314673716028]}},{"type":"Feature","id":"kml_n_77.7701298632902_13.0344211712753","properties":{"id":"kml_n_77.7701298632902_13.0344211712753","degree":4,"number":3122,"kind":"junction_candidate"},"geometry":{"type":"Point","coordinates":[77.7701298632902,13.0344211712753]}},{"type":"Feature","id":"kml_n_77.7701372027738_13.0345114250242","properties":{"id":"kml_n_77.7701372027738_13.0345114250242","degree":4,"number":3123,"kind":"junction_candidate"},"geometry":{"type":"Point","coordinates":[77.7701372027738,13.0345114250242]}},{"type":"Feature","id":"kml_n_77.7701579915813_13.0347754200485","properties":{"id":"kml_n_77.7701579915813_13.0347754200485","degree":4,"number":3124,"kind":"junction_candidate"},"geometry":{"type":"Point","coordinates":[77.7701579915813,13.0347754200485]}},{"type":"Feature","id":"kml_n_77.7701721717318_13.0313415476","properties":{"id":"kml_n_77.7701721717318_13.0313415476","degree":4,"number":3125,"kind":"junction_candidate"},"geometry":{"type":"Point","coordinates":[77.7701721717318,13.0313415476]}},{"type":"Feature","id":"kml_n_77.7701818841082_13.0262517984793","properties":{"id":"kml_n_77.7701818841082_13.0262517984793","degree":4,"number":3126,"kind":"junction_candidate"},"geometry":{"type":"Point","coordinates":[77.7701818841082,13.0262517984793]}},{"type":"Feature","id":"kml_n_77.7701948755215_13.0350369881633","properties":{"id":"kml_n_77.7701948755215_13.0350369881633","degree":4,"number":3127,"kind":"junction_candidate"},"geometry":{"type":"Point","coordinates":[77.7701948755215,13.0350369881633]}},{"type":"Feature","id":"kml_n_77.770195028922_13.0350381057275","properties":{"id":"kml_n_77.770195028922_13.0350381057275","degree":4,"number":3128,"kind":"junction_candidate"},"geometry":{"type":"Point","coordinates":[77.770195028922,13.0350381057275]}},{"type":"Feature","id":"kml_n_77.770211939067_13.026365519587","properties":{"id":"kml_n_77.770211939067_13.026365519587","degree":4,"number":3129,"kind":"junction_candidate"},"geometry":{"type":"Point","coordinates":[77.770211939067,13.026365519587]}},{"type":"Feature","id":"kml_n_77.7702218870731_13.0492864979125","properties":{"id":"kml_n_77.7702218870731_13.0492864979125","degree":4,"number":3130,"kind":"junction_candidate"},"geometry":{"type":"Point","coordinates":[77.7702218870731,13.0492864979125]}},{"type":"Feature","id":"kml_n_77.7702224348269_13.0352365496074","properties":{"id":"kml_n_77.7702224348269_13.0352365496074","degree":4,"number":3131,"kind":"junction_candidate"},"geometry":{"type":"Point","coordinates":[77.7702224348269,13.0352365496074]}},{"type":"Feature","id":"kml_n_77.7702225459307_13.0491905138582","properties":{"id":"kml_n_77.7702225459307_13.0491905138582","degree":4,"number":3132,"kind":"junction_candidate"},"geometry":{"type":"Point","coordinates":[77.7702225459307,13.0491905138582]}},{"type":"Feature","id":"kml_n_77.7702228558562_13.0493734323063","properties":{"id":"kml_n_77.7702228558562_13.0493734323063","degree":4,"number":3133,"kind":"junction_candidate"},"geometry":{"type":"Point","coordinates":[77.7702228558562,13.0493734323063]}},{"type":"Feature","id":"kml_n_77.7702252089254_13.0491193485385","properties":{"id":"kml_n_77.7702252089254_13.0491193485385","degree":4,"number":3134,"kind":"junction_candidate"},"geometry":{"type":"Point","coordinates":[77.7702252089254,13.0491193485385]}},{"type":"Feature","id":"kml_n_77.7702277858958_13.0490922215483","properties":{"id":"kml_n_77.7702277858958_13.0490922215483","degree":4,"number":3135,"kind":"junction_candidate"},"geometry":{"type":"Point","coordinates":[77.7702277858958,13.0490922215483]}},{"type":"Feature","id":"kml_n_77.7702331581069_13.0311816852181","properties":{"id":"kml_n_77.7702331581069_13.0311816852181","degree":4,"number":3136,"kind":"junction_candidate"},"geometry":{"type":"Point","coordinates":[77.7702331581069,13.0311816852181]}},{"type":"Feature","id":"kml_n_77.7702334251673_13.0494433249394","properties":{"id":"kml_n_77.7702334251673_13.0494433249394","degree":4,"number":3137,"kind":"junction_candidate"},"geometry":{"type":"Point","coordinates":[77.7702334251673,13.0494433249394]}},{"type":"Feature","id":"kml_n_77.7702448009735_13.0489655763906","properties":{"id":"kml_n_77.7702448009735_13.0489655763906","degree":4,"number":3138,"kind":"junction_candidate"},"geometry":{"type":"Point","coordinates":[77.7702448009735,13.0489655763906]}},{"type":"Feature","id":"kml_n_77.7702477997744_13.0264836951685","properties":{"id":"kml_n_77.7702477997744_13.0264836951685","degree":4,"number":3139,"kind":"junction_candidate"},"geometry":{"type":"Point","coordinates":[77.7702477997744,13.0264836951685]}},{"type":"Feature","id":"kml_n_77.7702646484923_13.0488863230161","properties":{"id":"kml_n_77.7702646484923_13.0488863230161","degree":4,"number":3140,"kind":"junction_candidate"},"geometry":{"type":"Point","coordinates":[77.7702646484923,13.0488863230161]}},{"type":"Feature","id":"kml_n_77.7702760966712_13.0310558919814","properties":{"id":"kml_n_77.7702760966712_13.0310558919814","degree":4,"number":3141,"kind":"junction_candidate"},"geometry":{"type":"Point","coordinates":[77.7702760966712,13.0310558919814]}},{"type":"Feature","id":"kml_n_77.7702829367324_13.0357575657952","properties":{"id":"kml_n_77.7702829367324_13.0357575657952","degree":4,"number":3142,"kind":"junction_candidate"},"geometry":{"type":"Point","coordinates":[77.7702829367324,13.0357575657952]}},{"type":"Feature","id":"kml_n_77.7702842872844_13.0265544409487","properties":{"id":"kml_n_77.7702842872844_13.0265544409487","degree":4,"number":3143,"kind":"junction_candidate"},"geometry":{"type":"Point","coordinates":[77.7702842872844,13.0265544409487]}},{"type":"Feature","id":"kml_n_77.7703012452635_13.0496898812651","properties":{"id":"kml_n_77.7703012452635_13.0496898812651","degree":4,"number":3144,"kind":"junction_candidate"},"geometry":{"type":"Point","coordinates":[77.7703012452635,13.0496898812651]}},{"type":"Feature","id":"kml_n_77.7703118664629_13.0487311258214","properties":{"id":"kml_n_77.7703118664629_13.0487311258214","degree":4,"number":3145,"kind":"junction_candidate"},"geometry":{"type":"Point","coordinates":[77.7703118664629,13.0487311258214]}},{"type":"Feature","id":"kml_n_77.7703126057231_13.0265945352094","properties":{"id":"kml_n_77.7703126057231_13.0265945352094","degree":4,"number":3146,"kind":"junction_candidate"},"geometry":{"type":"Point","coordinates":[77.7703126057231,13.0265945352094]}},{"type":"Feature","id":"kml_n_77.7703145413978_13.0309403072927","properties":{"id":"kml_n_77.7703145413978_13.0309403072927","degree":4,"number":3147,"kind":"junction_candidate"},"geometry":{"type":"Point","coordinates":[77.7703145413978,13.0309403072927]}},{"type":"Feature","id":"kml_n_77.7703249230883_13.0361669950062","properties":{"id":"kml_n_77.7703249230883_13.0361669950062","degree":4,"number":3148,"kind":"junction_candidate"},"geometry":{"type":"Point","coordinates":[77.7703249230883,13.0361669950062]}},{"type":"Feature","id":"kml_n_77.7703281185769_13.026618333326","properties":{"id":"kml_n_77.7703281185769_13.026618333326","degree":4,"number":3149,"kind":"junction_candidate"},"geometry":{"type":"Point","coordinates":[77.7703281185769,13.026618333326]}},{"type":"Feature","id":"kml_n_77.770334039012_13.0266273031501","properties":{"id":"kml_n_77.770334039012_13.0266273031501","degree":4,"number":3150,"kind":"junction_candidate"},"geometry":{"type":"Point","coordinates":[77.770334039012,13.0266273031501]}},{"type":"Feature","id":"kml_n_77.7703447739812_13.0498237818572","properties":{"id":"kml_n_77.7703447739812_13.0498237818572","degree":4,"number":3151,"kind":"junction_candidate"},"geometry":{"type":"Point","coordinates":[77.7703447739812,13.0498237818572]}},{"type":"Feature","id":"kml_n_77.7703558309869_13.0485940288306","properties":{"id":"kml_n_77.7703558309869_13.0485940288306","degree":4,"number":3152,"kind":"junction_candidate"},"geometry":{"type":"Point","coordinates":[77.7703558309869,13.0485940288306]}},{"type":"Feature","id":"kml_n_77.77036257684_13.0365493702348","properties":{"id":"kml_n_77.77036257684_13.0365493702348","degree":4,"number":3153,"kind":"junction_candidate"},"geometry":{"type":"Point","coordinates":[77.77036257684,13.0365493702348]}},{"type":"Feature","id":"kml_n_77.7703878497011_13.0267023802114","properties":{"id":"kml_n_77.7703878497011_13.0267023802114","degree":4,"number":3154,"kind":"junction_candidate"},"geometry":{"type":"Point","coordinates":[77.7703878497011,13.0267023802114]}},{"type":"Feature","id":"kml_n_77.7703879879872_13.0307103056964","properties":{"id":"kml_n_77.7703879879872_13.0307103056964","degree":4,"number":3155,"kind":"junction_candidate"},"geometry":{"type":"Point","coordinates":[77.7703879879872,13.0307103056964]}},{"type":"Feature","id":"kml_n_77.7703931443385_13.026712486772","properties":{"id":"kml_n_77.7703931443385_13.026712486772","degree":4,"number":3156,"kind":"junction_candidate"},"geometry":{"type":"Point","coordinates":[77.7703931443385,13.026712486772]}},{"type":"Feature","id":"kml_n_77.7704007544654_13.026723697711","properties":{"id":"kml_n_77.7704007544654_13.026723697711","degree":4,"number":3157,"kind":"junction_candidate"},"geometry":{"type":"Point","coordinates":[77.7704007544654,13.026723697711]}},{"type":"Feature","id":"kml_n_77.7704054508183_13.0484478390387","properties":{"id":"kml_n_77.7704054508183_13.0484478390387","degree":4,"number":3158,"kind":"junction_candidate"},"geometry":{"type":"Point","coordinates":[77.7704054508183,13.0484478390387]}},{"type":"Feature","id":"kml_n_77.7704189543092_13.0267560720507","properties":{"id":"kml_n_77.7704189543092_13.0267560720507","degree":5,"number":3159,"kind":"junction_candidate"},"geometry":{"type":"Point","coordinates":[77.7704189543092,13.0267560720507]}},{"type":"Feature","id":"kml_n_77.7704215799222_13.0369803455392","properties":{"id":"kml_n_77.7704215799222_13.0369803455392","degree":4,"number":3160,"kind":"junction_candidate"},"geometry":{"type":"Point","coordinates":[77.7704215799222,13.0369803455392]}},{"type":"Feature","id":"kml_n_77.7704246296952_13.0370026238364","properties":{"id":"kml_n_77.7704246296952_13.0370026238364","degree":4,"number":3161,"kind":"junction_candidate"},"geometry":{"type":"Point","coordinates":[77.7704246296952,13.0370026238364]}},{"type":"Feature","id":"kml_n_77.7704257447652_13.0305845678951","properties":{"id":"kml_n_77.7704257447652_13.0305845678951","degree":4,"number":3162,"kind":"junction_candidate"},"geometry":{"type":"Point","coordinates":[77.7704257447652,13.0305845678951]}},{"type":"Feature","id":"kml_n_77.7704326366659_13.0501119007059","properties":{"id":"kml_n_77.7704326366659_13.0501119007059","degree":4,"number":3163,"kind":"junction_candidate"},"geometry":{"type":"Point","coordinates":[77.7704326366659,13.0501119007059]}},{"type":"Feature","id":"kml_n_77.7704348251634_13.0267843061162","properties":{"id":"kml_n_77.7704348251634_13.0267843061162","degree":4,"number":3164,"kind":"junction_candidate"},"geometry":{"type":"Point","coordinates":[77.7704348251634,13.0267843061162]}},{"type":"Feature","id":"kml_n_77.7704408842979_13.0267939004495","properties":{"id":"kml_n_77.7704408842979_13.0267939004495","degree":4,"number":3165,"kind":"junction_candidate"},"geometry":{"type":"Point","coordinates":[77.7704408842979,13.0267939004495]}},{"type":"Feature","id":"kml_n_77.7704501899412_13.0372072687208","properties":{"id":"kml_n_77.7704501899412_13.0372072687208","degree":4,"number":3166,"kind":"junction_candidate"},"geometry":{"type":"Point","coordinates":[77.7704501899412,13.0372072687208]}},{"type":"Feature","id":"kml_n_77.7704518132649_13.0372202563493","properties":{"id":"kml_n_77.7704518132649_13.0372202563493","degree":4,"number":3167,"kind":"junction_candidate"},"geometry":{"type":"Point","coordinates":[77.7704518132649,13.0372202563493]}},{"type":"Feature","id":"kml_n_77.7704554028498_13.026822477782","properties":{"id":"kml_n_77.7704554028498_13.026822477782","degree":4,"number":3168,"kind":"junction_candidate"},"geometry":{"type":"Point","coordinates":[77.7704554028498,13.026822477782]}},{"type":"Feature","id":"kml_n_77.7704606840019_13.0268314544386","properties":{"id":"kml_n_77.7704606840019_13.0268314544386","degree":4,"number":3169,"kind":"junction_candidate"},"geometry":{"type":"Point","coordinates":[77.7704606840019,13.0268314544386]}},{"type":"Feature","id":"kml_n_77.7704639893019_13.030450919978","properties":{"id":"kml_n_77.7704639893019_13.030450919978","degree":4,"number":3170,"kind":"junction_candidate"},"geometry":{"type":"Point","coordinates":[77.7704639893019,13.030450919978]}},{"type":"Feature","id":"kml_n_77.7704777960556_13.0374333860362","properties":{"id":"kml_n_77.7704777960556_13.0374333860362","degree":4,"number":3171,"kind":"junction_candidate"},"geometry":{"type":"Point","coordinates":[77.7704777960556,13.0374333860362]}},{"type":"Feature","id":"kml_n_77.7704893244458_13.03748633411","properties":{"id":"kml_n_77.7704893244458_13.03748633411","degree":4,"number":3172,"kind":"junction_candidate"},"geometry":{"type":"Point","coordinates":[77.7704893244458,13.03748633411]}},{"type":"Feature","id":"kml_n_77.7704953179155_13.026890928567","properties":{"id":"kml_n_77.7704953179155_13.026890928567","degree":4,"number":3173,"kind":"junction_candidate"},"geometry":{"type":"Point","coordinates":[77.7704953179155,13.026890928567]}},{"type":"Feature","id":"kml_n_77.770534182543_13.0376879694225","properties":{"id":"kml_n_77.770534182543_13.0376879694225","degree":4,"number":3174,"kind":"junction_candidate"},"geometry":{"type":"Point","coordinates":[77.770534182543,13.0376879694225]}},{"type":"Feature","id":"kml_n_77.770539349131_13.0480613676979","properties":{"id":"kml_n_77.770539349131_13.0480613676979","degree":4,"number":3175,"kind":"junction_candidate"},"geometry":{"type":"Point","coordinates":[77.770539349131,13.0480613676979]}},{"type":"Feature","id":"kml_n_77.7705520461827_13.027021300536","properties":{"id":"kml_n_77.7705520461827_13.027021300536","degree":4,"number":3176,"kind":"junction_candidate"},"geometry":{"type":"Point","coordinates":[77.7705520461827,13.027021300536]}},{"type":"Feature","id":"kml_n_77.7705564903447_13.0377780601673","properties":{"id":"kml_n_77.7705564903447_13.0377780601673","degree":4,"number":3177,"kind":"junction_candidate"},"geometry":{"type":"Point","coordinates":[77.7705564903447,13.0377780601673]}},{"type":"Feature","id":"kml_n_77.7705598855653_13.0479922701202","properties":{"id":"kml_n_77.7705598855653_13.0479922701202","degree":4,"number":3178,"kind":"junction_candidate"},"geometry":{"type":"Point","coordinates":[77.7705598855653,13.0479922701202]}},{"type":"Feature","id":"kml_n_77.770579307733_13.0301030405592","properties":{"id":"kml_n_77.770579307733_13.0301030405592","degree":4,"number":3179,"kind":"junction_candidate"},"geometry":{"type":"Point","coordinates":[77.770579307733,13.0301030405592]}},{"type":"Feature","id":"kml_n_77.7705887453659_13.030071323615","properties":{"id":"kml_n_77.7705887453659_13.030071323615","degree":4,"number":3180,"kind":"junction_candidate"},"geometry":{"type":"Point","coordinates":[77.7705887453659,13.030071323615]}},{"type":"Feature","id":"kml_n_77.7705895785516_13.0379052998942","properties":{"id":"kml_n_77.7705895785516_13.0379052998942","degree":4,"number":3181,"kind":"junction_candidate"},"geometry":{"type":"Point","coordinates":[77.7705895785516,13.0379052998942]}},{"type":"Feature","id":"kml_n_77.7705899859091_13.0271191319286","properties":{"id":"kml_n_77.7705899859091_13.0271191319286","degree":4,"number":3182,"kind":"junction_candidate"},"geometry":{"type":"Point","coordinates":[77.7705899859091,13.0271191319286]}},{"type":"Feature","id":"kml_n_77.7705936009114_12.9708432933001","properties":{"id":"kml_n_77.7705936009114_12.9708432933001","degree":3,"number":3183,"kind":"junction_candidate"},"geometry":{"type":"Point","coordinates":[77.7705936009114,12.9708432933001]}},{"type":"Feature","id":"kml_n_77.7705976421553_13.0300429971732","properties":{"id":"kml_n_77.7705976421553_13.0300429971732","degree":4,"number":3184,"kind":"junction_candidate"},"geometry":{"type":"Point","coordinates":[77.7705976421553,13.0300429971732]}},{"type":"Feature","id":"kml_n_77.770598222027_13.0271348518278","properties":{"id":"kml_n_77.770598222027_13.0271348518278","degree":4,"number":3185,"kind":"junction_candidate"},"geometry":{"type":"Point","coordinates":[77.770598222027,13.0271348518278]}},{"type":"Feature","id":"kml_n_77.7706057629887_13.0478201492732","properties":{"id":"kml_n_77.7706057629887_13.0478201492732","degree":4,"number":3186,"kind":"junction_candidate"},"geometry":{"type":"Point","coordinates":[77.7706057629887,13.0478201492732]}},{"type":"Feature","id":"kml_n_77.7706103807029_13.0299976961135","properties":{"id":"kml_n_77.7706103807029_13.0299976961135","degree":4,"number":3187,"kind":"junction_candidate"},"geometry":{"type":"Point","coordinates":[77.7706103807029,13.0299976961135]}},{"type":"Feature","id":"kml_n_77.7706137231568_13.0271629723969","properties":{"id":"kml_n_77.7706137231568_13.0271629723969","degree":4,"number":3188,"kind":"junction_candidate"},"geometry":{"type":"Point","coordinates":[77.7706137231568,13.0271629723969]}},{"type":"Feature","id":"kml_n_77.7706175646962_13.0299705189444","properties":{"id":"kml_n_77.7706175646962_13.0299705189444","degree":4,"number":3189,"kind":"junction_candidate"},"geometry":{"type":"Point","coordinates":[77.7706175646962,13.0299705189444]}},{"type":"Feature","id":"kml_n_77.7706297661125_13.0299286110575","properties":{"id":"kml_n_77.7706297661125_13.0299286110575","degree":4,"number":3190,"kind":"junction_candidate"},"geometry":{"type":"Point","coordinates":[77.7706297661125,13.0299286110575]}},{"type":"Feature","id":"kml_n_77.7706375016559_13.0298991715104","properties":{"id":"kml_n_77.7706375016559_13.0298991715104","degree":4,"number":3191,"kind":"junction_candidate"},"geometry":{"type":"Point","coordinates":[77.7706375016559,13.0298991715104]}},{"type":"Feature","id":"kml_n_77.7706473844333_13.0381064569093","properties":{"id":"kml_n_77.7706473844333_13.0381064569093","degree":4,"number":3192,"kind":"junction_candidate"},"geometry":{"type":"Point","coordinates":[77.7706473844333,13.0381064569093]}},{"type":"Feature","id":"kml_n_77.7706481391253_13.027222391007","properties":{"id":"kml_n_77.7706481391253_13.027222391007","degree":4,"number":3193,"kind":"junction_candidate"},"geometry":{"type":"Point","coordinates":[77.7706481391253,13.027222391007]}},{"type":"Feature","id":"kml_n_77.7706487005042_13.0298708231509","properties":{"id":"kml_n_77.7706487005042_13.0298708231509","degree":4,"number":3194,"kind":"junction_candidate"},"geometry":{"type":"Point","coordinates":[77.7706487005042,13.0298708231509]}},{"type":"Feature","id":"kml_n_77.7706590812084_13.038152261564","properties":{"id":"kml_n_77.7706590812084_13.038152261564","degree":4,"number":3195,"kind":"junction_candidate"},"geometry":{"type":"Point","coordinates":[77.7706590812084,13.038152261564]}},{"type":"Feature","id":"kml_n_77.770659694694_13.0381556433247","properties":{"id":"kml_n_77.770659694694_13.0381556433247","degree":4,"number":3196,"kind":"junction_candidate"},"geometry":{"type":"Point","coordinates":[77.770659694694,13.0381556433247]}},{"type":"Feature","id":"kml_n_77.7706636542234_13.0475891853165","properties":{"id":"kml_n_77.7706636542234_13.0475891853165","degree":4,"number":3197,"kind":"junction_candidate"},"geometry":{"type":"Point","coordinates":[77.7706636542234,13.0475891853165]}},{"type":"Feature","id":"kml_n_77.7706699989685_13.0382018269192","properties":{"id":"kml_n_77.7706699989685_13.0382018269192","degree":4,"number":3198,"kind":"junction_candidate"},"geometry":{"type":"Point","coordinates":[77.7706699989685,13.0382018269192]}},{"type":"Feature","id":"kml_n_77.7706717471872_13.0272740772245","properties":{"id":"kml_n_77.7706717471872_13.0272740772245","degree":4,"number":3199,"kind":"junction_candidate"},"geometry":{"type":"Point","coordinates":[77.7706717471872,13.0272740772245]}},{"type":"Feature","id":"kml_n_77.7706804245879_13.029772249303","properties":{"id":"kml_n_77.7706804245879_13.029772249303","degree":4,"number":3200,"kind":"junction_candidate"},"geometry":{"type":"Point","coordinates":[77.7706804245879,13.029772249303]}},{"type":"Feature","id":"kml_n_77.7706881582616_13.0297428079695","properties":{"id":"kml_n_77.7706881582616_13.0297428079695","degree":4,"number":3201,"kind":"junction_candidate"},"geometry":{"type":"Point","coordinates":[77.7706881582616,13.0297428079695]}},{"type":"Feature","id":"kml_n_77.7706935142287_13.0474782060434","properties":{"id":"kml_n_77.7706935142287_13.0474782060434","degree":4,"number":3202,"kind":"junction_candidate"},"geometry":{"type":"Point","coordinates":[77.7706935142287,13.0474782060434]}},{"type":"Feature","id":"kml_n_77.7706936159784_13.029715651979","properties":{"id":"kml_n_77.7706936159784_13.029715651979","degree":4,"number":3203,"kind":"junction_candidate"},"geometry":{"type":"Point","coordinates":[77.7706936159784,13.029715651979]}},{"type":"Feature","id":"kml_n_77.7707024876127_13.0296850666195","properties":{"id":"kml_n_77.7707024876127_13.0296850666195","degree":4,"number":3204,"kind":"junction_candidate"},"geometry":{"type":"Point","coordinates":[77.7707024876127,13.0296850666195]}},{"type":"Feature","id":"kml_n_77.7707438723147_13.0295231592739","properties":{"id":"kml_n_77.7707438723147_13.0295231592739","degree":4,"number":3205,"kind":"junction_candidate"},"geometry":{"type":"Point","coordinates":[77.7707438723147,13.0295231592739]}},{"type":"Feature","id":"kml_n_77.77076628551_13.0472364317396","properties":{"id":"kml_n_77.77076628551_13.0472364317396","degree":4,"number":3206,"kind":"junction_candidate"},"geometry":{"type":"Point","coordinates":[77.77076628551,13.0472364317396]}},{"type":"Feature","id":"kml_n_77.7707681978891_13.0385914577319","properties":{"id":"kml_n_77.7707681978891_13.0385914577319","degree":4,"number":3207,"kind":"junction_candidate"},"geometry":{"type":"Point","coordinates":[77.7707681978891,13.0385914577319]}},{"type":"Feature","id":"kml_n_77.7707736294485_13.0294031491601","properties":{"id":"kml_n_77.7707736294485_13.0294031491601","degree":4,"number":3208,"kind":"junction_candidate"},"geometry":{"type":"Point","coordinates":[77.7707736294485,13.0294031491601]}},{"type":"Feature","id":"kml_n_77.7707838331327_13.038651137553","properties":{"id":"kml_n_77.7707838331327_13.038651137553","degree":4,"number":3209,"kind":"junction_candidate"},"geometry":{"type":"Point","coordinates":[77.7707838331327,13.038651137553]}},{"type":"Feature","id":"kml_n_77.7707937236521_13.0293266475459","properties":{"id":"kml_n_77.7707937236521_13.0293266475459","degree":4,"number":3210,"kind":"junction_candidate"},"geometry":{"type":"Point","coordinates":[77.7707937236521,13.0293266475459]}},{"type":"Feature","id":"kml_n_77.7707951271704_13.0275471399145","properties":{"id":"kml_n_77.7707951271704_13.0275471399145","degree":4,"number":3211,"kind":"junction_candidate"},"geometry":{"type":"Point","coordinates":[77.7707951271704,13.0275471399145]}},{"type":"Feature","id":"kml_n_77.7708034033763_13.0471273891101","properties":{"id":"kml_n_77.7708034033763_13.0471273891101","degree":4,"number":3212,"kind":"junction_candidate"},"geometry":{"type":"Point","coordinates":[77.7708034033763,13.0471273891101]}},{"type":"Feature","id":"kml_n_77.7708140400915_12.9721265722189","properties":{"id":"kml_n_77.7708140400915_12.9721265722189","degree":1,"number":3213,"kind":"endpoint"},"geometry":{"type":"Point","coordinates":[77.7708140400915,12.9721265722189]}},{"type":"Feature","id":"kml_n_77.7708205830863_12.9721221340655","properties":{"id":"kml_n_77.7708205830863_12.9721221340655","degree":1,"number":3214,"kind":"endpoint"},"geometry":{"type":"Point","coordinates":[77.7708205830863,12.9721221340655]}},{"type":"Feature","id":"kml_n_77.7708336365282_13.0388832074904","properties":{"id":"kml_n_77.7708336365282_13.0388832074904","degree":4,"number":3215,"kind":"junction_candidate"},"geometry":{"type":"Point","coordinates":[77.7708336365282,13.0388832074904]}},{"type":"Feature","id":"kml_n_77.7708467107959_13.0433138137638","properties":{"id":"kml_n_77.7708467107959_13.0433138137638","degree":4,"number":3216,"kind":"junction_candidate"},"geometry":{"type":"Point","coordinates":[77.7708467107959,13.0433138137638]}},{"type":"Feature","id":"kml_n_77.7708477861622_13.0276741705685","properties":{"id":"kml_n_77.7708477861622_13.0276741705685","degree":4,"number":3217,"kind":"junction_candidate"},"geometry":{"type":"Point","coordinates":[77.7708477861622,13.0276741705685]}},{"type":"Feature","id":"kml_n_77.7708491793383_13.0433804093561","properties":{"id":"kml_n_77.7708491793383_13.0433804093561","degree":4,"number":3218,"kind":"junction_candidate"},"geometry":{"type":"Point","coordinates":[77.7708491793383,13.0433804093561]}},{"type":"Feature","id":"kml_n_77.770851105853_13.029154087006","properties":{"id":"kml_n_77.770851105853_13.029154087006","degree":4,"number":3219,"kind":"junction_candidate"},"geometry":{"type":"Point","coordinates":[77.770851105853,13.029154087006]}},{"type":"Feature","id":"kml_n_77.7708538515546_13.0432313127088","properties":{"id":"kml_n_77.7708538515546_13.0432313127088","degree":4,"number":3220,"kind":"junction_candidate"},"geometry":{"type":"Point","coordinates":[77.7708538515546,13.0432313127088]}},{"type":"Feature","id":"kml_n_77.7708552687537_13.0434616413901","properties":{"id":"kml_n_77.7708552687537_13.0434616413901","degree":4,"number":3221,"kind":"junction_candidate"},"geometry":{"type":"Point","coordinates":[77.7708552687537,13.0434616413901]}},{"type":"Feature","id":"kml_n_77.770857412149_13.0469100155398","properties":{"id":"kml_n_77.770857412149_13.0469100155398","degree":4,"number":3222,"kind":"junction_candidate"},"geometry":{"type":"Point","coordinates":[77.770857412149,13.0469100155398]}},{"type":"Feature","id":"kml_n_77.7708598215889_13.0291241482813","properties":{"id":"kml_n_77.7708598215889_13.0291241482813","degree":4,"number":3223,"kind":"junction_candidate"},"geometry":{"type":"Point","coordinates":[77.7708598215889,13.0291241482813]}},{"type":"Feature","id":"kml_n_77.7708633591685_13.027728200989","properties":{"id":"kml_n_77.7708633591685_13.027728200989","degree":4,"number":3224,"kind":"junction_candidate"},"geometry":{"type":"Point","coordinates":[77.7708633591685,13.027728200989]}},{"type":"Feature","id":"kml_n_77.7708655266399_13.0431419837325","properties":{"id":"kml_n_77.7708655266399_13.0431419837325","degree":4,"number":3225,"kind":"junction_candidate"},"geometry":{"type":"Point","coordinates":[77.7708655266399,13.0431419837325]}},{"type":"Feature","id":"kml_n_77.7708679432971_13.0290945591709","properties":{"id":"kml_n_77.7708679432971_13.0290945591709","degree":4,"number":3226,"kind":"junction_candidate"},"geometry":{"type":"Point","coordinates":[77.7708679432971,13.0290945591709]}},{"type":"Feature","id":"kml_n_77.7708842393941_13.0391355933805","properties":{"id":"kml_n_77.7708842393941_13.0391355933805","degree":4,"number":3227,"kind":"junction_candidate"},"geometry":{"type":"Point","coordinates":[77.7708842393941,13.0391355933805]}},{"type":"Feature","id":"kml_n_77.7708869982605_13.0468017518534","properties":{"id":"kml_n_77.7708869982605_13.0468017518534","degree":4,"number":3228,"kind":"junction_candidate"},"geometry":{"type":"Point","coordinates":[77.7708869982605,13.0468017518534]}},{"type":"Feature","id":"kml_n_77.7708884658246_13.0437537342746","properties":{"id":"kml_n_77.7708884658246_13.0437537342746","degree":4,"number":3229,"kind":"junction_candidate"},"geometry":{"type":"Point","coordinates":[77.7708884658246,13.0437537342746]}},{"type":"Feature","id":"kml_n_77.7708934190891_13.0279458038271","properties":{"id":"kml_n_77.7708934190891_13.0279458038271","degree":4,"number":3230,"kind":"junction_candidate"},"geometry":{"type":"Point","coordinates":[77.7708934190891,13.0279458038271]}},{"type":"Feature","id":"kml_n_77.7708939307083_13.0467763857435","properties":{"id":"kml_n_77.7708939307083_13.0467763857435","degree":4,"number":3231,"kind":"junction_candidate"},"geometry":{"type":"Point","coordinates":[77.7708939307083,13.0467763857435]}},{"type":"Feature","id":"kml_n_77.7708959043002_13.0438010767225","properties":{"id":"kml_n_77.7708959043002_13.0438010767225","degree":4,"number":3232,"kind":"junction_candidate"},"geometry":{"type":"Point","coordinates":[77.7708959043002,13.0438010767225]}},{"type":"Feature","id":"kml_n_77.7708994484935_13.0467548711561","properties":{"id":"kml_n_77.7708994484935_13.0467548711561","degree":4,"number":3233,"kind":"junction_candidate"},"geometry":{"type":"Point","coordinates":[77.7708994484935,13.0467548711561]}},{"type":"Feature","id":"kml_n_77.7709007505032_13.0429440077441","properties":{"id":"kml_n_77.7709007505032_13.0429440077441","degree":4,"number":3234,"kind":"junction_candidate"},"geometry":{"type":"Point","coordinates":[77.7709007505032,13.0429440077441]}},{"type":"Feature","id":"kml_n_77.770903451414_13.0429281708459","properties":{"id":"kml_n_77.770903451414_13.0429281708459","degree":4,"number":3235,"kind":"junction_candidate"},"geometry":{"type":"Point","coordinates":[77.770903451414,13.0429281708459]}},{"type":"Feature","id":"kml_n_77.7709034640123_13.0429293016586","properties":{"id":"kml_n_77.7709034640123_13.0429293016586","degree":4,"number":3236,"kind":"junction_candidate"},"geometry":{"type":"Point","coordinates":[77.7709034640123,13.0429293016586]}},{"type":"Feature","id":"kml_n_77.7709067155968_13.0280540592133","properties":{"id":"kml_n_77.7709067155968_13.0280540592133","degree":4,"number":3237,"kind":"junction_candidate"},"geometry":{"type":"Point","coordinates":[77.7709067155968,13.0280540592133]}},{"type":"Feature","id":"kml_n_77.7709099825208_13.0289686292274","properties":{"id":"kml_n_77.7709099825208_13.0289686292274","degree":4,"number":3238,"kind":"junction_candidate"},"geometry":{"type":"Point","coordinates":[77.7709099825208,13.0289686292274]}},{"type":"Feature","id":"kml_n_77.7709169504523_13.0439329608065","properties":{"id":"kml_n_77.7709169504523_13.0439329608065","degree":4,"number":3239,"kind":"junction_candidate"},"geometry":{"type":"Point","coordinates":[77.7709169504523,13.0439329608065]}},{"type":"Feature","id":"kml_n_77.770919534095_13.0393057140212","properties":{"id":"kml_n_77.770919534095_13.0393057140212","degree":4,"number":3240,"kind":"junction_candidate"},"geometry":{"type":"Point","coordinates":[77.770919534095,13.0393057140212]}},{"type":"Feature","id":"kml_n_77.7709202737938_13.0281340850544","properties":{"id":"kml_n_77.7709202737938_13.0281340850544","degree":4,"number":3241,"kind":"junction_candidate"},"geometry":{"type":"Point","coordinates":[77.7709202737938,13.0281340850544]}},{"type":"Feature","id":"kml_n_77.7709225493775_13.043970164298","properties":{"id":"kml_n_77.7709225493775_13.043970164298","degree":4,"number":3242,"kind":"junction_candidate"},"geometry":{"type":"Point","coordinates":[77.7709225493775,13.043970164298]}},{"type":"Feature","id":"kml_n_77.7709340335635_13.0465512571558","properties":{"id":"kml_n_77.7709340335635_13.0465512571558","degree":4,"number":3243,"kind":"junction_candidate"},"geometry":{"type":"Point","coordinates":[77.7709340335635,13.0465512571558]}},{"type":"Feature","id":"kml_n_77.7709408300589_13.0394082396695","properties":{"id":"kml_n_77.7709408300589_13.0394082396695","degree":4,"number":3244,"kind":"junction_candidate"},"geometry":{"type":"Point","coordinates":[77.7709408300589,13.0394082396695]}},{"type":"Feature","id":"kml_n_77.770944396737_13.0440704238478","properties":{"id":"kml_n_77.770944396737_13.0440704238478","degree":4,"number":3245,"kind":"junction_candidate"},"geometry":{"type":"Point","coordinates":[77.770944396737,13.0440704238478]}},{"type":"Feature","id":"kml_n_77.7709488768327_13.0282726626111","properties":{"id":"kml_n_77.7709488768327_13.0282726626111","degree":4,"number":3246,"kind":"junction_candidate"},"geometry":{"type":"Point","coordinates":[77.7709488768327,13.0282726626111]}},{"type":"Feature","id":"kml_n_77.7709532511181_13.0441934062716","properties":{"id":"kml_n_77.7709532511181_13.0441934062716","degree":4,"number":3247,"kind":"junction_candidate"},"geometry":{"type":"Point","coordinates":[77.7709532511181,13.0441934062716]}},{"type":"Feature","id":"kml_n_77.7709631113297_12.995507628931","properties":{"id":"kml_n_77.7709631113297_12.995507628931","degree":3,"number":3248,"kind":"junction_candidate"},"geometry":{"type":"Point","coordinates":[77.7709631113297,12.995507628931]}},{"type":"Feature","id":"kml_n_77.7709669422768_13.0283436061858","properties":{"id":"kml_n_77.7709669422768_13.0283436061858","degree":4,"number":3249,"kind":"junction_candidate"},"geometry":{"type":"Point","coordinates":[77.7709669422768,13.0283436061858]}},{"type":"Feature","id":"kml_n_77.7709675604932_13.0426350358777","properties":{"id":"kml_n_77.7709675604932_13.0426350358777","degree":4,"number":3250,"kind":"junction_candidate"},"geometry":{"type":"Point","coordinates":[77.7709675604932,13.0426350358777]}},{"type":"Feature","id":"kml_n_77.7709676356019_13.039543274366","properties":{"id":"kml_n_77.7709676356019_13.039543274366","degree":4,"number":3251,"kind":"junction_candidate"},"geometry":{"type":"Point","coordinates":[77.7709676356019,13.039543274366]}},{"type":"Feature","id":"kml_n_77.770968274778_13.0287737940818","properties":{"id":"kml_n_77.770968274778_13.0287737940818","degree":4,"number":3252,"kind":"junction_candidate"},"geometry":{"type":"Point","coordinates":[77.770968274778,13.0287737940818]}},{"type":"Feature","id":"kml_n_77.7709683266621_12.9743457787241","properties":{"id":"kml_n_77.7709683266621_12.9743457787241","degree":3,"number":3253,"kind":"junction_candidate"},"geometry":{"type":"Point","coordinates":[77.7709683266621,12.9743457787241]}},{"type":"Feature","id":"kml_n_77.77097055816_13.0283582445398","properties":{"id":"kml_n_77.77097055816_13.0283582445398","degree":4,"number":3254,"kind":"junction_candidate"},"geometry":{"type":"Point","coordinates":[77.77097055816,13.0283582445398]}},{"type":"Feature","id":"kml_n_77.770971728356_13.0395638902151","properties":{"id":"kml_n_77.770971728356_13.0395638902151","degree":4,"number":3255,"kind":"junction_candidate"},"geometry":{"type":"Point","coordinates":[77.770971728356,13.0395638902151]}},{"type":"Feature","id":"kml_n_77.7709769092475_13.0425954158271","properties":{"id":"kml_n_77.7709769092475_13.0425954158271","degree":5,"number":3256,"kind":"junction_candidate"},"geometry":{"type":"Point","coordinates":[77.7709769092475,13.0425954158271]}},{"type":"Feature","id":"kml_n_77.7709789855803_13.0283908994949","properties":{"id":"kml_n_77.7709789855803_13.0283908994949","degree":4,"number":3257,"kind":"junction_candidate"},"geometry":{"type":"Point","coordinates":[77.7709789855803,13.0283908994949]}},{"type":"Feature","id":"kml_n_77.7709792306163_13.0287352878527","properties":{"id":"kml_n_77.7709792306163_13.0287352878527","degree":4,"number":3258,"kind":"junction_candidate"},"geometry":{"type":"Point","coordinates":[77.7709792306163,13.0287352878527]}},{"type":"Feature","id":"kml_n_77.7709800727294_13.0425694126106","properties":{"id":"kml_n_77.7709800727294_13.0425694126106","degree":4,"number":3259,"kind":"junction_candidate"},"geometry":{"type":"Point","coordinates":[77.7709800727294,13.0425694126106]}},{"type":"Feature","id":"kml_n_77.7709894064941_13.0463011239036","properties":{"id":"kml_n_77.7709894064941_13.0463011239036","degree":4,"number":3260,"kind":"junction_candidate"},"geometry":{"type":"Point","coordinates":[77.7709894064941,13.0463011239036]}},{"type":"Feature","id":"kml_n_77.7709945552209_13.0424523896218","properties":{"id":"kml_n_77.7709945552209_13.0424523896218","degree":4,"number":3261,"kind":"junction_candidate"},"geometry":{"type":"Point","coordinates":[77.7709945552209,13.0424523896218]}},{"type":"Feature","id":"kml_n_77.7709961501167_13.0424359376697","properties":{"id":"kml_n_77.7709961501167_13.0424359376697","degree":4,"number":3262,"kind":"junction_candidate"},"geometry":{"type":"Point","coordinates":[77.7709961501167,13.0424359376697]}},{"type":"Feature","id":"kml_n_77.7709972116188_13.0284765201897","properties":{"id":"kml_n_77.7709972116188_13.0284765201897","degree":4,"number":3263,"kind":"junction_candidate"},"geometry":{"type":"Point","coordinates":[77.7709972116188,13.0284765201897]}},{"type":"Feature","id":"kml_n_77.7710027576055_13.0285092059695","properties":{"id":"kml_n_77.7710027576055_13.0285092059695","degree":4,"number":3264,"kind":"junction_candidate"},"geometry":{"type":"Point","coordinates":[77.7710027576055,13.0285092059695]}},{"type":"Feature","id":"kml_n_77.7710041565787_13.0423534887748","properties":{"id":"kml_n_77.7710041565787_13.0423534887748","degree":4,"number":3265,"kind":"junction_candidate"},"geometry":{"type":"Point","coordinates":[77.7710041565787,13.0423534887748]}},{"type":"Feature","id":"kml_n_77.7710059378283_13.02853627135","properties":{"id":"kml_n_77.7710059378283_13.02853627135","degree":4,"number":3266,"kind":"junction_candidate"},"geometry":{"type":"Point","coordinates":[77.7710059378283,13.02853627135]}},{"type":"Feature","id":"kml_n_77.7710084282861_13.0285531791232","properties":{"id":"kml_n_77.7710084282861_13.0285531791232","degree":4,"number":3267,"kind":"junction_candidate"},"geometry":{"type":"Point","coordinates":[77.7710084282861,13.0285531791232]}},{"type":"Feature","id":"kml_n_77.7710137809207_13.0285683246231","properties":{"id":"kml_n_77.7710137809207_13.0285683246231","degree":4,"number":3268,"kind":"junction_candidate"},"geometry":{"type":"Point","coordinates":[77.7710137809207,13.0285683246231]}},{"type":"Feature","id":"kml_n_77.7710143420998_13.0285699906524","properties":{"id":"kml_n_77.7710143420998_13.0285699906524","degree":4,"number":3269,"kind":"junction_candidate"},"geometry":{"type":"Point","coordinates":[77.7710143420998,13.0285699906524]}},{"type":"Feature","id":"kml_n_77.7710181561496_13.0422144554213","properties":{"id":"kml_n_77.7710181561496_13.0422144554213","degree":4,"number":3270,"kind":"junction_candidate"},"geometry":{"type":"Point","coordinates":[77.7710181561496,13.0422144554213]}},{"type":"Feature","id":"kml_n_77.7710185795701_13.0446816227224","properties":{"id":"kml_n_77.7710185795701_13.0446816227224","degree":4,"number":3271,"kind":"junction_candidate"},"geometry":{"type":"Point","coordinates":[77.7710185795701,13.0446816227224]}},{"type":"Feature","id":"kml_n_77.7710264055179_13.0421235416923","properties":{"id":"kml_n_77.7710264055179_13.0421235416923","degree":4,"number":3272,"kind":"junction_candidate"},"geometry":{"type":"Point","coordinates":[77.7710264055179,13.0421235416923]}},{"type":"Feature","id":"kml_n_77.7710268741536_13.0421183850812","properties":{"id":"kml_n_77.7710268741536_13.0421183850812","degree":4,"number":3273,"kind":"junction_candidate"},"geometry":{"type":"Point","coordinates":[77.7710268741536,13.0421183850812]}},{"type":"Feature","id":"kml_n_77.7710322980426_13.0398656907147","properties":{"id":"kml_n_77.7710322980426_13.0398656907147","degree":4,"number":3274,"kind":"junction_candidate"},"geometry":{"type":"Point","coordinates":[77.7710322980426,13.0398656907147]}},{"type":"Feature","id":"kml_n_77.7710375125134_13.0448304683155","properties":{"id":"kml_n_77.7710375125134_13.0448304683155","degree":4,"number":3275,"kind":"junction_candidate"},"geometry":{"type":"Point","coordinates":[77.7710375125134,13.0448304683155]}},{"type":"Feature","id":"kml_n_77.7710404865288_13.0460273228826","properties":{"id":"kml_n_77.7710404865288_13.0460273228826","degree":4,"number":3276,"kind":"junction_candidate"},"geometry":{"type":"Point","coordinates":[77.7710404865288,13.0460273228826]}},{"type":"Feature","id":"kml_n_77.7710435988052_13.0419138314699","properties":{"id":"kml_n_77.7710435988052_13.0419138314699","degree":4,"number":3277,"kind":"junction_candidate"},"geometry":{"type":"Point","coordinates":[77.7710435988052,13.0419138314699]}},{"type":"Feature","id":"kml_n_77.7710465628642_13.0418697623286","properties":{"id":"kml_n_77.7710465628642_13.0418697623286","degree":4,"number":3278,"kind":"junction_candidate"},"geometry":{"type":"Point","coordinates":[77.7710465628642,13.0418697623286]}},{"type":"Feature","id":"kml_n_77.7710506533322_13.0418234255529","properties":{"id":"kml_n_77.7710506533322_13.0418234255529","degree":4,"number":3279,"kind":"junction_candidate"},"geometry":{"type":"Point","coordinates":[77.7710506533322,13.0418234255529]}},{"type":"Feature","id":"kml_n_77.7710589287441_13.0399817070965","properties":{"id":"kml_n_77.7710589287441_13.0399817070965","degree":4,"number":3280,"kind":"junction_candidate"},"geometry":{"type":"Point","coordinates":[77.7710589287441,13.0399817070965]}},{"type":"Feature","id":"kml_n_77.7710594937757_13.0459243692833","properties":{"id":"kml_n_77.7710594937757_13.0459243692833","degree":4,"number":3281,"kind":"junction_candidate"},"geometry":{"type":"Point","coordinates":[77.7710594937757,13.0459243692833]}},{"type":"Feature","id":"kml_n_77.7710636881676_13.0417013369383","properties":{"id":"kml_n_77.7710636881676_13.0417013369383","degree":4,"number":3282,"kind":"junction_candidate"},"geometry":{"type":"Point","coordinates":[77.7710636881676,13.0417013369383]}},{"type":"Feature","id":"kml_n_77.7710713197326_13.0450220583109","properties":{"id":"kml_n_77.7710713197326_13.0450220583109","degree":4,"number":3283,"kind":"junction_candidate"},"geometry":{"type":"Point","coordinates":[77.7710713197326,13.0450220583109]}},{"type":"Feature","id":"kml_n_77.7710972636322_13.0451798610094","properties":{"id":"kml_n_77.7710972636322_13.0451798610094","degree":4,"number":3284,"kind":"junction_candidate"},"geometry":{"type":"Point","coordinates":[77.7710972636322,13.0451798610094]}},{"type":"Feature","id":"kml_n_77.7711066803568_13.0402103183693","properties":{"id":"kml_n_77.7711066803568_13.0402103183693","degree":4,"number":3285,"kind":"junction_candidate"},"geometry":{"type":"Point","coordinates":[77.7711066803568,13.0402103183693]}},{"type":"Feature","id":"kml_n_77.7711104872259_13.0452813420205","properties":{"id":"kml_n_77.7711104872259_13.0452813420205","degree":4,"number":3286,"kind":"junction_candidate"},"geometry":{"type":"Point","coordinates":[77.7711104872259,13.0452813420205]}},{"type":"Feature","id":"kml_n_77.7711112977435_13.0456641111075","properties":{"id":"kml_n_77.7711112977435_13.0456641111075","degree":4,"number":3287,"kind":"junction_candidate"},"geometry":{"type":"Point","coordinates":[77.7711112977435,13.0456641111075]}},{"type":"Feature","id":"kml_n_77.7711124371661_13.0402363191062","properties":{"id":"kml_n_77.7711124371661_13.0402363191062","degree":4,"number":3288,"kind":"junction_candidate"},"geometry":{"type":"Point","coordinates":[77.7711124371661,13.0402363191062]}},{"type":"Feature","id":"kml_n_77.7711206965351_13.0454223743354","properties":{"id":"kml_n_77.7711206965351_13.0454223743354","degree":4,"number":3289,"kind":"junction_candidate"},"geometry":{"type":"Point","coordinates":[77.7711206965351,13.0454223743354]}},{"type":"Feature","id":"kml_n_77.7711270012722_13.0455747407819","properties":{"id":"kml_n_77.7711270012722_13.0455747407819","degree":4,"number":3290,"kind":"junction_candidate"},"geometry":{"type":"Point","coordinates":[77.7711270012722,13.0455747407819]}},{"type":"Feature","id":"kml_n_77.7711405204253_13.0403794192909","properties":{"id":"kml_n_77.7711405204253_13.0403794192909","degree":4,"number":3291,"kind":"junction_candidate"},"geometry":{"type":"Point","coordinates":[77.7711405204253,13.0403794192909]}},{"type":"Feature","id":"kml_n_77.7711409218202_13.0413459605135","properties":{"id":"kml_n_77.7711409218202_13.0413459605135","degree":4,"number":3292,"kind":"junction_candidate"},"geometry":{"type":"Point","coordinates":[77.7711409218202,13.0413459605135]}},{"type":"Feature","id":"kml_n_77.771172006176_13.0405179673697","properties":{"id":"kml_n_77.771172006176_13.0405179673697","degree":4,"number":3293,"kind":"junction_candidate"},"geometry":{"type":"Point","coordinates":[77.771172006176,13.0405179673697]}},{"type":"Feature","id":"kml_n_77.7711941279165_13.0411082711534","properties":{"id":"kml_n_77.7711941279165_13.0411082711534","degree":4,"number":3294,"kind":"junction_candidate"},"geometry":{"type":"Point","coordinates":[77.7711941279165,13.0411082711534]}},{"type":"Feature","id":"kml_n_77.7711946938777_13.041107136855","properties":{"id":"kml_n_77.7711946938777_13.041107136855","degree":4,"number":3295,"kind":"junction_candidate"},"geometry":{"type":"Point","coordinates":[77.7711946938777,13.041107136855]}},{"type":"Feature","id":"kml_n_77.7712024796999_13.0406689450193","properties":{"id":"kml_n_77.7712024796999_13.0406689450193","degree":4,"number":3296,"kind":"junction_candidate"},"geometry":{"type":"Point","coordinates":[77.7712024796999,13.0406689450193]}},{"type":"Feature","id":"kml_n_77.7712214599112_13.0409769972165","properties":{"id":"kml_n_77.7712214599112_13.0409769972165","degree":4,"number":3297,"kind":"junction_candidate"},"geometry":{"type":"Point","coordinates":[77.7712214599112,13.0409769972165]}},{"type":"Feature","id":"kml_n_77.7712221232603_13.040778263132","properties":{"id":"kml_n_77.7712221232603_13.040778263132","degree":4,"number":3298,"kind":"junction_candidate"},"geometry":{"type":"Point","coordinates":[77.7712221232603,13.040778263132]}},{"type":"Feature","id":"kml_n_77.7712306810169_13.0409260889377","properties":{"id":"kml_n_77.7712306810169_13.0409260889377","degree":4,"number":3299,"kind":"junction_candidate"},"geometry":{"type":"Point","coordinates":[77.7712306810169,13.0409260889377]}},{"type":"Feature","id":"kml_n_77.7712307373631_13.0408278521788","properties":{"id":"kml_n_77.7712307373631_13.0408278521788","degree":4,"number":3300,"kind":"junction_candidate"},"geometry":{"type":"Point","coordinates":[77.7712307373631,13.0408278521788]}},{"type":"Feature","id":"kml_n_77.7712313401353_13.0408301049087","properties":{"id":"kml_n_77.7712313401353_13.0408301049087","degree":4,"number":3301,"kind":"junction_candidate"},"geometry":{"type":"Point","coordinates":[77.7712313401353,13.0408301049087]}},{"type":"Feature","id":"kml_n_77.7712339944143_13.0408616897177","properties":{"id":"kml_n_77.7712339944143_13.0408616897177","degree":4,"number":3302,"kind":"junction_candidate"},"geometry":{"type":"Point","coordinates":[77.7712339944143,13.0408616897177]}},{"type":"Feature","id":"kml_n_77.7712449370132_12.975922831835","properties":{"id":"kml_n_77.7712449370132_12.975922831835","degree":1,"number":3303,"kind":"endpoint"},"geometry":{"type":"Point","coordinates":[77.7712449370132,12.975922831835]}},{"type":"Feature","id":"kml_n_77.7713504731998_12.9752540822324","properties":{"id":"kml_n_77.7713504731998_12.9752540822324","degree":3,"number":3304,"kind":"junction_candidate"},"geometry":{"type":"Point","coordinates":[77.7713504731998,12.9752540822324]}},{"type":"Feature","id":"kml_n_77.7713544040344_12.9752766539471","properties":{"id":"kml_n_77.7713544040344_12.9752766539471","degree":1,"number":3305,"kind":"endpoint"},"geometry":{"type":"Point","coordinates":[77.7713544040344,12.9752766539471]}},{"type":"Feature","id":"kml_n_77.7724239759756_12.9839975265558","properties":{"id":"kml_n_77.7724239759756_12.9839975265558","degree":1,"number":3306,"kind":"endpoint"},"geometry":{"type":"Point","coordinates":[77.7724239759756,12.9839975265558]}},{"type":"Feature","id":"kml_n_77.772560518616_12.9840139823335","properties":{"id":"kml_n_77.772560518616_12.9840139823335","degree":3,"number":3307,"kind":"junction_candidate"},"geometry":{"type":"Point","coordinates":[77.772560518616,12.9840139823335]}},{"type":"Feature","id":"kml_n_77.7729470776808_12.974225588935","properties":{"id":"kml_n_77.7729470776808_12.974225588935","degree":3,"number":3308,"kind":"junction_candidate"},"geometry":{"type":"Point","coordinates":[77.7729470776808,12.974225588935]}},{"type":"Feature","id":"kml_n_77.7871309133115_12.9895057126839","properties":{"id":"kml_n_77.7871309133115_12.9895057126839","degree":1,"number":3309,"kind":"endpoint"},"geometry":{"type":"Point","coordinates":[77.7871309133115,12.9895057126839]}}]}